blind_id,bengali_context,bengali_question,bengali_answer,banglish_context,banglish_question,banglish_answer,meaning_preserved,naturalness_1to5
conversion-0001,"জৈনধর্মের উৎসটি স্পষ্ট নয়।[11][12] পাশ্চাত্য গবেষক হেলমুথ ফন গ্ল্যাসেন্যাপ লিখেছেন, খ্রিস্টপূর্ব ১ম সহস্রাব্দের ১ম শতাব্দীটিই জৈনধর্মের উৎসকালের সর্বাধিক সময়সীমা বলে ধরা যেতে পারে। তিনি প্রথম বাইশ জন তীর্থঙ্করকে পৌরাণিক চরিত্র বলে উল্লেখ করেছেন।[13][14]",জৈনধর্মের উদ্ভব কবে হয় ?,খ্রিস্টপূর্ব ১ম সহস্রাব্দের ১ম শতাব্দী,"Jain dhormer utshoti sposto noy.[11][12] Pashchatto gobeshok Helmuth von Glasenapp likhechen, Khristopurbo 1m sohosrabder 1m shotabditai Jain dhormer utshokaler sorbadhik shomoysima bole dhora jete pare. Tini prothom baish jon Tirthankarke pouranik choritro bole ullekh korechen.[13][14]",Jain dhormer udbhob kobe hoy?,Khristopurbo 1m shohosrabder 1m shotabdi,,
conversion-0002,"১৯৮৫ সালে মার্কিন যুক্তরাষ্ট্রের টেলিকম নিয়ন্ত্রক ফেডারেল কমিউনিকেশন কমিশন (এফসিসি) কর্তৃক বেনামে বর্ণমালার কয়েকটি ব্যান্ড খোলার জন্য অনুমতি দেয় যা ওয়াই-ফাই নামে পরিচিত । যেখানে সরকারি লাইসেন্সের প্রয়োজন ছাড়াই ব্যবহার করতে অনুমতি দেয়া হয়েছিল । ঐ সময় এই পদক্ষেপ সম্পর্কে খুব কম লোকই জানত ; এছাড়া হ্যাম-রেডিও চ্যানেলটি ছিল লাইসেন্সহীন একটি বর্ণালী। কিন্তু এফসিসির কর্মচারী, মাইকেল মার্কাস ছিল স্বপ্নদর্শী প্রকৌশলী যিনি শিল্প, বৈজ্ঞানিক ও চিকিৎসা ব্যান্ড থেকে তিন ভাগের এক ভাগ স্পেকট্রাম গ্রহণ করেন এবং যোগাযোগ উদ্যোক্তাদের কাছে তাদেরকে ব্যবহারের জন্য উন্মুক্ত করে দিয়েছিলেন।",ওয়াই-ফাই শব্দটির ব্যবহার প্রথম কবে থেকে শুরু হয় ?,১৯৮৫ সালে,"1985 sale Markin Juktorashtrer telecom niyontronk Federal Communication Commission (FCC) kortik bename bornomalar koyekti band kholar jonno onumoti deya hoy, ja Wi-Fi name porichito. Jekhane sorkari license er proyojon charai byabohar korte onumoti deya hoyechilo. Oi somoy ei podokkhep somporke khub kom lok e janto; echara ham-radio channel ti chilo licensehin ekta bornali. Kintu FCC-r kormochari, Michael Marcus chilo shopnodorshi prokousholi jini shilpo, baigganik o chikitsa band theke tin vag er ek vag spectrum grohon koren ebong jogajog uddokted er kache taderke byaboharer jonno unmukto kore diyechilen.",Wi-Fi shobdotir byabohar prothom kobe theke shuru hoy?,1985 shale,,
conversion-0003,সত্যেন সেন ১৯০৭ সালের মার্চ ২৮ তারিখে বিক্রমপুর (বর্তমান মুন্সীগঞ্জ জেলার) টঙ্গীবাড়ী উপজেলার সোনারং গ্রামের সেন পরিবারে জন্মগ্রহণ করেন। ছোটবেলায় ডাক নাম ছিল লস্কর। তার পিতার নাম ধরনীমোহন সেন এবং মাতার নাম মৃণালিনী সেন। চার সন্তানের মধ্যে সত্যেন ছিলেন সর্বকনিষ্ঠ। সোনারং গ্রামের সেন পরিবার ছিল শিক্ষা ও সংস্কৃতি চর্চার এক অনন্য উদাহরণ। সত্যেনের কাকা ক্ষিতিমোহন সেন ছিলেন বিশ্বভারতীর উপাচার্য। তার আরেক কাকা মনোমোহন সেন ছিলেন শিশুসাহিত্যিক। সত্যেন সেনের পরিবারেই তার পড়াশোনার হাতেখড়ি হয়। প্রাইমারি পঞ্চম শ্রেণি পর্যন্ত পড়াশোনা পরিবার ও গৃহশিক্ষকের কাছেই সম্পন্ন করেছিলেন। ১৯১৯ সালে সোনারং হাইস্কুলে তার প্রাতিষ্ঠানিক শিক্ষাজীবন শুরু হয়। ১৯২১ সালে তিনি যখন সোনারং হাইস্কুলের অষ্টম শ্রেণির ছাত্র তখন থেকেই তার মধ্যে রাজনৈতিক চেতনার বিকাশ লাভ করে। ১৯২৪ সালে সোনারঙ হাই স্কুল থেকে এন্ট্রান্স পাস করে কলকাতায় কলেজে ভর্তি হন এবং সেখানকার একটি কলেজ থেকে এফএ ও বিএ পাস করেন। এরপর তিনি কলকাতা ইউনিভার্সিটিতে ইতিহাস বিভাগে এমএ শ্রেণীতে ভর্তি হন। কিন্তু বিপ্লবী রাজনীতির সঙ্গে যুক্ত হওয়ার কারণে ১৯৩১ সালে কারাবরণ করলে জেলে থেকেই তিনি বাংলা সাহিত্যে এমএ পাস করেন।,প্রগতি লেখক ও শিল্পী সংঘ উদীচী সাংস্কৃতিক সংগঠনের প্রতিষ্ঠাতা সত্যেন সেনের জন্ম কোথায় হয় ?,বিক্রমপুর (বর্তমান মুন্সীগঞ্জ জেলার) টঙ্গীবাড়ী উপজেলার সোনারং গ্রামের সেন পরিবারে,Satyen Sen 1907 saler March 28 tarikh e Bikrampur (bortoman Munshiganj jeler) Tongibari upojelar Sonarang gramer Sen poribare jonmogrohon koren. Chotobelay dak nam chilo Loskor. Tar pitar nam Dharonimohon Sen ebong matar nam Mrinalini Sen. Char shontaner moddhe Satyen chilen shorbokonishtho. Sonarang gramer Sen poribar chilo shikkha o shongskriti chorchar ek ononno udahoron. Satyener kaka Khitimohon Sen chilen Vishvabharatir upacharya. Tar arek kaka Monomohon Sen chilen shishusahityik. Satyen Sener poribarei tar porashonar hatekhori hoy. Primary ponchom shreni porjonto porashona poribar o grihoshikkh,Progoti lekhok o shilpi shongho Udichi shangskritik shongothoner protishthata Satyen Sener jonmo kothay hoy?,Bikrampur (bortoman Munshiganj jelar) Tongibari upojelar Sonarang gramer Sen poribare,,
conversion-0004,"ভারতের সংবিধান ভারতীয় প্রজাতন্ত্রের সর্বোচ্চ আইন। এই সংবিধানে সরকারের গঠন, কার্যপদ্ধতি, ক্ষমতা ও কর্তব্য নির্ধারণ; মৌলিক অধিকার, রাষ্ট্রপরিচালনার নির্দেশমূলক নীতি, এবং নাগরিকদের কর্তব্য নির্ধারণের মাধ্যমে  দেশের মৌলিক রাজনৈতিক আদর্শের রূপরেখাটি নির্দিষ্ট করা হয়েছে। ১৯৪৯ সালের ২৬ নভেম্বর গণপরিষদে গৃহীত হওয়ার পর ১৯৫০ সালের ২৬ জানুয়ারি থেকে এই সংবিধান কার্যকরী হয়।[1] উল্লেখ্য, ১৯৩০ সালের ২৬ জানুয়ারি জাতীয় কংগ্রেসের ঐতিহাসিক স্বাধীনতা ঘোষণার স্মৃতিতে ২৬ জানুয়ারি তারিখটি সংবিধান প্রবর্তনের জন্য গৃহীত হয়েছিল। সংবিধানে ভারতীয় রাজ্যসংঘকে একটি সার্বভৌম, সমাজতান্ত্রিক, ধর্মনিরপেক্ষ গণতান্ত্রিক প্রজাতন্ত্র রূপে ঘোষণা করা হয়েছে; এই দেশের নাগরিকবৃন্দের জন্য ন্যায়বিচার, সাম্য ও স্বাধীনতা সুনিশ্চিত করা হয়েছে এবং জাতীয় সংহতি রক্ষার জন্য নাগরিকদের পরস্পরের মধ্যে ভ্রাতৃভাব জাগরিত করে তোলার জন্য অনুপ্রাণিত করা হয়েছে। ""সমাজতান্ত্রিক"", ""ধর্মনিরপেক্ষ"" ও ""সংহতি"" এবং সকল নাগরিকের মধ্যে ""ভ্রাতৃভাব"" – এই শব্দগুলি ১৯৭৬ সালে একটি সংবিধান সংশোধনীর মাধ্যমে সংবিধানের সঙ্গে যুক্ত করা হয়।[2] সংবিধান প্রবর্তনের স্মৃতিতে ভারতীয়রা প্রতি বছর ২৬ জানুয়ারি তারিখটি প্রজাতন্ত্র দিবস হিসেবে উদযাপন করেন।[3] ভারতের সংবিধান বিশ্বের সার্বভৌম রাষ্ট্রগুলির মধ্যে বৃহত্তম[4] লিখিত সংবিধান। এই সংবিধানে মোট ২৪টি অংশে ৪৪৮টি ধারা, ১২টি তফসিল এবং ১১৩টি সংশোধনী বিদ্যমান।[5] ভারতের সংবিধানের ইংরেজি সংস্করণে মোট শব্দসংখ্যা ১১৭,৩৬৯। এই সংবিধানের প্রবর্তনের সঙ্গে সঙ্গে পূর্বপ্রচলিত ১৯৩৫ সালের ভারত শাসন আইনের অবসান ঘটে। দেশের সর্বোচ্চ আইন হওয়ার দরুন, ভারত সরকার প্রবর্তিত প্রতিটি আইনকে সংবিধান-অনুসারী হতে হয়। সংবিধানের খসড়া কমিটির চেয়ারম্যান ড. ভীমরাও রামজি আম্বেডকর ছিলেন ভারতীয় সংবিধানের প্রধান স্থপতি।",ভারতের সংবিধানে মোট কয়টি ধারার উল্লেখ রয়েছে ?,৪৪৮,"Bharoter Songbidhan Bharotiyo Projatontorer sorbocho ain. Ei songbidhane sarkarer gothon, karyopoddhoti, khomota o kortobbo nirdharon; moulik odhikar, rashtraparichalonar nirdeshmulok niti, ebong nagorikder kortobbo nirdharoner maddhome desher moulik rajnaitik adorsher ruporekha nirdishto kora hoise. 1949 saler 26 November Gonoporishode grihito howar por 1950 saler 26 January theke ei songbidhan karyokori hoy.[1] Ullekhyo, 1930 saler 26 January Jatiyo Congress-er oitihashik shadhinota ghoshonar smritite 26 January tarikh-ti songbidhan probortoner jonno grihito hoyech",Bharoter songbidhan e mot koyti dharar ullekh royeche?,448,,
conversion-0005,বিজেপির উৎস ১৯৫১ সালে পশ্চিমবঙ্গের জন্মদাতা ভারতকেশরী শ্যামাপ্রসাদ মুখোপাধ্যায় কর্তৃক প্রতিষ্ঠিত ভারতীয় জনসংঘ দলটি। ১৯৭৭ সালে জরুরি অবস্থার পর জনসংঘ একাধিক রাজনৈতিক দলের সঙ্গে মিশে জনতা পার্টি গঠন করে। ১৯৭৭ সালের সাধারণ নির্বাচনে জনতা পার্টি ক্ষমতাসীন ভারতীয় জাতীয় কংগ্রেসকে পরাজিত করে সরকার গঠন করে। ১৯৮০ সালে জনতা পার্টি অবলুপ্ত হলে জনসংঘের প্রাক্তন সদস্যরা বিজেপি গঠন করেন। প্রথম দিকে বিজেপি রাজনৈতিক ক্ষেত্রে ব্যর্থ হয়েছিল। ১৯৮৪ সালের সাধারণ নির্বাচনে বিজেপি মাত্র দুটি আসনে জয় লাভ করেছিল। কিন্তু রাম জন্মভূমি আন্দোলনের সময় আবার এই দলের শক্তি বৃদ্ধিপায়। একাধিক রাজ্য নির্বাচনে জয় লাভ এবং জাতীয় স্তরের নির্বাচনে ভাল ফল করার পর অবশেষে ১৯৯৬ সালে বিজেপি সংসদে বৃহত্তম দলে পরিণত হয়। যদিও সংসদের নিম্নকক্ষ লোকসভায় সংখ্যাগরিষ্ঠতা অর্জন করতে না পারায় এই দলের সরকার মাত্র ১৩ দিন স্থায়ী হয়েছিল।,ভারতীয় জনতা পার্টি কবে প্রতিষ্ঠিত হয় ?,১৯৫১,BJP-r utsho 1951 sale Poshchimbonger jonmodata Bharatkeshari Shyamaprasad Mukhopadhyay kortik protishthito Bharatiyo Jansangha dolti. 1977 sale joruri obosthar por Jansangha ekadhik rajnaitik doler shonge mishe Janata Party gothon kore. 1977 saler shadharon nirbachone Janata Party khomotashin Bharatiyo Jatiyo Congress-ke porajito kore sorkar gothon kore. 1980 sale Janata Party obolupto hole Jansangher prakton sodoshora BJP gothon koren. Prothom dike BJP rajnaitik khetre byartho hoisilo. 1984 saler shadharon nirbachone BJP matro duti asone joy lav korechilo. Kintu Ram Janmabhoomi andoloner shomoy abar,Bharatiyo Janata Party kobe protishthito hoy?,1951,,
conversion-0006,"অ্যানড্রয়েড ইনকর্পোরেট প্রতিষ্ঠা হয়েছিল ২০০৩ সালের অক্টোবরে পালো আল্টো, ক্যালিফোর্নিয়ায়, প্রতিষ্ঠাতা অ্যান্ডি রুবিন (ডেন্জারের সহ-প্রতিষ্ঠাতা)[22], রিচ মাইনার(ওয়াইল্ডফায়ার কমউনিকেশনস, ইনকর্পোরেটেডের সহ প্রতিষ্ঠাতা)[23], নিক সিয়ারস (টি-মোবাইলের সাবেক ভাইস প্রেসিডেন্ট)[24] নিক সিয়ারস (টি-মোবাইলের প্রাক্তন ভাইস প্রেসিডেন্ট)এবং ক্রিস হোয়াইট (ওয়েবটিভি’র ডিজাইন এবং ইন্টারফেস প্রধান)[25]। যেহেতু তারা বিভিন্ন প্রতিষ্ঠানে নিয়োজিত ছিলেন তাই অ্যানড্রয়েডের কার্যক্রম চলতো অনেকটা গোপনে। প্রতিষ্ঠান থেকে এটা বলা হত যে তারা শুধু মোবাইলের একটি সফটওয়্যারের উপর কাজ করছেন। কোম্পানির প্রাথমিক উদ্দেশ্য ছিলো ডিজিটাল ক্যামেরার জন্য একটি উন্নত মানের অপারেটিং সিস্টেম তৈরী করা। যদিও পরে তারা বুঝতে পারেন ডিভাইসটির বাজার তত বড় নয়। তাই কোম্পানিটি মনোযোগ দেয় স্মার্টফোন অপারেটিং সিস্টেম তৈরীর উপর। উদ্দেশ্য ছিলো এটি সিমবিয়ান এবং মাইক্রোসফটের উইন্ডোজ মোবাইল মোবাইল অপারেটিং সিস্টেমগুলোর সাথে পাল্লা দেবে।[26] অ্যানড্রয়েড ইনকর্পোরেটেড লুকিয়ে পরিচালনা করা হত, কিন্তু সবাইকে বলতো তারা মোবাইল সফটওয়্যারের উপর কাজ করছে।[27] একই বছরে রুবিনের টাকা ফুরিয়ে যায়। স্টিভ পার্লম্যান,  রুবিনের কাছের বন্ধু, তার জন্য ১০,০০০ ডলার নগদ একটি খামে রেখে দেয় এবং কোম্পানির ঝুঁকি নিতে অস্বীকার করে।[27][28]",আইওএস মোবাইল অপারেটিং সিস্টেমটি কবে চালু হয় ?,২০০৩ সালে,"Android Incorporated protistha hoyechilo 2003 saler October-e Palo Alto, California-y, protisthata Andy Rubin (Danger-er sho-protisthata)[22], Rich Miner (Wildfire Communications, Incorporated-er sho protisthata)[23], Nick Sears (T-Mobile-er sabek Vice President)[24], Nick Sears (T-Mobile-er prakton Vice President) ebong Chris White (WebTV-r design ebong interface prodhan)[25]. Jehetu tara bibhinno protisthane niyojito chilen tai Android-er karyokrom cholto onekta gopone. Protisthan theke eta bola hoto je tara shudhu mobile-er ekta software-er upor kaj korchen. Company-r prathomik uddeshyo chilo digital camera-r jonno ekta unnoto maner operating system toiri kora. Jodio pore tara bujhte paren device-tir bajar toto b",iOS mobile operating system ta kobe chalu hoy?,2003 shale,,
conversion-0007,২০০০ সাল থেকে আর্সেনালের প্রশিক্ষণ কেন্দ্র হার্টফোর্ডশায়ারের সেনলিতে। এর আগে ব্যবহৃত হত ইউনিভার্সিটি কলেজ লন্ডনের ছাত্র ইউনিয়নের প্রশিক্ষণ কেন্দ্র। তারও আগে ১৯৬১ সাল পর্যন্ত হাইবারি।[16] আন্ডারহিল নামের সেই স্টেডিয়ামটি এখনও আর্সেনাল ফুটবল ক্লাবের অতিরিক্ত খেলোয়াড়দের ম্যাচ খেলার জন্য ব্যবহার করা হয়। বর্তমানে স্টেডিয়ামটি বার্নেট ফুটবল ক্লাবের মালিকানাধীন।,আর্সেনাল প্রশিক্ষণ কেন্দ্রের বর্তমান মালিক কে ?,বার্নেট ফুটবল ক্লাবে,2000 sal theke Arsenal-er proshikkhon kendro Hertfordshire-er Shenley-te. Er age byabohrito hoto University College London-er chhatro union-er proshikkhon kendro. Taro age 1961 sal porjonto Highbury.[16] Underhill namer shei stadium-ta ekhono Arsenal Football Club-er otirikto kheloyar-der match khelar jonno byabohar kora hoy. Bortomane stadium-ti Barnet Football Club-er malikhanadhin.,Arsenal proshikkhon kendrer bortoman malik ke?,Barnet football club e,,
conversion-0008,"প্রথম ডিজিটাল পরিচালিত এবং প্রোগ্রামযোগ্য রোবটটি ১৯৫৪ সালে জর্জ ডিভোল দ্বারা উদ্ভাবিত হয়েছিল এবং অবশেষে অ্যানিমেট নামে অভিহিত হয়েছিল। এটি পরে আধুনিক রোবোটিক্স শিল্পের ভিত্তি স্থাপন করে।দেভল  সালে জেনারেল মোটরসকে প্রথম অ্যানিমিট বিক্রি করে এবং ১৯৬১ সালে টেন্টন, নিউ জার্সি একটি প্ল্যান্টে একটি ডাই কার্টসিং মেশিন থেকে উত্তপ্ত টুকরো ধাতু উত্তোলন এবং তাদের স্ট্যাকে ইনস্টল করা হয়।  প্রথম ডিজিটাল চালিত প্রোগ্রামযোগ্য রোবোটিক আর্মের জন্য Devol এর পেটেন্ট আধুনিক রোবোটিক্স শিল্পের ভিত্তি প্রতিনিধিত্ব করে।",বিশ্বের প্রথম রোবোট কে বা কারা তৈরী করেন ?,জর্জ ডিভোল,"Prothom digital porichalito ebong programmable robotti 1954 sale George Devol dara udbhabito hoyechilo ebong obosheshe Unimate name obihito hoyechilo. Eti pore adhunik robotics shilper vitti sthapon kore. Devol sale General Motors-ke prothom Unimate bikri kore ebong 1961 sale Trenton, New Jersey ekta plant-e ekta die casting machine theke uttopto tukro dhatu uttolon ebong tader stack-e install kora hoy. Prothom digital chalito programmable robotic arm-er jonno Devol er patent adhunik robotics shilper vitti protinidhitto kore.",Bishwer prothom robot ke ba kara toiri koren?,George Devol,,
conversion-0009,"পণ্ডিতরা মায়া সভ্যতার যুগের শুরু নিয়ে অবিরত আলোচনা করে যাচ্ছেন। বেলিজের কিউল্লোতে মায়া বসবাসের সাম্প্রতিক আবিষ্কারের কার্বন পরীহ্মা হতে পাওয়া তারিখ অনুযায়ী খ্রিস্টপূর্ব প্রায় ২৬০০ বছর আগের।[3][4] তারা বিস্ময়কর কাঠামো নির্মিত করে। মায়ার বর্ষপঞ্জিকা তথাকথিত মেসআমেরিকানর দীর্ঘ গণনীয় বর্ষপঞ্জিকার উপর ভিত্তি করে করা হয়েছে, যা খ্রিস্টপূর্ব ১১ই আগষ্ট, ৩১১৪ খ্রিস্টাব্দের সমতুল্য।",মায়া জনগোষ্ঠীর আবির্ভাব প্রথম কোথায় হয়েছিল ?,বেলিজের কিউল্লোতে,"Ponditra Maya shobhyotar juger shuru niye obiroto alochona kore jacchen. Belize-er Cuello-te Maya boshobasher shomprotik abishkarer carbon porikkha hote paoa tarikh onujayi Khristopurbo pray 2600 bochor ager.[3][4] Tara bismoykor kathamo nirmito kore. Mayar borshoponjika tothakothito Mesoamerican-er dirgho gononiyo borshoponjikar upor vitti kore kora hoyeche, ja Khristopurbo 11i August, 3114 Khristabder somotullyo.",Maya jonogoshthir abirbhab prothom kothay hoyechhilo?,Belizer Caye Caulker e,,
conversion-0010,"গ্রেট সল্ট লেকের পাশে অবস্থিত অকুইয়ার পর্বতমালার একটি অংশ হ্রদের তলদেশ পর্যন্ত প্রসারিত হয়েছে। এই পর্বতমালার কিছু অংশ, যেমন-ব্ল্যাক রক, অ্যান্টেলোপ আইল্যান্ড, হোয়াইট রক, এগ আইল্যান্ড, ফ্রেমন্ট আইল্যান্ড গ্রেট সল্ট লেকের দ্বীপ বা উপদ্বীপ। অপরদিকে স্টান্সবেরি পর্বতমালার অংশ হছে স্টান্সবেরি দ্বীপ, কেরিংটন দ্বীপ ও হ্যাট আইল্যান্ডস। লেকসাইড পর্বতের একটা প্রসারিত অংশ হচ্ছে স্ট্রং নব, যা হ্রদের পশ্চিম অংশ দিয়ে প্রবাহিত হয়েছে। এসমস্ত দ্বীপের মাঝের অংশটি হ্রদের গভীরতম স্থান বলে গণনায় প্রমাণিত হয়েছে।[14] ১৮৫০ সালে হাওয়ার্ড স্টান্সবেরি এই স্থানে হ্রদের গভীরতা ৩৫ ফুট নির্ণয় করেন। হ্রদের গড় গভীরতা ১৩ ফুট।[14] হ্রদের পানিপৃষ্ঠের উচ্চতা কম থাকলে অ্যান্টেলোপ আইল্যান্ড, গুজ আইল্যান্ড,  ব্রাউন্স আইল্যান্ড[15] ও অন্যান্য কিছু ছোট দ্বীপ তীরের সাথে উপদ্বীপ হিসেবে যুক্ত হয়। স্টান্সবেরি আইল্যান্ড ও স্ত্রং নব অধিকাংশ সময় উপদ্বীপ হিসেবেই থাকে, তবে পানিপৃষ্ঠের উচ্চতা গড় গভীরতা অতিক্রম করলে সেগুলো দ্বীপে পরিণত হয়।",যুক্তরাষ্ট্রের উত্তরে ইউটা অঙ্গরাজ্যে অবস্থিত গ্রেট সল্ট লেকের গড় গভীরতা কত ?,১৩ ফুট,"Great Salt Lake er pashe obosthito Oquirrh porbotmalar ekta angsho hroder toldesh porjonto prosarito hoyeche. Ei porbotmalar kichu angsho, jemon-Black Rock, Antelope Island, White Rock, Egg Island, Fremont Island Great Salt Lake er dip ba upodip. Oporodike Stansbury porbotmalar angsho hocche Stansbury Island, Carrington Island o Hat Islands. Lakeside porboter ekta prosarito angsho hocche Strong Knob, ja hroder poshchim angsho diye probahito hoyeche. Esob diper majher angshoti hroder gobhirtom sthan bole gononay promanito hoyeche.[14] 1850 sale Howard Stansbury ei sthane hroder gobhirata 35 foot nirnoy koren. Hroder gor gobhirata",Juktorashtrer uttore Utah ongorajye obosthito Great Salt Lake-er gor gobhirata koto?,13 foot,,
conversion-0011,"২০০০ সালে মুহাম্মাদ মুরসি সংসদ সদস্য নির্বাচিত হন। সাংগঠনিক ভাবে তিনি মুসলিম ব্রাদারহুডের সদস্য হলেও, নির্বাচনে তাকে ব্রাদারহুডের অন্যান্য নেতাদের মত আইনত স্বতন্ত্র ভাবে লড়তে হয় কারণ হোসনি মুবারাকের শাসনামলে মুসলিম ব্রাদারহুড মিশরের প্রত্যক্ষ রাজনীতিতে নিষিদ্ধ ছিল। মুরসি ব্রাদারহুডের গুরুত্বপূর্ণ গাইড্যান্স অফিসের প্রধান হিসেবে দায়িত্বরত ছিলেন, যার পরিণতিতে ২০১১ সালে ব্রাদারহুডের প্রত্যক্ষ রাজনৈতিক দল ফ্রিডম অ্যান্ড জাস্টিস পার্টি গঠনের পর তিনিই দলটির চেয়ারম্যান পদ লাভের জন্য সবচেয়ে সম্ভাব্য ছিলেন।",মুহাম্মাদ মুরসি ইসা আল-আইয়াত কোন রাজনৈতিক দলের সদস্য ছিলেন ?,ফ্রিডম অ্যান্ড জাস্টিস পার্টি,"2000 sale Muhammad Mursi songsod sodosso nirbachito hon. Sangothonik vabe tini Muslim Brotherhood-er sodosso holeo, nirbachone take Brotherhood-er onnanno netader moto aingoto swotontro vabe lorte hoy karon Hosni Mubarak-er shashonamole Muslim Brotherhood Mishorer protyokkho rajnitite nishiddho chilo. Mursi Brotherhood-er guruttopurno Guidance Office-er prodhan hisebe dayittorot chilen, jar porinotite 2011 sale Brotherhood-er protyokkho rajnaitik dol Freedom and Justice Party gothoner por tini-i doltir chairman pod laver jonno shobcheye shombhabyo chilen.",Muhammad Mursi Isa Al-Aiyat kon rajnaitik doler sodosso chilen?,Freedom and Justice Party,,
conversion-0012,"হিন্দুদের দেব-দেবীগণ বৈদিক যুগ(খ্রীষ্টপূর্ব দ্বিতীয় শতক) ও মধ্যযুগে(খ্রীষ্টীয় প্রথম শতক) নেপাল ভারত ও দক্ষিণ-পূর্ব এশিয়ায় বহু বিবর্তনের মধ্য দিয়ে বর্তমান অবস্থায় পৌঁছেছে। [3][4] হিন্দু দেবতা বলতে যোগশাস্ত্রের ইষ্টদেবতা[5][6],তেত্রিশ বৈদিক দেবতা[7] বা শতাধিক পৌরাণিক দেবতাদের কথা বোঝানো যায়[8] । এদের মধ্যে মুখ্য দেবতারা হলেন বিষ্ণু,শিব ,শ্রী বা লক্ষী,পার্বতী বা দুর্গা,ব্রম্ভা এবং সরস্বতী। প্রত্যেক দেবতার আলাদা আলাদা জটিল জটিল চরিত্রাবলী বিদ্যমান হলেও তাঁদেরকে অনেকসময়ই ব্রাম্ভণ নামে এক নিরাকার পরম সত্তার অংশবিশেষ বলে ধরা হয়।[9]  প্রাচীন কাল  থেকেই এই একত্বের ধারনা হিন্দুধর্মের অন্যতম এক বৈশিষ্ট্য,যা ধর্মশাস্ত্র এবং হরিহর[10](শিব ও বিষ্ণু), অর্ধনারীশ্বর(অর্ধেক শিব অর্ধেক পার্বতী) -এর মতো মূর্তিগুলির ক্ষেত্রে দেখা যায়।[11]",হিন্দু ধর্মগ্রন্থে মোট কতগুলো দেব দেবীর উল্লেখ রয়েছে ?,"যোগশাস্ত্রের ইষ্টদেবতা[5][6],তেত্রিশ বৈদিক দেবতা[7] বা শতাধিক পৌরাণিক দেবতা","Hinduder deb-debigon Vaidik jug(khrishtopurbo ditiyo shotok) o moddhojuge(khrishtiyo prothom shotok) Nepal Bharat o Dokkhin-Purbo Eshiyay bohu bibortoner moddho diye bortoman obosthay pouchheche. [3][4] Hindu debota bolte jogshastrer ishtodebota[5][6], tetrish Vaidik debota[7] ba shotadhik pouranik debotader kotha bojhano jay[8]. Eder moddhe mukhyo debotara holen Vishnu, Shiv, Shri ba Lokkhi, Parboti ba Durga, Brombha ebong Saraswati. Protyek debotar alada alada jotil jotil choritroboli bidyoman holeo taderke onekshomoyei Brambhon name ek nirakar porom sottar ang",Hindu dhormogronthe mot kotogulo deb debir ullekh royeche?,"Jogshastrer Ishtodebota[5][6], tettrish Boidik debota[7] ba shotadhik Pauranik debota",,
conversion-0013,"উপরন্তু, তাঁর বাজে অবস্থানে থাকা স্বত্ত্বেও এ সুযোগ পেয়েছিলেন।[16] সফরের প্রথম প্রস্তুতিমূলক খেলায় দক্ষিণ অস্ট্রেলিয়ার বিপক্ষে ২২৮ রান তুলেন।[17] এছাড়াও, প্রথম টেস্ট শুরুর পূর্বে আরও একটি অর্ধ-শতরান করেন। ১৪ ডিসেম্বর, ১৮৯৪ তারিখে তার আন্তর্জাতিক ক্রিকেটে অভিষেক ঘটে।[18] খেলায় তিনি ৪ ও ২০ রান তুলেন। তবে, ফলো-অনের কবলে পড়েও ইংল্যান্ড দল স্বাগতিক অস্ট্রেলিয়ার বিপক্ষে জয়ী হয়। পরের খেলায়ও ইংল্যান্ড জয় পায়।[19] তবে, খেলার প্রথম বলেই ম্যাকলারেন কট আউটে পরিণত হন। এরফলে টেস্ট ক্রিকেটের ইতিহাসে প্রথম খেলোয়াড় হিসেবে প্রথম বলেই আউট হবার ন্যায় অগৌরবজনক অধ্যায়ের সাথে যুক্ত করে নেন নিজের নামকে।[20][21] তৃতীয় ও চতুর্থ টেস্টে জয়ী হয়ে অস্ট্রেলিয়া খেলায় সমতা আনে। ম্যাকলারেন ব্যক্তিগতভাবে খুব কমই সফলকাম হন। চার খেলার পর তাঁর ব্যাটিং গড় ছিল মাত্র ১২.৫০।[16]",আর্চিবল্ড ক্যাম্পবেল আর্চি ম্যাকলারেন কোন সাল থেকে ইংল্যান্ডের জাতীয় ক্রিকেট দলে খেলা শুরু করেন ?,১৮৯৪,"Uporontu, tar baje obosthane thaka sottweo e sujog peyechilen.[16] Soforer prothom prostutimulik khelay Dokkhin Australia-r bipokkhe 228 run tulen.[17] Echarao, prothom Test shurur purbe aro ekta ordho-shotoran koren. 14 December, 1894 tarikh-e tar antorjatik cricket-e obhishek ghote.[18] Khelay tini 4 o 20 run tulen. Tobe, follow-on-er kobole poreo England dol swagatik Australia-r bipokkhe joyi hoy. Porer khelayo England joy pay.[19] Tobe, khelar prothom bolei MacLaren caught out-e porinoto hon. Erfole Test cricket-er itihashe prothom khelowar hisebe prothom bolei out hobar nay",Archibald Campbell Archie MacLaren kon sal theke England-er jatio cricket dole khela shuru koren?,1894,,
conversion-0014,১৯১২ সালে রবীন্দ্রনাথের সং অফারিংস (ইংরেজি: Song Offerings) কাব্যগ্রন্থটি প্রকাশিত হয়। এতে গীতাঞ্জলি ও সমসাময়িক আরও কয়েকটি কাব্যগ্রন্থের কবিতা রবীন্দ্রনাথ নিজে অনুবাদ করে প্রকাশ করেন।  ১৯১৩ সালে ইংরেজি কাব্যগ্রন্থটির জন্য রবীন্দ্রনাথ সাহিত্যে নোবেল পুরস্কার পেয়েছিলেন।,বিশ্ব কবি রবীন্দ্রনাথ ঠাকুর তাঁর কোন গ্রন্থের জন্য নোবেল পুরস্কার পান ?,সং অফারিংস,1912 sale Rabindranather Song Offerings kabyagranthoti prokashito hoy. Ete Gitanjali o somsamoyik aro koyekti kabyagranther kobita Rabindranath nije onubad kore prokash koren. 1913 sale English kabyagranthotir jonno Rabindranath sahitye Nobel Puraskar peyechilen.,Bishwo kobi Rabindranath Thakur tar kon gronther jonno Nobel purashkar pan?,song offerings,,
conversion-0015,"শাবনূরের প্রথম চলচ্চিত্র চাঁদনী রাতে ১৯৯৩ সালে মুক্তি পায়। ছবিটি পরিচালনা করেন এহতেশাম এবং তার বিপরীতে নায়ক ছিল সাব্বির। এই ছবিটি ব্যর্থ হয়। পরে চিত্র নায়ক সালমান শাহের সাথে জুটি বেধে ১৪টি চলচ্চিত্রে অভিনয় করেন যার প্রায় সবগুলোই ছিল ব্যবসায়িক মানদন্ডে সফল।[1] সালমান শাহ-শাবনূর জুটির প্রথম ছায়াছবি জহিরুল হক পরিচালিত তুমি আমার ১৯৯৪ সালে মুক্তি পায়। একই বছর শাহ আলম কিরণ তাদের নিয়ে ফারুক-কবরী জুটির সুজন সখী চলচ্চিত্রের রঙিন পুনঃনির্মাণ সুজন সখি নির্মাণ করেন। ১৯৯৫ সালে স্বপ্নের ঠিকানা, ১৯৯৬ সালে স্বপ্নের পৃথিবী, তোমাকে চাই, ১৯৯৭ সালে শিবলি সাদিক পরিচালিত আনন্দ অশ্রু এ জুটির উল্লেখযোগ্য ছবি।[2] পরে তিনি নায়ক রিয়াজ এর বিপরীতে অভিনয় করে  দারুন সফলতা অর্জন করেন। রিয়াজের বিপরীতে ১৯৯৭ সালে মন মানেনা ও তুমি শুধু তুমি এবং ১৯৯৯ সালে অভিনীত ভালবাসি তোমাকে ও বিয়ের ফুল ছায়াছবিগুলো ব্যবসা সফল হয়। পাশাপাশি তিনি অভিনেতা ফেরদৌসের সাথেও সফল হন। এছাড়াও তিনি মান্না, শাকিব খানের সাথে অভিনয় করে সফল হয়েছেন। এসময়ে তিনি ভালবাসি তোমাকে চলচ্চিত্রের জন্য শ্রেষ্ঠ অভিনেত্রী বিভাগে বাচসাস পুরস্কার লাভ করেন এবং ১৯৯৮ ও ১৯৯৯ সালের চলচ্চিত্রের জন্য পর্যন্ত টানা দুইবার তারকা জরিপে শ্রেষ্ঠ চলচ্চিত্র অভিনেত্রী বিভাগে মেরিল-প্রথম আলো পুরস্কার লাভ করেন।",বাংলাদেশের জনপ্রিয় অভিনেত্রী শাবনূরের অভিনীত প্রথম চলচ্চিত্রের নাম কী ?,চাঁদনী রাতে,"Shabnurer prothom cholocchitro Chandni Rate 1993 sale mukti pay. Chobiti porichalona koren Ehtesham ebong tar biporite nayok chilo Sabbir. Ei chobiti byartho hoy. Pore chitra nayok Salman Shaher sathe juti bedhe 14ti cholocchitre obhinoy koren jar pray sobgulo-i chilo byabshayik mandonde sofol.[1] Salman Shah-Shabnur jutir prothom chayachobi Zahirul Haque porichalito Tumi Amar 1994 sale mukti pay. Eki bochor Shah Alam Kiran tader niye Faruk-Kabari jutir Sujon Sokhi cholocchitrer rongin punornirman Sujon Sokhi nirman koren. 1995 sale Shopner Thikana, 1996 sale Shopner Prith",Bangladesher jonopriyo obhinetri Shabnurer obhinito prothom cholocchitrer nam ki?,Chandni rate,,
conversion-0016,"মাইলি রে সাইরাস (জন্ম ডেসটিনি হোপ সাইরাস, নভেম্বর ২৩, ১৯৯২) একজন মার্কিন কণ্ঠশিল্পী, গীতিকার এবং অভিনেত্রী। কান্ট্রি গায়ক বিলি রে সাইরাস তার বাবা। তিনি শৈশবেে টেলিভিশন ধারাবাহিক ডক এবং বিগ ফিশ চলচ্চিত্রে গৌণ ভূমিকায় অভিনয় করেছেন। ২০০৬ সালে, সাইরাস ডিজনি চ্যানেল টেলিভিশন ধারাবাহিক হানা মন্টানায় অভিনয় শুরু করার পর তারুণ্যের প্রতিমা হিসেবে বেশ প্রভাবশালী হয়ে ওঠেন, যেখানে তিনি প্রধান চরিত্র মাইলি স্টুয়ার্ট হিসেবে উপস্থিত হন। ২০০৭ সালে হলিউড রেকর্ডসের সাথে রেকর্ডিং চুক্তি স্বাক্ষরের পর, সাইরাস তার আত্মপ্রকাশ স্টুডিও অ্যালবাম মিট মাইলি সাইরাস মুক্তি দেন। চার মিলিয়নের অধিক চালানের এবং হিট একক ""সি ইউ এগেইন"" উৎপাদনের জন্য, এটি রেকর্ডিং ইন্ডাস্ট্রি অ্যাসোসিয়েশন অব আমেরিকা (আরআইএএ) কর্তৃক চতুর্গুণ-প্ল্যাটিনাম প্রত্যয়িত হয়।",মাইলি রে সাইরাসের প্রথম গানের অ্যালবামের নাম কী ?,মিট মাইলি সাইরাস,"Miley Ray Cyrus (jonmo Destiny Hope Cyrus, November 23, 1992) ekjon Markin konthoshilpi, gitikar ebong obhinetri. Country gayok Billy Ray Cyrus tar baba. Tini shoishobe television dharabahik Doc ebong Big Fish cholocchitre goun bhumikay obhinoy korechen. 2006 sale, Cyrus Disney Channel television dharabahik Hannah Montana-y obhinoy shuru korar por tarunnyer protima hisebe besh probhabshali hoye othen, jekhane tini prodhan choritro Miley Stewart hisebe uposthit hon. 2007 sale Hollywood Records-er sathe recording chukti shakkhorer por, Cyrus tar atmaprokash studio album Meet Miley Cyrus mukti den. Char million-er odhik chalaner ebong hit ekok ""See You Again"" utpadoner jonno, eti",Miley Ray Cyrus-er prothom ganer album-er naam ki?,Meet Miley Cyrus,,
conversion-0017,পীর গোরাচাঁদের আসল নাম হল পীর হজরত শাহ সৈয়দ আব্বাস আলী রাজী। তাঁর পিতার নাম হজরত করিম উল্লাহ এবং মাতার নাম মায়মুনা সিদ্দিকা। আনুমানিক ১২৬৫ খ্রিস্টাব্দে আরবের মক্কা নগরে জমজম মহল্লায় বিখ্যাত কোরায়েশ বংশে তিনি জন্মগ্রহণ করেন। পীর হজরত শাহজালাল এঅমনির কাছে তরীকা সুফীমতে দীক্ষাগ্রহণের পর গুরুর নির্দেশে ভারতবর্ষে ধর্মপ্রচারে আসেন। [1][2][4],পীর গোরাচাঁদের আসল নাম কী ?,পীর হজরত শাহ সৈয়দ আব্বাস আলী রাজী,Pir Gorachander asal nam holo Pir Hojrot Shah Saiyad Abbas Ali Raji. Tar pitar nam Hojrot Karim Ullah ebong matar nam Maymuna Siddika. Anumanik 1265 Khristabde Arber Mokka nogore Zamzam mohollay bikhyato Korayesh bongse tini jonmogrohon koren. Pir Hojrot Shahjalal Amonir kache torika Sufimate dikshagrohon er por gurur nirdeshe Bharatborshe dhormo prochare asen. [1][2][4],Pir Gorachander asal nam ki?,Pir Hojrot Shah Syed Abbas Ali Raji,,
conversion-0018,বাবার পরিচালিত ছবিতে অভিনয়ের মাধ্যমেই চলচ্চিত্রের জগতে অভিষেক হয় ডাউনি জুনিয়রের। মাত্র পাঁচ বছরের ছোট্ট ডাউনিকে প্রথম বড় পর্দায় দেখা যায় বাবা রবার্ট ডাউনি সিনিয়রের পাউন্ড চলচ্চিত্রে।[37][38] এ চলচ্চিত্রে তাকে একটি অসুস্থ কুকুরছানার ভূমিকায় অভিনয় করতে দেখা যায়।[39][40][41] সাত বছর বয়সে ডাউনি গ্রেজার্স প্যালেস (১৯৭২) চলচ্চিত্রে অভিনয় করেন।[29] পরবর্তীতে বাবার পরিচালিত চলচ্চিত্রগুলোতে ছোটখাটো ভূমিকায় অভিনয় করেছেন তিনি।[42] দশ বছর বয়সে তিনি লন্ডনের চেলসি এলাকায় বসবাস করতেন।[43] সেখানে তিনি পেরি হাউজ স্কুলে পড়াশোনা করেন এবং এটিই সেই পেরি হাউজ স্কুল যেখানে ডাউনি পাঠ্যক্রমের অংশ হিসেবে শাস্ত্রীয় ব্যালে নাচ শেখেন।[44],রবার্ট জন ডাউনি জুনিয়রের অভিনীত প্রথম চলচ্চিত্রের নির্মাতা কে ছিলেন ?,রবার্ট ডাউনি সিনিয়রে,Babar porichalito chobite obhinoyer maddhomei cholocchitrer jogote obhishek hoy Downey Jr.-er. Matro pach bochorer chotto Downy-ke prothom boro porday dekha jay baba Robert Downey Sr.-er Pound cholocchitre.[37][38] E cholocchitre take ekta osustho kukurchhanar bhumikay obhinoy korte dekha jay.[39][40][41] Sat bochor boyose Downy Greaser's Palace (1972) cholocchitre obhinoy koren.[29] Porobortite babar porichalito cholocchitrogulote chotokhato bhumikay obhinoy korechen tini.[42] Dosh bochor boyose tini London-er Chelsea elakay boshobash korten.[43] Sekhane tini Perry House School-e porashona koren eb,Robert John Downey Junior-er obhinito prothom cholocchitrer nirmata ke chilen?,Robert Downey Senior,,
conversion-0019,সালমান খানের দাদাবাড়ি বাংলাদেশের বরিশালে। তাঁর বাবা ডা. ফখরুল আমিন খান চিকিৎসক ছিলেন। তাঁর দাদা আব্দুল ওয়াহাব খান ছিলেন মুসলিম লীগের নেতা এবং পাকিস্তান জাতীয় পরিষদের স্পিকার (১৯৫৫-৫৮)। সালমানের বাবা অভিবাসী হয়ে পাড়ি জমান যুক্তরাষ্ট্রে। সেখানেই লুইজিয়ানার নিউ অরলিন্স শহরে সালমানের জন্ম (১৯৭৬) এবং বেড়ে ওঠা। ১৯৯১ সালে মাত্র ১৪ বছর বয়সেই বাবাকে হারান।[5][6],'খান একাডেমী'র প্রতিষ্ঠাতা সালমান আমিন খানের বাবার নাম কী ?,ডা. ফখরুল আমিন খান,Salman Khaner dadabari Bangladesh-er Barishale. Tar baba Dr. Fakhrul Amin Khan chikitsok chilen. Tar dada Abdul Wahab Khan chilen Muslim League-er neta ebong Pakistan Jatiyo Parishader Speaker (1955-58). Salman-er baba obhibashi hoye pari jaman Juktorastre. Sekhanei Louisiana-r New Orleans shohore Salman-er jonmo (1976) ebong bere otha. 1991 sale matro 14 bochor boyosei babake haran.[5][6],'Khan Academy'r protishthata Salman Amin Khaner babar nam ki ?',Da. Fakhrul Amin Khan,,
conversion-0020,"১৯৪৮ সালে জাতিসংঘ শান্তিরক্ষা মিশন শুরু হয়। এর প্রথম মিশন ছিল ১৯৪৮ সালে মধ্যপ্রাচ্যে ১৯৪৮ আরব-ইসরায়েলি যুদ্ধের সময় যুদ্ধবিরতি পালন ও বজায় রাখা। তারপর থেকে, জাতিসংঘের শান্তিরক্ষীরা বিশ্বব্যাপী প্রায় ৬৩টি মিশনে অংশগ্রহণ করেছে, ১৭টি আজও অব্যাহত রয়েছে। ১৯৮৮ সালে সংস্থাটি শান্তিতে নোবেল লাভ করে।",জাতিসংঘ শান্তিরক্ষা মিশন প্রথম কোথায় শুরু হয় ?,মধ্যপ্রাচ্যে,"1948 sale Jatisongho shantirokkha mission shuru hoy. Er prothom mission chilo 1948 sale Moddhoprachye 1948 Arab-Israeli juddher shomoy juddho-biroti palon o bojay rakha. Tarpor theke, Jatisongher shantirokkhira bishwobyapi pray 63ti missione ongshogrohon koreche, 17ti ajo obbyahoto royeche. 1988 sale songsthati shantite Nobel lav kore.",Jatisongho shantirokkha mission prothom kothay shuru hoy?,Maddhoprachche,,
conversion-0021,"মানুষ বর্তমান পৃথিবীর সবচেয়ে প্রভাবশালী জীব। আধুনিক মানুষ (হোমো স্যাপিয়েন্স, প্রাথমিকভাবে এসএসপি হোমো স্যাপিয়েন্স স্যাপিয়েন্স) হল হোমিনিনা উপজাতির (অথবা মানব জাতিগোষ্ঠী) একমাত্র বিদ্যমান সদস্য যা বানর পরিবারের অন্তর্গত হোমিনিনি গোত্রের একটি শাখা। তাদের বৈশিষ্ট হল স্থির অবস্থান এবং গতিশক্তি; অন্যান্য প্রাণীর তুলনায় উচ্চ দক্ষতাসম্পন্ন এবং ভারী সরঞ্জাম ব্যবহারে সক্ষমতা; আকারে বৃহত্তর ও জটিল মস্তিষ্ক এবং সামাজিক প্রাণী।[2][3]",মানুষ কোন গোত্রের প্রাণী ?,হোমিনিনি,"Manush bortoman prithibir shobcheye probhabshali jib. Adhunik manush (Homo sapiens, prothomikvabe SSP Homo sapiens sapiens) holo Hominina upojatir (othoba manob jati goshthi) ekmatro bidyoman sodossho ja banor poribarer ontorgoto Hominini gotrer ekta shakha. Tader boishishto holo sthir obosthan ebong gotishokti; onnanno pranir tulonay uccho dokkhota somponno ebong bhari soronjam byabohare sokkhomota; akare brihottor o jotil mostishko ebong samajik prani.[2][3]",Manush kon gotrer prani?,hominini,,
conversion-0022,"একটি মুখ আকৃতির তথ্য ক্যাপচার করার জন্য ত্রি-মাত্রিক মুখ শনাক্তকরণ কৌশলটি থ্রি-ডি সেন্সর ব্যবহার করে। এই তথ্যটি তারপর মুখের পৃষ্ঠের বিভিন্ন বৈশিষ্ট্য শনাক্ত করার জন্য ব্যবহার করা হয়, যেমন চোখের সকেটস, নাক এবং চিবুকের কনট্যুর।[8]",মুখমণ্ডল শনাক্তকরণ পদ্ধতিতে কোন সেন্সর ব্যাবহার করা হয় ?,থ্রি-ডি সেন্সর,"ekti mukh akritir tothyo capture korar jonno tri-matrik mukh shonaktokoron kousholti three-D sensor byabohar kore. Ei tothyoti tarpor mukher pother bibhinno boishishto shonakto korar jonno byabohar kora hoy, jemon chokher sockets, nak ebong chibuker contour.[8]",Mukhmondol shonaktokoron poddhotite kon sensor babohar kora hoy?,Three-D sensor,,
conversion-0023,"আলাউদ্দিন খিলজি ছিলেন খিলজি বংশের প্রতিষ্ঠাতা জালালুদ্দিন খিলজির ভাতিজা এবং জামাতা। বীরভূমদেরকে পরাজিত করে জালালুদ্দিন খিলজি যখন দিল্লি দখল করে নেন। তখন আলাউদ্দিন খিলজিকে আমির-ই-তুজুখ বা উদযাপন মন্ত্রী পদ দেওয়া হয়। ১২৯১ সালে জালালুদ্দিন খিলজি তার ভাতিজা আলাউদ্দিন খিলজির হাতে কারা্(কানপুরের নিকটবর্তী এক এলাকা)নামক অঞ্চলের শাসনভার তুলে দেন। ১২৯৬ সালে আলাউদ্দিন খিলজি বসিলা অবরোধ করে জালালুদ্দিন খিলজির কাছে থেকে আবাধ(উত্তর-প্রদেশ) দখল করে সেটা শাসন করা শুরু করেন। ১২৯৬ সালে দেভাগিরি অবরোধ করেন এবং জালালুদ্দিনের বিপুল পরিমানের সম্পদ দখল করে নেন।জালালুদ্দিন খিলজিকে হত্যা করে, তিনি দিল্লিতে নিজের শাসন প্রতিষ্ঠা করেন এবং পরবর্তীতে জালালুদ্দিনের ছেলের কাছ থেকে মুলতান দখল করে নেন।",খিলজি বংশের প্রতিষ্ঠাতা কে ?,জালালুদ্দিন খিলজি,"Alauddin Khilji chilen Khilji bongser protishthata Jalaluddin Khiljir bhatija ebong jamata. Birbhumderke porajit kore Jalaluddin Khilji jokhon Dilli dokhol kore nen, tokhon Alauddin Khiljike Amir-i-Tujukh ba udjapon montri pod deya hoy. 1291 sale Jalaluddin Khilji tar bhatija Alauddin Khiljir hate Kara (Kanpurer nikotoborti ek elaka) namok oncholer shashonbhar tule den. 1296 sale Alauddin Khilji Bosila oborodh kore Jalaluddin Khiljir kach theke Abadh (Uttar-Pradesh) dokhol kore seta shashon kora shuru koren. 1296 sale Devagiri oborodh koren ebong Jalaluddiner bipul porimaner shompod",Khilji bongser protisthata ke?,Jalaluddin Khilji,,
conversion-0024,"১৮৬১ সালের এপ্রিল মাসে কলিকাতা ট্রেনিং স্কুলের সেক্রেটারি মনোনীত হন বিদ্যাসাগর মহাশয়। এই বছর ডিসেম্বর মাসে হরিশ্চন্দ্র মুখোপাধ্যায়ের অকালপ্রয়াণে গ্রহণ করেন তাঁর সম্পদিত হিন্দু প্যাট্রিয়ট পত্রিকার পরিচালনভার। ১৮৬২ সালে কৃষ্ণদাস পালকে এই পত্রিকার সম্পাদক নিযুক্ত করেন তিনি। এই বছর তাঁর সম্পাদনায় প্রকাশিত হয় বাণভট্টের কাদম্বরী। মাইকেল মধুসূদন দত্ত তাঁকে উৎসর্গ করেন স্বরচিত বীরাঙ্গনা কাব্য। ১৮৬৩ সালে সরকার তাঁকে ওয়ার্ডস ইনস্টিটিউশনের পরিদর্শক নিযুক্ত করেন। উল্লেখ্য, ৮ থেকে ১৪ বছর বয়সী নাবালক জমিদারদের শিক্ষাদানের উদ্দেশ্যে ১৮৫৬ সালে এই ইনস্টিটিউশন প্রতিষ্ঠিত হয়। বাংলা ভাষায় রচিত প্রথম মৌলিক গদ্যরচনা 'প্রভাবতী সম্ভাষন' এ বছর রচিত হয়।  ১৮৬৪ সালে কলিকাতা ট্রেনিং স্কুলের নাম পরিবর্তন করে কলিকাতা মেট্রোপলিটান ইনস্টিটিউশন রাখা হয়। ৪ জুলাই ইংল্যান্ডের রয়্যাল এশিয়াটিক সোসাইটি তাঁকে সাম্মানিক সদস্য নির্বাচিত করে। খুব কম ভারতীয়ই এই বিরল সম্মানের অধিকারী হতে পেরেছিলেন। ২ আগস্ট ফ্রান্সে ঋণগ্রস্ত মাইকেল মধুসূদনের সাহায্যার্থে ১৫০০ টাকা প্রেরণ করেন তিনি। ১৮৬৫ সালের ১১ জানুয়ারি ওয়ার্ডস ইনস্টিটিউশনের পরিদর্শক হিসেবে বিদ্যাসাগর মহাশয় তাঁর প্রথম রিপোর্টটি পেশ করেন।",ঈশ্বরচন্দ্র বিদ্যাসাগরের লেখা প্রথম মৌলিক গ্রন্থের নাম কী ?,প্রভাবতী সম্ভাষন,"1861 saler April mase Kolikata Training School-er secretary mononito hon Vidyasagar mahashoy. Ei bochor December mase Harishchandra Mukhopadhyay-er akalproyane grohon koren tar sampadito Hindu Patriot potrikar porichalonar bhar. 1862 sale Krishnadas Pal-ke ei potrikar editor niyukto koren tini. Ei bochor tar sampadanay prokashito hoy Banabhatta-r Kadambari. Michael Madhusudan Dutta take utsorgo koren swarachito Birangana kabya. 1863 sale sarkar take Wards Institution-er poridorshok niyukto kore. Ullekhyo, 8 theke 14 bochor boyoshi nabalok zamindarder shikkhadaner uddeshe 1856 sale ei Institution protishthito hoy. Bangla bhasay rochito prothom",Ishwarchandra Vidyasagorer lekha prothom moulik granther nam ki?,Probhaboti sombhashon,,
conversion-0025,"প্রতুলচন্দ্র সরকার ১৯১৩ সালের ২৩ ফেব্রুয়ারি বর্তমান বাংলাদেশের (পূর্বে: বেঙ্গল, ব্রিটিশ ভারত) টাঙ্গাইল জেলার অশোকপুর গ্রামে একটি দরিদ্র পরিবারে জন্মগ্রহন করেন।[1][2] তিনি শিবনাথ উচ্চ বিদ্যালয়ে লেখাপড়া করেন। তিনি তার জাদুবিদ্যার প্রাথমিক ধারণা নেন গণপতি চক্রবর্তীর কাছ থেকে। তার জাদু ১৯৩০ সালের দিকে জনপ্রিয় হওয়া শরু হয়। তিনি কলকাতা, জাপান এবং আরো অনেক দেশেই জাদু দেখিয়েছেন।",বিখ্যাত জাদুকর পি সি চন্দ্র সরকারের জন্ম কোথায় হয় ?,"বর্তমান বাংলাদেশের (পূর্বে: বেঙ্গল, ব্রিটিশ ভারত) টাঙ্গাইল জেলার অশোকপুর গ্রামে","Protulchandra Sarkar 1913 saler 23 February bortoman Bangladesh-er (purbe: Bengal, British Bharat) Tangail jelar Ashokpur grame ekta doridro poribare jonmogrohon koren.[1][2] Tini Shibnath Uchcho Bidyaloye lekhapora koren. Tini tar jadubidyar prathomik dharona nen Ganapati Chakrabortir kach theke. Tar jadu 1930 saler dike jonopriyo howa shuru hoy. Tini Kolkata, Japan ebong aro onek deshei jadu dekhiyechen.",Bikhyato jadukor P C Chandra Sarkarer jonmo kothay hoy?,"Bortoman Bangladesh-er (purbe: Bengal, British Bharat) Tangail jelar Ashokpur grame",,
conversion-0026,"হিন্দু শব্দটি এসেছে (পার্সিয়ান হয়ে) সংস্কৃত শব্দ সিন্ধু (ঐতিহাসিক স্থানীয় সিন্ধু নদী বা ইন্ডাস্ রিভার) থেকে। এর অবস্থান ছিল ভারতীয় উপমহাদেশের উত্তরপশ্চিম অংশে (বর্তমানে পাকিস্তান এবং উত্তর ভারতের অংশে)।[5][lower-alpha 1] গেবিন ফ্লাডের মতে, ""আসল পরিভাষা হিন্দু প্রথম দেওয়া হয় পার্সিয়ান ভৌগোলিক পরিভাষা থেকে যা দ্বারা সিন্ধু নদীর পাশে বসবাসকারী লোকেদের বোঝানো হত[5]। শব্দটি দিয়ে তখন ভৌগোলিক অবস্থান বোঝানো হত এবং এর দ্বারা কোন ধর্মকে বোঝানো হত না।[lower-alpha 2]",হিন্দু শব্দের উৎপত্তি কোন শব্দ থেকে ?,সংস্কৃত শব্দ সিন্ধু,"Hindu shobdoti esheche (Persian hoye) Sanskrit shobdo Sindhu (oitihashik sthaniyo Sindhu nodi ba Indus River) theke. Er obosthan chilo Bharotiyo upomohodesher uttarposhchim angshe (bortomane Pakistan ebong uttar Bharoter angshe).[5][lower-alpha 1] Gebin Flood er mote, ""asal poribhasha Hindu prothom deya hoy Persian bhougolik poribhasha theke ja diye Sindhu nodir pashe boshobashkori lokeder bojhano hoto[5]. Shobdoti diye tokhon bhougolik obosthan bojhano hoto ebong er dara kono dhormoke bojhano hoto na.[lower-alpha 2]",Hindu shobder utpotti kon shobdo theke?,Sanskrit shobdo Sindhu,,
conversion-0027,"শহীদ স্মৃতি সংগ্রহশালা বাংলাদেশের প্রথম মুক্তিযুদ্ধভিত্তিক সংগ্রহশালা। স্বাধীনতা যুদ্ধে শিক্ষক, ছাত্র, কর্মচারীদের স্মৃতিচিহ্ন নিয়ে রাজশাহী বিশ্ববিদ্যালয়ের সবুজ চত্তরে গড়ে উঠেছে দেশের সর্বপ্রথম মুক্তিযুদ্ধবিষয়ক জাদুঘরটি। স্বাধীনতা যুদ্ধের ও ইতিহাসের বিভিন্ন উপকরণ সুষ্ঠুভাবে সংরক্ষণের উদ্দেশ্যে ১৯৭৬ সালে এই সংগ্রহশালাটি প্রতিষ্ঠিত হয় রাজশাহী বিশ্ববিদ্যালয় ক্যাম্পাসের শহীদ মিনার কমপ্লেক্স এলাকায়।[1]",কত সালে মুক্তিযুদ্ধ জাদুঘরের উদ্ভোধন হয়েছিল ?,১৯৭৬,"Shohid Smriti Songrohoshala Bangladesh-er prothom muktijuddhovittik songrohoshala. Swadhinota juddhe shikkhok, chatro, kormochari-der smritichinho niye Rajshahi Bishwabidyaloyer sobuj chottore gore utheche desher sorboprothom muktijuddho-bishoyok jadughor-ti. Swadhinota juddher o itihasher bibhinno upokoron susthubhabe songrokkhoner uddeshe 1976 sale ei songrohoshalati protishthito hoy Rajshahi Bishwabidyaloy campus-er Shohid Minar Complex elakay.[1]",koto shale Muktijuddho Jadughorer udbodhon hoyechilo?,1976,,
conversion-0028,"প্রাগৈতিহাসিক যুগে গণনার যন্ত্র উদ্ভাবিত বিভিন্ন প্রচেষ্টাকে কম্পিউটার ইতিহাস হিসেবে ধরা হয়। প্রাচীন কালে মানুষ একসময় সংখ্যা বুঝানোর জন্য ঝিনুক, নুড়ি, দড়ির গিট ইত্যাদি ব্যবহার করত। পরবর্তীতে গণনার কাজে বিভিন্ন কৌশল ও যন্ত্র ব্যবহার করে থাকলেও অ্যাবাকাস (Abacus) নামক একটি প্রাচীন গণনা যন্ত্রকেই কম্পিউটারের ইতিহাসে প্রথম যন্ত্র হিসেবে ধরা হয়। এটি আবিষ্কৃত হয় খ্রিষ্টপূর্ব ২৪০০ সালে ব্যাবিলনে। অ্যাবাকাস ফ্রেমে সাজানো গুটির স্থান পরিবর্তন করে গননা করার যন্ত্র। খ্রিস্টপূর্ব ৪৫০/৫০০ অব্দে মিশরে বা চীনে গননা যন্ত্র হিসেবে অ্যাবাকাস তৈরি হয়।",পৃথিবীর কোন দেশে সর্বপ্রথম কম্পিউটার ব্যাবহার শুরু হয় ?,ব্যাবিলনে,"Pragoitihashik juge gononar jontra udbhabito bibhinno prochestake computer itihash hisebe dhora hoy. Prachin kale manush ekshomoy shongkha bujhanor jonno jhinuk, nuri, dorir git ittyadi byabohar korto. Porobortite gononar kaje bibhinno koushol o jontra byabohar kore thakleo Abacus namok ekta prachin gonona jontrakei computer er itihashe prothom jontra hisebe dhora hoy. Eti abishkrit hoy Khristopurbo 2400 sale Babylone. Abacus frame e sajano gutir sthan poriborton kore gonona korar jontra. Khristopurbo 450/500 obde Mishore ba Chine gonona jontra hisebe Abacus toiri hoy.",Prithibir kon deshe sorboprothom computer byabohar shuru hoy?,Babylone,,
conversion-0029,"মোহাম্মদ লুৎফর রহমান তৎকালীন ব্রিটিশ ভারত যশোর জেলার মাগুরা মহাকুমার (বর্তমান মাগুরা জেলা) পরনান্দুয়ালী গ্রামে ১৮৮৯ সালে জন্মগ্রহণ করেন। তার মাতা শামসুন নাহার এবং পিতা সরদার মইনউদ্দিন আহমদ,[2] যিনি একজন স্টেশন মাস্টার ছিলেন। এই দম্পতীর চার পুত্র ও এক কন্যার মধ্যে মোহাম্মদ লুৎফর রহমান একজন। তার পৈত্রিক নিবাস ছিল তৎকালীন যশোর জেলার মাগুরা মহাকুমার হাজীপুর গ্রামে।[2][4] লুত্ফর রহমানের পিতা ছিলেন এফ.এ পাস। ইংরেজি ভাষা ও ইংরেজি সাহিত্যের প্রতি তার পিতার অনুরাগ ছিল। সম্ভবত একারণেই পিতার অনুরাগ লুৎফর রহমানের মাঝে প্রতিভাস হয়েছিল।[5]",মোহাম্মদ লুৎফর রহমানের বাবার নাম কী ?,সরদার মইনউদ্দিন আহমদ,"Mohammad Lutfor Rahman totkalin British Bharat Jashore jelar Magura mohakumar (bortoman Magura jela) Pornanduyali grame 1889 sale jonmogrohon koren. Tar mata Shamsun Nahar ebong pita Sardar Moinuddin Ahmad,[2] jini ekjon station master chilen. Ei dompotir char putro o ek konnar moddhe Mohammad Lutfor Rahman ekjon. Tar poitrik nibas chilo totkalin Jashore jelar Magura mohakumar Hajipur grame.[2][4] Lutfor Rahmaner pita chilen F.A pass. Ingreji bhasha o Ingreji sahityer proti tar pitar onurag chilo. Somvoboto e karonei pitar onurag Lutfor Rahmaner majhe protibhash hoyechilo.[5]",Mohammad Lutfor Rahman er babar nam ki?,Sordar Moinuddin Ahmed,,
conversion-0030,সাড়ে ৪১ একর জায়গাজুড়ে বিস্তৃত প্রাসাদটি পরিখা ও উঁচু প্রাচীরঘেরা। প্রাসাদের পূর্বপাশে পিরামিড আকৃতির চারতলা প্রবেশদ্বার রয়েছে যা উপরের দিকে সরু হয়ে গেছে এবং এর উপরে একটি ঘড়িও রয়েছে। মধ্যযুগীয় বাংলাদেশের অন্যান্য সামন্ত প্রাসাদের মতোই নাটোরের রাজবাড়িতে রয়েছে দীর্ঘ প্রবেশ পথ যার দু ধারে বোতল পামের সুবিন্যাস লক্ষণীয়। নাটোরের ঐতিহাসিক দিঘাপতিয়ার রাজবাড়ি বর্তমানে উত্তরা গণভবন। প্রায় তিনশত বছরের প্রাচীন ঐতিহাসিক ঐতিহ্যবাহী দিঘাপতিয়া রাজবাড়িটি নাটোরের উত্তরা গণভবন নামে পরিচিত। বাংলাদেশের প্রাচীন ঐতিহাসিক নিদর্শনগুলোর মধ্যে অন্যতম নাটোরের দিঘাপতিয়া রাজবাড়ি বা  উত্তরা গণভবন। দিঘাপতিয়া রাজবংশের প্রতিষ্ঠাতা ছিলেন দয়ারাম রায়। তিনি নাটোরের রাজা-মহারাজ রামজীবনের একান্ত অনুগত একজন দেওয়ান ছিলেন। নাটোর রাজ্যের উত্থানে দয়ারাম রায় অসামান্য ভূমিকা রাখায় ১৭০৬ সালের দিকে রাজা রামজীবন উপহার হিসেবে বাসস্থানের জন্য তাকে দিঘাপতিয়ায় কিছু জমি দান করেন। পরে জমিদার ও রাজা হওয়ার পর ১৭৩৪ সালে দয়ারাম রায় দিঘাপতিয়া রাজবংশের প্রতিষ্ঠা করেন।,দীঘাপতিয়া রাজবংশ কবে প্রতিষ্ঠিত হয় ?,১৭৩৪ সালে,Sare 41 ekor jaygajure bistrito prasadti porikha o unchu prachirghera. Prasader purbopashe pyramid akritir chartola probeshdwar royeche ja uparer dike soru hoye geche ebong er upore ekta ghori-o royeche. Madhyajugiyo Bangladesher onnanno samonto prasader motoi Natore-r Rajbarite royeche dirgho probesh poth jar du dhare bottle palm-er subinnyash lokkhoniyo. Natore-r oitihashik Dighapatia-r Rajbari bortomane Uttora Gonobhobon. Pray tinshot bochorer prachin oitihashik oitijjobahi Dighapatia Rajbariti Natore-r Uttora Gonobhobon name porichito. Bangladesher prachin oitihashik nidorshong,Dighapatia rajbongsho kobe protishthito hoy?,1734 shale,,
conversion-0031,"নর্স পুরাণ প্রাথমিক ভাবে সংযুক্ত করা হয়েছে প্রাচীন নর্স কথ্য ভাষার সাথে, একটি উত্তর জার্মানিয় ভাষা যা ইউরোপীয় মধ্যযুগে স্ক্যান্ডিনেভিয়ার লোকেরা কথা বলতো, এবং এটা আধুনিক স্ক্যান্ডিনেভিয়ার ভাষার পূর্বপুরুষ। এই  প্রাচীন নর্স গ্রন্থের অধিকাংশ আইসল্যান্ডে সৃষ্টি হয়েছিল, যেখানে এর কথ্যরীতি, যা প্রাক-খ্রিষ্টান আদিবাসদের থেকে উদ্ভত, সংগৃহীত করা হয়েছিল এবং বিভিন্ন পাণ্ডুলিপিতে নথিবদ্ধ করা হয়েছিল। এইগুলো প্রাথমিক ভাবে ১৩শ শতাব্দীতে করা হয়েছিল। এই গ্রন্থসমূহদের মধ্যে ছিল প্রোস এড্ডা (Prose Edda), যা ১৩শ শতাব্দীতে স্নোরী স্টার্লসন দ্বারা রচিত হয়েছিল, এবং পোয়েটিক এড্ডা (Poetic Edda), আরম্ভিক ঐতিহ্যবাহী বিষয়সমূহ দ্বারা কবিতার সংকলন যা ১৩শ শতাব্দীতে অজ্ঞাত দ্বারা প্রণীত হয়েছিল।[1]",নর্স পুরাণ কবে রচিত হয় ?,১৩শ শতাব্দীতে,"Norse puran prothomik vabe songjukto kora hoyeche prachin Norse kothyo vashar sathe, ekta uttar Germanic vasha ja European moddhojug e Scandinaviar lokera kotha bolto, ebong eta adhunik Scandinaviar vashar purbopurush. Ei prachin Norse gronther odhikangsho Iceland e srishti hoyechilo, jekhane er kothyoriti, ja prak-Khrishtan adibashider theke udbhut, songroho kora hoyechilo ebong bibhinno pandulipite nothiboddho kora hoyechilo. Eigulo prothomik vabe 13sh shotabdite kora hoyechilo. Ei gronthosomuher moddhe chilo Prose Edda, ja 13sh shotabdite Snorri Sturluson dara rochito",Norse puran kobe rochito hoy?,13sh shotabdi te,,
conversion-0032,"১৯৯৭ সালে হ্যারি পটার অ্যান্ড দ্য ফিলোসফার্স স্টোন (আমেরিকাতে হ্যারি পটার অ্যান্ড সরসারার্স স্টোন নামে প্রকাশিত) নামে এই সিরিজের প্রথম বই প্রকাশিত হয়। প্রকাশিত হওয়ার পর থেকেই এই সিরিজের বইগুলি রচনার শৈল্পিক উৎকর্ষের জন্য সমালোচকদের কাছে প্রশংসিত হয়েছে এবং সারাবিশ্বের পাঠকমহলে তুমুল জনপ্রিয়তা ও ব্যবসায়িক সাফল্য অর্জন করেছে।[1] বইয়ের রাজ্যের পাশাপাশি সিনেমা ও ভিডিও গেমসের দুনিয়ায়ও আলোড়ন সৃষ্টি করেছে। ২০০৭ সালের এপ্রিল মাস পর্যন্ত সাতটি বইয়ের প্রথম ছয়টি বই সারা পৃথিবীতে ৩২৫ মিলিয়ন কপিরও বেশি বিক্রী হয়েছে[2] এবং ৬৪টিরও অধিক ভাষায় অনূদিত হয়েছে।[3] শুধুমাত্র কুরআন ,বাইবেল এবং বুক অব মরমন (মরমনদের ধর্মগ্রন্থ) ছাড়া আর কোন বইয়ের এই রেকর্ড নেই।[4] এই সিরিজের সপ্তম ও সর্বশেষ বই, হ্যারি পটার অ্যান্ড দ্য ডেথলি হ্যালোস, প্রকাশিত হয়েছে ২০০৭ সালের ২১ জুলাই।[5] প্রকাশকেরা শুধু মার্কিন যুক্তরাষ্ট্রেই বইটির রেকর্ড-ভঙ্গকারী ১২ মিলিয়ন কপি বিক্রির ঘোষণা দিয়েছেন।[6]",হ্যারি পটার উপন্যাসটির সর্বশেষ সিরিজটির নাম কী ?,হ্যারি পটার অ্যান্ড দ্য ডেথলি হ্যালোস,1997 shale Harry Potter and the Philosopher's Stone (Americate Harry Potter and Sorcerer's Stone name prokashito) name ei series-er prothom boi prokashito hoy. Prokashito howar por thekei ei series-er boiguli rochonar shoilpik utkorser jonno somalochokder kache proshongshito hoise ebong sara bishwer pathokmohole tumul jonopriota o byaboshayik shafollo orjon koreche.[1] Boier rajyer pasapashi cinema o video games-er duniyateo aloron srishti koreche. 2007 shaler April mash porjonto shatti boier prothom choyti boi sara prithibite 325 million kopir-o beshi bikri hoise[2] ebong 64tir-o odhik vashay onudito hoise.[3],Harry Potter uponnash-tar shorbosesh series-tar nam ki?,Harry Potter and the Deathly Hallows,,
conversion-0033,"বিশ্বের ইতিহাস বলতে এখানে পৃথিবী নামক গ্রহে বসবাসকারী  মানবজাতির ইতিহাস বোঝানো হয়েছে, গ্রহ হিসেবে পৃথিবীর ইতিহাস নয়। মানুষের ইতিহাস মূলত পুরাপ্রস্তর যুগে পৃথিবী জুড়ে শুরু হয়।  আদিম যুগ থেকে প্রাপ্ত সকল প্রত্নতাত্ত্বিক ও লিখিত দলিল এর আওতাভুক্ত। লিখন পদ্ধতি আবিষ্কারের মধ্য দিয়ে প্রাচীন প্রামাণ্য ইতিহাসের[1] শুরু হয়।[2][3] যদিও লিখন পদ্ধতি আবিষ্কারের পূর্ববর্তী যুগেও সভ্যতার নিদর্শন পাওয়া গেছে। প্রাগৈতিহাসিক যুগের সূচনা ঘটে পুরাপ্রস্তর যুগে। সেখান থেকে সভ্যতা প্রবেশ করে নব্যপ্রস্তর যুগে এবং এসময় কৃষি বিপ্লবের (খ্রিস্টপূর্ব ৮০০০-খ্রিস্টপূর্ব ৫০০০ অব্দ) সূচনা ঘটে। নব্যপ্রস্তর যুগের বিপ্লবে উদ্ভিদ ও পশুর গৃহপালন এবং নিয়মানুগ কৃষিপদ্ধতি রপ্ত করা মানব সভ্যতার একটি অনন্য মাইলফলক হিসেবে চিহ্নিত।[4][5][6] কৃষির উন্নয়নের সঙ্গে সঙ্গে বেশির ভাগ মানুষ যাযাবর জীবনযাত্রা ত্যাগ করে স্থায়ীভাবে কৃষকের জীবন গ্রহণ করে। তবে বহু সমাজে যাযাবর জীবনব্যবস্থা রয়ে যায়, বিশেষ করে ভৌগোলিকভাবে বিচ্ছিন্ন অঞ্চলগুলিতে ও যেখানে আবাদযোগ্য উদ্ভিদ প্রজাতির অভাব ছিল। কৃষি থেকে প্রাপ্ত খাদ্য নিরাপত্তা ও উদ্বৃত্ত উৎপাদনের ফলে গোষ্ঠীগুলি ধীরে ধীরে বৃদ্ধি পেয়ে আরও বড় সামাজিক প্রতিষ্ঠানের জন্ম দেয়। যোগাযোগ ব্যবস্থার উন্নয়নও এক্ষেত্রে একটি উল্লেখযোগ্য ভূমিকা রাখে।",পুরাপ্রস্তর যুগের পর কোন যুগের আবির্ভাব হয়েছিল ?,নব্যপ্রস্তর,"Bishwer itihash bolte ekhane Prithibi namok grohe boshobashkari manobjatir itihash bojhano hoyeche, groho hisebe Prithibir itihash noy. Manusher itihash muloto puraprostor juge Prithibi jure shuru hoy. Adim jug theke prapto shokol protnotattwik o likhito dolil er awtavukto. Likhon poddhoti abishkarer moddho diye prachin pramanyo itihasher[1] shuru hoy.[2][3] Jodio likhon poddhoti abishkarer purboborti jugeo shobhyotar nidorshon paoa geche. Pragaitihashik juger suchona ghote puraprostor juge. Sekhan theke shobhyota probesh kore nobyoprostor juge ebong eshomoy",Puraprostor juger por kon juger abirbhab hoyechilo?,nobyo-prostor,,
conversion-0034,"গ্রহের খনিজ সম্পদ ও জৈব সম্পদ উভয়ই মানবজাতির জীবনধারণের জন্য অপরিহার্য। এই গ্রহের অধিবাসীরা প্রায় ২০০টি স্বাধীন সার্বভৌম রাষ্ট্রে সমগ্র গ্রহটিকে বিভক্ত করে বসবাস করছে। এই সকল রাষ্ট্রের মধ্যে পারস্পরিক কূটনৈতিক, পর্যটন, বাণিজ্যিক ও সামরিক সম্পর্ক বিদ্যমান। মানব সংস্কৃতি গ্রহ সম্পর্কে বিভিন্ন ধারণার জন্মদাতা। এই সব ধারণার মধ্যে রয়েছে পৃথিবীকে দেবতা রূপে কল্পনা, সমতল বিশ্ব কল্পনা এবং পৃথিবীকে মহাবিশ্বের কেন্দ্ররূপে কল্পনা। এছাড়া একটি সুসংহত পরিবেশ রূপে বিশ্বকে কল্পনা করার আধুনিক প্রবণতাও লক্ষিত হয়। এই ধারণাটি বর্তমানে প্রাধান্য অর্জন করেছে।",পৃথিবীতে বর্তমানে মোট কয়টি দেশ রয়েছে ?,২০০,"Groher khonij shompod o joib shompod ubhoyi manobjatir jibondharoner jonno oporiharjo. Ei groher odhibashira pray 200ti shadhin sarbovhoum rastre shomogro grohtike bivokto kore boshobash korche. Ei shokol rastorer moddhe parosporik kutonitik, porjoton, banijjik o shamorik shomporko bidyoman. Manob shongskriti groho shomporke bibhinno dharonar jonmodata. Ei sob dharonar moddhe royeche prithibike debota rupe kolpona, shomotol bishwo kolpona ebong prithibike mohobishwer kendrorupe kolpona. Echara ekti susonghoto poribesh rupe bishwoke kolpona korar adhunik probonotao",Prithibite bortomane mot koyti desh royeche?,200,,
conversion-0035,"হালাকু খানের কমপক্ষে তিনজন সন্তান ছিল। তারা হলেন আবাকা খান, তাকুদার ও তারাকাই। আবাকা খান ১২৬৫ থেকে ১২৮২ সাল পর্যন্ত পারস্যের দ্বিতীয় ইলখান ছিলেন। এরপর তাকুদার ১২৮২ থেকে ১২৮৪ পর্যন্ত ইলখান ছিলেন। তারাকাইয়ের পুত্র বাইদু ১২৯৫ সালে ইলখান হন।[4] ১৫শ শতাব্দীর ইতিহাসবিদ মীর খাওয়ান্দ আরো দুই সন্তানের নাম উল্লেখ করেছেন তারা হলেন হিয়াক্সামাত ও তানদুন। হিয়াক্সামাত প্রথমে আর্মেনিয়া ও আজারবাইজান এবং তানদুন দিয়ারবাকির ও ইরাকের গভর্নরের দায়িত্বে ছিলেন।[5] তাদের জন্মের ধারাবাহিকতার তালিকাটি এভাবে লিপিবদ্ধ রয়েছে: আবাকা, হিয়াক্সামাত, তানদুন তাকুদার ও তারাকাই। হালাকু খানের পুত্রবধু আবশ খাতুন ১২৬৩ সালে শিরাজ শাসনের দায়িত্ব পান।[6]",ইলখানাতের দ্বিতীয় শাসক কে ছিলেন ?,আবাকা খান,"Halaku Khaner kompokkhe tinjon shontan chilo. Tara holen Abaka Khan, Takudar o Tarakai. Abaka Khan 1265 theke 1282 sal porjonto Parsyer ditiyo Ilkhan chilen. Erpor Takudar 1282 theke 1284 porjonto Ilkhan chilen. Tarakaiyer putro Baidu 1295 sale Ilkhan hon.[4] 15sh shotabdir itihashbid Mir Khawand aro dui shontaner nam ullekh korechen, tara holen Hiyaksamat o Tandun. Hiyaksamat prothome Armenia o Azerbaijan ebong Tandun Diyarbakir o Iraker governor-er daittoe chilen.[5] Tader jonmer dharabahikotar talikati evabe lipiboddho royeche: Abaka, Hiyaksamat, Tandun, Takudar o Tarakai.",Ilkhanater ditiyo shasok ke chilen?,Abaka Khan,,
conversion-0036,"১৮৭২-৭৫ সালে আলেকজান্ডার কানিংহাম প্রথম হড়প্পা সিলমোহর প্রকাশ করেন। তিনি ভুলবশত এটি ব্রাহ্মী লিপি মনে করেছিলেন।[14] এর প্রায় অর্ধশতাব্দী পরে ১৯১২ সালে জে. ফ্লিট আরও কতকগুলি হরপ্পা সিলমোহর আবিষ্কার করেন। এই সিলমোহর দেখে উদ্বুদ্ধ হয়ে ১৯২১-২২ সালে স্যার জন মার্শাল এই অঞ্চলে প্রত্নতাত্ত্বিক খননকার্য অভিযান চালান। এই অভিযানের ফলশ্রুতিতেই স্যার জন মার্শাল, রায়বাহাদুর দয়ারাম সাহানি ও মাধোস্বরূপ ভাট হরপ্পা এবং রাখালদাস বন্দ্যোপাধ্যায়, ই. জে. এইচ. ম্যাককি ও স্যার জন মার্শাল মহেঞ্জোদাড়ো আবিষ্কার করেন। ১৯৩১ সালের মধ্যেই মহেঞ্জোদাড়োর অধিকাংশ প্রত্নস্থল আবিষ্কৃত হয়ে গিয়েছিল। তৎসত্ত্বেও খননকার্য অব্যাহত থাকে। এরপর ১৯৪৪ সালে ভারতীয় পুরাতাত্ত্বিক সর্বেক্ষণের তদনীন্তন ডিরেক্টর স্যার মর্টিমার হুইলারের নেতৃত্বে অপর একটি দল এই অঞ্চলে খননকার্য চালায়। ১৯৪৭ সালের পূর্বে আহমদ হাসান দানি, ব্রিজবাসী লাল, ননীগোপাল মজুমদার, স্যার মার্ক অরেল স্টেইন প্রমুখ এই অঞ্চলে খননকার্যে অংশ নিয়েছিলেন।",মহেঞ্জোদারো সভ্যতা কে আবিষ্কার করেন ?,"রাখালদাস বন্দ্যোপাধ্যায়, ই. জে. এইচ. ম্যাককি ও স্যার জন মার্শাল","1872-75 sale Alexander Cunningham prothom Harappa silmohor prokash koren. Tini vulboshot eti Brahmi lipi mone korechilen.[14] Er pray ardhashatabdi pore 1912 sale J. Fleet aro kotokguli Harappa silmohor abishkar koren. Ei silmohor dekhe uddibdho hoye 1921-22 sale Sir John Marshall ei onchole protnotattwik khononkaj ovijan chalan. Ei ovijaner folshrutitei Sir John Marshall, Raybahadur Dayaram Sahani o Madhoswarup Bhat Harappa ebong Rakhaldas Bandyopadhyay, E. J. H. Mackay o Sir John Marshall Mohenjodaro abishkar koren. 1931 saler modhyei Mohenjodaro-r odhikangsho protnosthol ab",Mohenjodaro shobhyota ke abishkar koren?,"Rakhaldas Bandyopadhyay, I. Je. Eich. Mackay o Sir John Marshall",,
conversion-0037,"আলেপ্পো (Arabic: ﺣﻠﺐ‎ / ALA-LC: Ḥalab) সিরিয়ার সবচেয়ে বড় শহর এবং আলেপ্পো মুহাফাযার (সিরিয়ার প্রদেশ) রাজধানী। এটি সিরিয়র উত্তর-পশ্চিমে অবস্থিত এবং রাজধানী দামেস্ক থেকে ৩১০ কিলোমিটার দরে অবস্থিত। আলেপ্পোর জনসংখ্যা ২১৩২০০, এটি পূর্ব-ভূমধ্যসাগরীয় অঞ্চলের মধ্যেও অন্যতম বড় শহর। শতব্দীকাল ধরে আলেপ্পো সিরিয়ার সবচেয়ে জনবহুল অঞ্চল এবং ইস্তানবুল ও কায়রোর পরে উসমানীয় সাম্রাজ্যের তৃতীয় বৃহত্তম শহর ছিল।",সিরিয়ার ঐতিহাসিক শহর আলেপ্পোর বর্তমান জনসংখ্যা কত ?,২১৩২০০,"Aleppo (Arabic: Halab / ALA-LC: Halab) Siriyar sobcheye boro shohor ebong Aleppo muhafazar (Siriyar prodesh) rajdhani. Eti Siriyar uttar-poschime obosthito ebong rajdhani Damascus theke 310 kilometer dure obosthito. Aleppor jonoshonkha 213200, eti purbo-Bhumoddhoshagoriyo oncholer moddheo onnotomo boro shohor. Shotobdikal dhore Aleppo Siriyar sobcheye jonobohul onchol ebong Istanbul o Kayror pore Usmaniyo samrajyer tritiyo brihottom shohor chhilo.",Siriyar oitihashik shohor Aleppor bortoman jonsongkha koto?,213200,,
conversion-0038,"জীবনানন্দ দাশ (/dʒɪbɒnʌnɒndɔː dʌʃ/) (১৮ ফেব্রুয়ারি, ১৮৯৯ - ২২ অক্টোবর, ১৯৫৪; ৬ ফাল্গুন, ১৩০৫ - ৫ কার্তিক, ১৩৬১ বঙ্গাব্দ)[1] ছিলেন বিংশ শতাব্দীর অন্যতম প্রধান আধুনিক বাঙালি কবি, লেখক, প্রাবন্ধিক। তিনি বাংলা কাব্যে আধুনিকতার পথিকৃতদের মধ্যে অন্যতম।[2] জীবনানন্দের প্রথম কাব্যে নজরুল ইসলামের প্রভাব থাকলেও দ্বিতীয় কাব্য থেকেই তিনি হয়ে ওঠেন মৌলিক ও ভিন্ন পথের অনুসন্ধানী।[2] মৃত্যুর পর থেকে শুরু করে বিংশ শতাব্দীর শেষ ধাপে তিনি জনপ্রিয়তা পেতে শুরু করেন এবং ১৯৯৯ খ্রিস্টাব্দে যখন তার জন্মশতবার্ষিকী পালিত হচ্ছিল ততদিনে তিনি বাংলা সাহিত্যের অন্যতম জনপ্রিয় কবিতে পরিণত হয়েছেন।[3]",কবি জীবনানন্দ দাশ কত সালে জন্মগ্রহণ করেন ?,"১৮ ফেব্রুয়ারি, ১৮৯৯","Jibanananda Dash (/dʒɪbɒnʌnɒndɔː dʌʃ/) (18 February, 1899 - 22 October, 1954; 6 Falgun, 1305 - 5 Kartik, 1361 Bangabdo)[1] chilen bingsho shotabdir onnotomo prodhan adhunik Bangali kobi, lekhok, prabandhik. Tini Bangla kabye adhunikotar pothikritder moddhe onnotomo.[2] Jibananander prothom kabye Nazrul Islamer probhab thakleo ditiyo kabyo thekei tini hoye othen moulik o vhinno pother onushondhani.[2] Mrityur por theke shuru kore bingsho shotabdir shesh dhape tini jonopriota pete shuru koren ebong 1999 Khr",Kobi Jibanananda Dash koto sale jonmogrohon koren?,"18 February, 1899",,
conversion-0039,বাংলার প্রথম স্বাধীন রাজা ছিলেন শশাঙ্ক যিনি ৬০৬ খ্রীষ্টাব্দ থেকে ৬৩৭ খ্রীষ্টাব্দ পর্যন্ত রাজত্ব করেছিলেন। সম্ভবত তিনি গুপ্ত সম্রাটদের অধীনে একজন সামন্তরাজা ছিলেন । হর্ষবর্ধনের ভ্রাতা রাজ‍্যবর্ধন।কে ইনি হত‍্যা করেন। এই জন‍্য হর্ষবর্ধন-এর সঙ্গে তাঁর যুদ্ধ হয় । তাঁর শক্তি বৃদ্ধি হতে দেখে কামরুপ রাজ ভাস্করবর্মন তাঁর শত্রু হর্ষবর্ধন-এর সঙ্গে মিত্রতা স্থাপন করেন । শশাঙ্ক চালুক‍্যরাজ দ্বিতীয় পুলকেশীর সাহায‍্য পেয়েছিলেন এদের বিরুদ্ধে।শশাঙ্ক পরম শৈব ও বৌদ্ধবিদ্বেষী ছিলেন। পাটলীপুত্র ও কুশীনগরে বহু বৌদ্ধ কীর্ত্তি ধ্বংস করেন। ৬৩৭ খ্রীষ্টাব্দে শশাঙ্ক-এর মৃত্যুর পর তাঁর রাজ্যের পতন ঘটে। শশাঙ্ক‌ই প্রথম বাংলার রূপরেখা দিয়েছিলেন।,বৃহৎ বঙ্গ বা বিশাল বাংলার প্রথম স্বাধীন রাজা কে ছিলেন ?,শশাঙ্ক,Banglar prothom shadhin raja chilen Shashank jini 606 Khrishtabdo theke 637 Khrishtabdo porjonto rajotto korechhilen. Shombhoboto tini Gupta somratder odhine ekjon samantaraja chilen. Harshabardhaner bhai Rajyabardhan-ke ini hotya koren. Ei jonno Harshabardhan-er shonge tar juddho hoy. Tar shokti briddhi hote dekhe Kamarup raj Bhaskaravarman tar shotru Harshabardhan-er shonge mitrota sthapon koren. Shashank Chalukyaraj ditiyo Pulakeshir sahajjo peyechhilen eder biruddhe. Shashank porom Shaib o Bouddhobidbheshi chilen. Pataliputra o Kushinagore bohu Bouddho kirti dhongsho koren,Brihot Bongo ba Bishal Banglar prothom shadhin raja ke chilen?,Shoshank,,
conversion-0040,"আলফ্রেড ওয়ালেস যুক্তরাজ্যের ওয়েল্‌স্‌-এ অবস্থিত মনমথশায়ার কাউন্টির আস্ক শহরের নিকটবর্তী ল্যানবাডক (Llanbadoc) নামক গ্রামে জন্মগ্রহণ করেন।[2] টমাস ওয়ালেস ও মেরি অ্যান গ্রিনেলের নয় সন্তানের মধ্যে তিনি ছিলেন সপ্তম। টমাস সম্ভবত স্কটিশ বংশোদ্ভূত। তার পরিবার, অন্য অনেক ওয়ালেস পরিবারের মতোই, ত্রয়োদশ শতকে স্কটল্যান্ডের স্বাধীনতা যুদ্ধে নেতৃত্ব দানকারী উইলিয়াম ওয়ালেসের সাথে বংশীয় সম্পর্কের দাবী করে।[3] টমাস আইন বিষয়ে ডিগ্রি অর্জন করলেও কখনো আইন ব্যবসা করেননি; উত্তরাধিকারসূত্রে কিছু জমি পেয়েছিলেন যা থেকে আয়ও হতো, কিন্তু ব্যর্থ বিনিয়োগের কারণে তাদের পরিবারের অর্থনৈতিক অবস্থা দিনদিন খারাপ হতে থাকে।",বিখ্যাত ব্রিটিশ প্রকৃতিবিদ আলফ্রেড রাসেল ওয়ালেস কোন শহরে জন্মগ্রহণ করেন ?,আস্ক,"Alfred Wallace Juktorajyer Wales-e obosthito Monmouthshire County-r Usk shohorer nikotoborti Llanbadoc namok grame jonmogrohon koren.[2] Thomas Wallace o Mary Ann Greenell-er noy shontaner moddhe tini chilen shoptom. Thomas shombhoboto Scottish bongshodbhuto. Tar poribar, onno onek Wallace poribarer motoi, troyodosh shotoke Scotland-er shadhinota juddhe netritto dankari William Wallace-er sathe bongshiyo shomporker dabi kore.[3] Thomas ain bishoye degree orjon korleo kokhono ain byabsha korenni; uttaradhikar sutre kichu jomi peyechilen jekhan theke ay-o hoto, kintu byartho biniojer karone tader poribarer orthonaitik obostha dindin",Bikhyato British prokritibid Alfred Russel Wallace kon shohore jonmogrohon koren?,ask,,
conversion-0041,"যে সব তালের পদবিভাগ গুলি সমান মাত্রার দ্বারা গঠিত,তাকে সমপদী তাল বলে। যেমন: দাদরা তালটি ০৬ মাত্রা দ্বারা গঠিত,এর পদবিভাগটি হচ্ছে-- ধা ধি না । না তি না।। আর্থাৎ তিন তিন করে সামান মাত্রা নিয়ে এর পদবিভাজন করা হযেছে। কাহারবা,ত্রিতাল,চৌতাল ইত্যাদিও সমপদী তাল। যে সব তালের পদবিভাগ গুলি অসমান সেই সব তালকে বিসমপদী তাল বলা হয়। যেমন তেওড়া তালটি ০৭ মাত্রার এবং এর পদবিভাজনটি হচ্ছে-- ধা ধি না । ধি না । ধি না ।। অর্থাৎ তিন দুই দুই করে অসমান ভাবে পদ বিভাজন করা হয়েছে। ঝাপতাল, ধামার ইত্যদিও বিসমপদী তাল। সমান সংখ্যক মাত্রা বিশিষ্ট যে কোন বোল বা বাণী পর পর তিনবার বাজিয়ে গদের মুখে আসাকে তিহাই বলে। তেহাই দুই প্রকার। যথা: দমদার তেহাই ও বেদমদার তেহাই। যে তেহাই এর মধ্যবর্তী সময়ে দম নেয়ার অবকাশ থাকে তাকে দমদার তেহাই বলে। যে তেহাই এর মধ্যবর্তী সময়ে দম নেয়ার অবকাশ থাকেনা তাকে বেদমদার তেহাই কলে।",দাদরা তাল কত মাত্রা বিশিষ্ট ?,৬,"Je shob taler podobibhag guli soman matrar dara gothito, take somopodi tal bole. Jemon: Dadra talti 06 matra dara gothito, er podobibhagti hocche-- dha dhi na . na ti na.. Orthaat tin tin kore saman matra niye er podobibhajon kora hoyeche. Kaharba, Trital, Choutal ityadio somopodi tal. Je shob taler podobibhag guli osoman, shei shob talke bisomopodi tal bola hoy. Jemon Teora talti 07 matrar ebong er podobibhajonti hocche-- dha dhi na . dhi na . dhi na.. Orthaat tin dui dui kore osoman vabe podo bibhajon kora hoise. Jhaptal, Dhamar ityadio bisomopodi tal. Soman shong",Dadra tal koto matra bishisto?,6,,
conversion-0042,শ্যাজেল ছবিটির চিত্রনাট্য লেখেন ২০১০ সালে কিন্তু তার গল্পভাবনা পরিবর্তন না করে ছবিটিকে অর্থায়ন করবে কোন স্টুডিও খুঁজে পাননি। ২০১৪ সালের তার চলচিত্র হুইপল্যাশ এর সাফল্যের ফলে এই প্রকল্পটি নেয় সামিট এন্টারটেইনমেন্ট। ছবিটির চিত্রধারণ হয় ২০১৫ সালের আগস্ট থেকে সেপ্টেম্বর মাসে লস অ্যাঞ্জেলেসে। লা লা ল্যান্ড ছবিটির উদ্বোধনী প্রদর্শনী হয় ৭৩তম ভেনিস আন্তর্জাতিক চলচিত্র উৎসবে ২০১৬ সালের ৩১শে আগস্ট এবং যুক্তরাষ্ট্রের প্রেক্ষাগৃহে ছবিটি মুক্তি পায় ২০১৬ সালে ৯ই ডিসেম্বর। মাত্র ৩০ মিলিয়ন মার্কিন ডলার বাজেটে নির্মিত ছবিটি সারা বিশ্বে প্রায় ৪১৬.৮ মিলিয়ন মার্কিন ডলার আয় করে।,ড্যামিয়েন শ্যাজেল পরিচালিত হুইপল্যাশ চলচ্চিত্রটির প্রযোজক কে ছিলেন ?,শ্যাজেল,Shyazel chobitir chitronatyo lekhen 2010 sale kintu tar golpovabna poriborton na kore chobitike orthayon korbe kon studio khuje pan ni. 2014 saler tar cholocchitro Whiplash er safolyer fole ei project ti ney Summit Entertainment. Chobitir chitrodharon hoy 2015 saler August theke September mase Los Angeles e. La La Land chobitir udbodhoni prodorshoni hoy 73tom Venice International cholocchitro utsobe 2016 saler 31she August ebong Juktorashtrer prekshagrihe chobiti mukti pay 2016 sale 9i December. Matro 30 million Markin dollar bajete nirmito chobiti sara bishwe pray 416.8 million Markin dollar ay kore.,Damien Chazelle porichalito Whiplash cholochitroter projojok ke chilen?,Shajel,,
conversion-0043,বোর্ড অব গভর্নরস্‌ কর্তৃক ব্যাংকের প্রেসিডেন্ট নির্বাচিত করা হয়। তিনি পরিচালনা পরিষদের সভাপতি হিসেবে ব্যাংক পরিচালনা করে থাকেন। প্রেসিডেন্ট ৫ বছর সময়কালের জন্য নিযুক্ত হন। প্রয়োজনে তিনি পুণরায় নির্বাচিত হতে পারেন। সচরাচর এবং সর্বোবৃহৎ মালিকানার অধিকারী বিধায় জাপানীরাই এর প্রেসিডেন্ট হয়ে থাকেন। বর্তমান প্রেসিডেন্ট হচ্ছেন তাকিহিকো নাকাও। তিনি ২০১৩ সালে হারুহিকো'র স্থলাভিষিক্ত হন। এডিবি'র সদর দফতর ফিলিপাইনে অবস্থিত।[5][6] এর ঠিকানা হচ্ছে -,এশীয় উন্নয়ন ব্যাংকের বর্তমান সভাপতি কে ?,তাকিহিকো নাকাও,Board ob Governors kortik banker President nirbachito kora hoy. Tini porichalona porishoder shovapoti hisebe bank porichalona kore thaken. President 5 bochor shomoykaler jonno niyukto hon. Proyojone tini punoray nirbachito hote paren. Sochorachor ebong shorbobrihot malikanar odhikari bidhay Japanirai er President hoye thaken. Bortoman President hocchen Takihiko Nakao. Tini 2013 sale Haruhiko'r stholavishikto hon. ADB'r sodor doftor Philippines e obosthito.[5][6] Er thikana hocche -,Eshiyo Unnoyon Bank-er bortoman shovapoti ke?,Takihiko Nakao,,
conversion-0044,"জাকির আবদুল করিম নায়েক ১৮ অক্টোবর ১৯৬৫ সালে ভারতের মহারাষ্ট্রের মুম্বাইয়ে জন্মগ্রহণ করেন। তিনি মুম্বাইয়ের সেন্ট পিটার্স হাই স্কুলের ছাত্র ছিলেন। এরপর তিনি কিশিনচাঁদ চেল্লারাম কলেজে ভর্তি হন। তিনি মেডিসিনের ওপর টোপিওয়ালা ন্যাশনাল মেডিকেল কলেজ অ্যান্ড নাইর হসপিটালে ভর্তি হন। অতঃপর, তিনি ইউনিভার্সিটি অফ মুম্বাই থেকে ব্যাচেলর অব মেডিসিন সার্জারি বা এমবিবিএস ডিগ্রি অর্জন করেন।[4][22]",জাকির আব্দুল করিম নায়েক কোন বিশ্ববিদ্যালয় থেকে পড়াশোনা করেছেন ?,সেন্ট পিটার্স হাই স্কুলে,"Jakir Abdul Karim Nayek 18 October 1965 sale Bharoter Maharashtra-r Mumbai-te jonmogrohon koren. Tini Mumbai-r Saint Peter's High School-er chatro chilen. Erpor tini Kishinchand Chellaram College-e vorti hon. Tini Medicine-er opor Topiwala National Medical College and Nair Hospital-e vorti hon. Ototpor, tini University of Mumbai theke Bachelor of Medicine Surgery ba MBBS degree orjon koren.[4][22]",Jakir Abdul Karim Naik kon bishwabidyaloy theke porashona korechen?,Saint Peters High School e,,
conversion-0045,"উপজেলার ইতিহাস ১৯২১ সালে শাহ্জাদপুর, উল্লাপাড়া ও সিরাজগঞ্জ থানা হতে মোট ১০৮টি মৌজা নিয়ে বেলকুচি থানাটি প্রতিষ্ঠিত হয়। প্রথমে বেলকুচি মৌজায় এর কার্যালয় স্থাপিত হয়। প্রশাসনিক ব্যবস্থার আওতায় এই থানাকে স্থানীয় সরকার অধ্যাদেশ ১৯৮২ বলে এপ্রিল ১৯৮৩, ১লা বৈশাখ ১৩৯০ বাংলা সনে বেলকুচি থানাকে মানোন্নীত থানা হিসেবে উন্নীত করা হয়। বর্তমানে বেলকুচি উপজেলাটি ১টি পৌরসভা, ০৬টি ইউনিয়ন, ১০৮টি মৌজা ও ১৫১ টি গ্রাম নিয়ে গঠিত। ইউ/পি গুলো হলোঃ (১) বেলকুচি সদর, (২) রাজাপুর, (৩) ভাঙ্গাবাড়ী ইউনিয়ন, (৪) দৌলতপুর(তেঁয়াশিয়া) , (৫) ধুকুরিয়াবেড়া ও (৬) বড়ধুল। উপজেলা শহরটি ৮টি পূর্ণ মৌজা ও ১টি’র আংশিক মৌজা নিয়ে গঠিত। উপজেলা শহরের আয়তন ১৯.৩০ বর্গ কিঃমিঃ।",সিরাজগঞ্জ জেলার বেলকুচি উপজেলাটির আয়তন কত ?,১৯.৩০ বর্গ কিঃমিঃ,"Upazelar itihash 1921 sale Shahjadpur, Ullapara o Sirajganj thana hote mot 108ti mouja niye Belkuchi thanati protishthito hoy. Prothome Belkuchi moujay er karyaloy sthapit hoy. Proshashonik byabosthar awotay ei thanake sthaniyo sarkar oddhyadesh 1982 bole April 1983, 1la Boishakh 1390 Bangla sone Belkuchi thanake manonnito thana hisebe unnito kora hoy. Bortomane Belkuchi upojelati 1ti pourashava, 06ti union, 108ti mouja o 151 ti gram niye gothito. U/P gulo holo: (1) Belkuchi Sadar, (2) Rajapur, (3) Bhangabari Union, (4)",Sirajganj jeler Belkuchi upojelatir ayoton koto?,19.30 borgo ki.mi.,,
conversion-0046,"মিকেলাঞ্জেলোর জন্ম হয় ১৪৭৫ খ্রিষ্টাব্দের ৬ মার্চ, জন্মস্থান ক্যাপ্রিসি, যা তাসকানি-র আরেজ্জো-র কাছাকাছি অবস্থিত। ক্যাপ্রিসির বর্তমান নাম ক্যাপ্রিসি মিকেলাঞ্জেলো। কয়েক প্রজন্ম ধরে তাঁর পূর্বপুরুষরা ফ্লোরেন্সে ক্ষুদ্র পরিসরে ব্যাংকিং করতেন। ব্যাংক সর্বস্বান্ত হবার কারণে তাঁর পিতা, লুদভিকো দি লিওনার্দো বুওনারোত্তি সিমোনি, কিছু সময়ের জন্য ছোট শহর ক্যাপ্রিসিতে সরকারি প্রশাসক হিসাবে দায়িত্ব পালনে আসেন, এবং এখানেই মিকেলাঞ্জেলোর জন্ম হয়। তাঁর মায়ের নাম ফ্রাঞ্চেসকা দি নেরি দেল মিনিয়াতো দি সিয়েনা। মিকেলাঞ্জেলোর জন্মের কয়েক মাস পরে তাঁর পরিবার ফ্লোরেন্সে ফিরে আসে, তার পরে সেখানেই তিনি বড় হয়ে ওঠেন। পরবর্তীতে তাঁর মায়ের ক্রমাগত অসুস্থতার সময়ে এবং মৃত্যুপরবর্তীকালে (১৪৮১, তখন মিকেলাঞ্জেলোর বয়স ৬ বছর) তিনি সেত্তিগনানো শহরে এক পাথর খোদাইকারীর পরিবারের সাথে বসবাস করেন। এই শহরে মিকেলাঞ্জেলোর পিতার মালিকানাধীন একটি মার্বেল খনি ও একটি ছোট খামার ছিল।",মাইকেলেঞ্জেলোর জন্ম কোথায় হয় ?,১৪৭৫ খ্রিষ্টাব্দের ৬ মার্চ,"Michelangelor jonmo hoy 1475 Khristabder 6 March, jonmosthan Caprisi, ja Tascani-r Arezzo-r kachakachi obosthito. Caprisi-r bortoman nam Caprisi Michelangelo. Koyek projonom dhore tar purbopurushra Florence-e khudro porisore banking korten. Bank shorboshanto hoye jawar karone tar pita, Ludovico di Leonardo Buonarroti Simoni, kichu shomoyer jonno chhoto shohor Caprisi-te sorkari proshashok hishabe daitto palone asen, ebong ekhanei Michelangelor jonmo hoy. Tar mayer nam Francesca di Neri del Miniato di Siena. Michelangelor jonmer koyek mash pore tar poribar Florence-e fire ase, tar pore sekhanei tini boro hoye othen. Por",Michaelangelo-r jonmo kothay hoy?,1475 khristabder 6 March,,
conversion-0047,"কামারপুকুরে গুজব রটে যায়, দক্ষিণেশ্বরে অতিরিক্ত সাধনার শ্রমে শ্রীরামকৃষ্ণ পাগল হয়ে গেছেন। মা ও মধ্যমাগ্রজ রামেশ্বর তাঁর বিবাহদানের চিন্তাভাবনা করতে থাকেন। তাঁরা ভেবেছিলেন, বিবাহের পর সাংসারিক দায়-দায়িত্বের ভার কাঁধে চাপলে আধ্যাত্ম সাধনার মোহ তাঁর কেটে যাবে – তিনি আবার স্বাভাবিক জীবনের ছন্দে ফিরে আসবেন।[35] শ্রীরামকৃষ্ণ বিবাহে আপত্তি তো করলেনই না, বরং বলে দিলেন কামারপুকুরের তিন মাইল উত্তর-পশ্চিমে জয়রামবাটী গ্রামের রামচন্দ্র মুখোপাধ্যায়ের গৃহে কন্যার সাক্ষাৎ পাওয়া যাবে। ১৮৫৯ সালে পঞ্চমবর্ষীয়া বালিকা সারদার সঙ্গে তাঁর শাস্ত্রমতে বিবাহ সম্পন্ন হয়।[36] শ্রীরামকৃষ্ণের বয়স তখন তেইশ। বয়সের এই পার্থক্য উনিশ শতকীয় গ্রামীণ বঙ্গসমাজে কোনও অপ্রচলিত দৃষ্টান্ত ছিল না। যাই হোক, ১৮৬০ সালের ডিসেম্বরে শ্রীরামকৃষ্ণ সারদা দেবীকে ছেড়ে কলকাতায় ফিরে আসেন। ১৮৬৭ সালের মে মাসের আগে তাঁদের আর সাক্ষাৎ হয়নি।[35][36]",রামকৃষ্ণ পরমহংসের স্ত্রীর নাম কী ?,সারদা দেবী,"Kamarpukure gujob rote jay, Dakshineshware otirikto sadhanar shrome Shriramkrishna pagol hoye gechen. Ma o moddhomagroj Rameshwar tar bibahdaner chintabhavna korte thaken. Tara bhebechhilen, bibaher por sangsarik day-dayitter bhar kandhe chaple adhyatma sadhanar moh tar kete jabe – tini abar shabhavik jiboner chhonde fire asben.[35] Shriramkrishna bibaahe apotti to korleni na, borong bole dilen Kamarpukurer tin mile uttar-poschime Joyrambati gramer Ramchandra Mukhopadhyayer grihe konnyar sakkhat pawa jabe. 1859 sale ponchomoborshiya balika Saradar songe tar shastromote bibah somponno hoy.[36] Sh",Ramakrishna Paramahansher strir nam ki?,Saroda Debi,,
conversion-0048,"তার উচ্চতা ৫'৮"" । ২০০৯ মৌসুমের জুলাই-আগস্ট মাসে বাংলাদেশের ওয়েস্ট ইন্ডিজ সফরে তামিম ইকবাল তার প্রথম টেস্ট শতক করেন। খেলোয়াড় ও ক্রিকেট বোর্ডের মধ্যে বিবাদের কারণে ক্যারিবীয় দলটি অবশ্য খানিকটা দুর্বল ছিল। ৭ জন খেলোয়াড়ের টেস্ট অভিষেক হয় এ ম্যাচে। তামিমের ব্যাটিং বাংলাদেশকে এক ঐতিহাসিক বিজয় এনে দেয়। এটি ছিল ওয়েস্ট ইন্ডিজের বিপক্ষে বাংলাদেশের প্রথম টেস্ট বিজয় এবং দেশের বাইরের মাটিতেও প্রথম টেস্ট জয়।",তামিম ইকবাল খান কোন দলের বিরুদ্ধে বাংলাদেশী জাতীয় ক্রিকেট দলের হয়ে তাঁর জীবনের প্রথম আন্তর্জাতিক টেস্ট ম্যাচটি খেলেন ?,ওয়েস্ট ইন্ডিজ,"Tar uchchota 5'8"". 2009 mousumer July-August mashe Bangladesh-er West Indies sofore Tamim Iqbal tar prothom Test shotok koren. Kheloyar ar cricket board-er moddhe bibader karone Caribbean dolta obosshoi khanikta durbol chilo. 7 jon kheloyarer Test obhishek hoy e matche. Tamimer batting Bangladesh-ke ek oitihashik bijoy ene dey. Eti chilo West Indies-er bipokkhe Bangladesh-er prothom Test bijoy ebong desher bairer matiteo prothom Test joy.",Tamim Iqbal Khan kon daler biruddhe Bangladeshi jatio cricket daler hoye tar jiboner prothom antorjatik Test matchti khelen?,West Indies,,
conversion-0049,দ্বারকানাথ বর্তমান বাংলাদেশের ঢাকার বিক্রমপুরের মাগুরখণ্ডের নিবাসী ছিলেন। তাঁর বাবার নাম কৃষ্ণপান গঙ্গোপাধ্যায়। দ্বারকানাথ প্রবেশিকা পরীক্ষায় অকৃতকার্য হবার পরে গ্রাম ছেড়ে ফরিদপুরের লোনসিং গ্রামে শিক্ষকতা করতে আরম্ভ করেন। প্রথম স্ত্রী মারা যাওয়ার পরে তিনি ১৮৮৩ খ্রিস্টাব্দে কাদম্বিনী বসুকে বিয়ে করেন। [1] কাদম্বিনী (১৮৬১ - ১৯২৩) ছিলেন ব্রিটিশ ভারতের প্রথম ২ জন মহিলা স্নাতকের একজন এবং ইউরোপীয় চিকিৎসা শাস্ত্রে শিক্ষিত দক্ষিণ এশিয়ার প্রথম মহিলা চিকিৎসক।,বাংলার নবজাগরণের একজন উল্লেখযোগ্য ব্যক্তি দ্বারকানাথ গঙ্গোপাধ্যায়ের বাবার নাম কী ?,কৃষ্ণপান গঙ্গোপাধ্যায়,Dwarakanath bortoman Bangladesher Dhakar Bikrampurer Magurkhonder nibashi chilen. Tar babar nam Krishnopan Gangopadhyay. Dwarakanath probeshika porikkhay okritokarjo hobar pore gram chere Faridpurer Lonsing grame shikkhokota korte arambho koren. Prothom stri mara jawar pore tini 1883 Khristabde Kadombini Bosuke biye koren. [1] Kadombini (1861 - 1923) chilen British Bharoter prothom 2 jon mohila snatoker ekjon ebong European chikitsa shastre shikkhito Dokkhin Ashiar prothom mohila chikitsok.,Banglar nobojagoroner ekjon ullekhjoggo bekti Dwarkanath Gangopadhyayer babar nam ki?,Krishnopan Gangopadhyay,,
conversion-0050,"সিলেট শহরে ২৭টি ওয়ার্ড ও ২১০টি মহল্লা রয়েছে। এর আয়তন ২৬·৫ বর্গ কিলোমিটার। ২০০১ সালের ৯ এপ্রিল সিলেট শহরকে সিলেট সিটি কর্পোরেশনের অধীন করা হয়। সিলেট শহর হবিগঞ্জ, সুনামগঞ্জ, মৌলভীবাজার ও সিলেটের বিভাগীয় শহর হিসেবে ব্যবহৃত হয়। সিলেট সিটি কর্পোরেশন মূলত সিলেট শহরের বর্জ্য ব্যবস্থাপনা, রাস্তা নির্মাণ, ট্রাফিক পরিচালনা ও নিয়ন্ত্রণ, নিবন্ধনসহ আরো অনেক কাজে সংশ্লিষ্ট কাজ সম্পাদন করে। কর্পোরেশনের মেয়র ও ২২জন কমিশনার পুরো শহরের সব ধরনের উন্নয়নের কাজ করে থাকেন।[3]",সিলেট শহরের মোট আয়তন কত ?,২৬·৫ বর্গ কিলোমিটার,"Sylhet shohore 27ti ward o 210ti moholla royeche. Er ayoton 26.5 borgo kilometer. 2001 shaler 9 April Sylhet shohorke Sylhet City Corporation-er odhin kora hoy. Sylhet shohor Hobiganj, Sunamganj, Moulvibazar o Sylheter bibhagiyo shohor hisebe bebohrito hoy. Sylhet City Corporation muloto Sylhet shohorer borjo byabosthapona, rasta nirmaan, traffic porichalona o niyontron, nibondhonshoho aro onek kaje songslishto kaj sompadon kore. Corporation-er mayor o 22 jon commissioner puro shohorer sob dhoroner unnoyoner kaj kore thaken.[3]",Sylhet shohorer mot ayoton koto?,26.5 borgo kilometer,,
conversion-0051,"সুন্দরবন হলো বঙ্গোপসাগর উপকূলবর্তী অঞ্চলে অবস্থিত একটি প্রশস্ত বনভূমি যা বিশ্বের প্রাকৃতিক বিস্ময়াবলীর অন্যতম। গঙ্গা, মেঘনা ও ব্রহ্মপুত্র নদীত্রয়ের অববাহিকার বদ্বীপ এলাকায় অবস্থিত এই অপরূপ বনভূমি বাংলাদেশের খুলনা, সাতক্ষীরা ও বাগেরহাট জেলা এবং ভারতের পশ্চিমবঙ্গ রাজ্যের দুই জেলা উত্তর চব্বিশ পরগনা ও দক্ষিণ চব্বিশ পরগনা  জুড়ে বিস্তৃত। সমুদ্র উপকূলবর্তী নোনা পরিবেশের সবচেয়ে বড় ম্যানগ্রোভ বন হিসেবে সুন্দরবন বিশ্বের সর্ববৃহৎ অখণ্ড বনভূমি।[2]। ১০,০০০ বর্গ কিলোমিটার জুড়ে গড়ে ওঠা সুন্দরবনের ৬,০১৭ বর্গ কিলোমিটার[3] রয়েছে বাংলাদেশে  [4] এবং বাকি অংশ রয়েছে ভারতের মধ্যে। সুন্দরবন ১৯৯৭ খ্রিস্টাব্দে ইউনেস্কো বিশ্ব ঐতিহ্যবাহী স্থান হিসেবে স্বীকৃতি লাভ করে।  এর বাংলাদেশ ও ভারতীয় অংশ বস্তুত একই নিরবচ্ছিন্ন ভূমিখণ্ডের সন্নিহিত অংশ হলেও ইউনেস্কোর বিশ্ব ঐতিহ্যের তালিকায় ভিন্ন ভিন্ন নামে সূচিবদ্ধ হয়েছে; যথাক্রমে “সুন্দরবন” ও “সুন্দরবন জাতীয় উদ্যান” নামে। সুন্দরবনকে জালের মত জড়িয়ে রয়েছে সামুদ্রিক স্রোতধারা, কাদা চর এবং ম্যানগ্রোভ বনভূমির লবণাক্ততাসহ ক্ষুদ্রায়তন দ্বীপমালা। মোট বনভূমির ৩১.১ শতাংশ, অর্থাৎ ১,৮৭৪ বর্গকিলোমিটার জুড়ে রয়েছে নদীনালা, খাঁড়ি, বিল মিলিয়ে জলাকীর্ণ অঞ্চল।[3] বনভূমিটি, স্বনামে বিখ্যাত রয়েল বেঙ্গল টাইগার ছাড়াও নানান ধরণের পাখি, চিত্রা হরিণ, কুমির ও সাপসহ অসংখ্য প্রজাতির প্রাণীর আবাসস্থল হিসেবে পরিচিত। জরিপ মোতাবেক ১০৬ বাঘ ও ১০০০০০ থেকে ১৫০০০০ চিত্রা হরিণ রয়েছে এখন সুন্দরবন এলাকায়। ১৯৯২ সালের ২১শে মে সুন্দরবন রামসার স্থান হিসেবে স্বীকৃতি লাভ করে। সুন্দরবনে প্রতি বছর হাজার হাজার পর্যটক ঘুরতে আসে। দেশ-বিদেশের অসংখ্য পর্যটক সুন্দরবনের অপরূপ সৌন্দার্যে মুগ্ধ।  করার মাধ্যমে তার প্রকৃতি থেকে বিভিন্ন জ্ঞান অর্জন করে।",পশ্চিমবঙ্গের সুন্দরবন এলাকায় কোন জাতীয় উদ্ভিদের দেখা পাওয়া যায় ?,ম্যানগ্রোভ,"Sundarban holo Bongoposagor upokulborti onchole obosthito ekta proshosto bonbhumi ja bishwer prakritik bismoyabolir onnotomo. Gonga, Meghna o Brahmaputra noditroyer obobahikar boddip elakay obosthito ei oporup bonbhumi Bangladesher Khulna, Satkhira o Bagerhat jela ebong Bharoter Poshchimbongo rajyer dui jela Uttar Chobbish Porgona o Dokkhin Chobbish Porgona jure bistrito. Somudro upokulborti nona poribesher shobcheye boro mangrove bon hisebe Sundarban bishwer shorbobrihot okhondo bonbhumi.[2] 10,000 borgo kilometer jure gore otha Sundarbaner 6,017 borgo kilometer",Poshchimbonger Sundarban elakay kon jatio udbhid er dekha paoa jay?,mangrove,,
conversion-0052,আবু বকর ৫৭৩ সালের দিকে মক্কার কুরাইশ বংশের বনু তাইম গোত্রে জন্মগ্রহণ করেছেন।[6] তার বাবার নাম আবু কুহাফা ও মায়ের নাম সালমা বিনতে সাখার।,ইসলামের প্রথম খলিফা আবু বকর কবে জন্মগ্রহণ করেন ?,৫৭৩ সালে,Abu Bakar 573 saler dike Makkar Quraysh bongser Banu Taim gotre jonmogrohon korechen.[6] tar babar nam Abu Quhafa o mayer nam Salma binte Sakhar.,Islamer prothom khalifa Abu Bakr kobe jonmogrohon koren?,573 sale,,
conversion-0053,"মিয়ানমারের মোট আয়তন ৬৭৬,৫৫২ বর্গকিলোমিটার। উত্তর-দক্ষিণে এর দৈর্ঘ্য প্রায় ২,০৮৫ কিলোমিটার। পূর্ব-পশ্চিমে এর সর্বোচ্চ বিস্তার প্রায় ৯৩০ কিলোমিটার। উপকূলীয় এলাকাটি নিম্ন মিয়ানমার এবং অভ্যন্তরীণ অংশটি ঊর্ধ্ব মিয়ানমার নামে পরিচিত। অশ্বখুরাকৃতি পর্বতব্যবস্থা ও ইরাবতী নদীর উপত্যকা দেশটির ভূ-সংস্থানের প্রধান বৈশিষ্ট্য। উত্তরের পর্বতগুলির সর্বোচ্চ শৃঙ্গ হকাকাবো রাজি-র উচ্চতা ৫,৮৮১ মিটার। এটি দক্ষিণ-পূর্ব এশিয়ার সর্বোচ্চ শৃঙ্গ। আরও দুইটি পর্বতব্যবস্থা উত্তর থেকে দক্ষিণে বিস্তৃত। আরাকান ইয়োমা পর্বতমালাটি মিয়ানমার ও ভারতীয় উপমহাদেশের মধ্যে একটি প্রাচীরের সৃষ্টি করেছে। এর পর্বতগুলির উচ্চতা প্রধানত ৯১৫ মিটার থেকে ১,৫২৫ মিটার পর্যন্ত হয়। অন্যদিকে শান মালভূমি থেকে বিলাউকতাউং পর্বতশ্রেণীটি প্রসারিত হয়ে দক্ষিণ-পূর্ব নিম্ন মিয়ানমার এবং দক্ষিণ-পশ্চিম থাইল্যান্ডের সীমান্ত বরাবর চলে গেছে। শান মালভূমিটি চীন থেকে প্রসারিত হয়েছে এবং এর গড় উচ্চতা প্রায় ১,২১৫ মিটার।",মায়ানমারের বর্তমান (২০১৯) আয়তন কত ?,"৬৭৬,৫৫২ বর্গকিলোমিটার","Myanmar-er mot ayoton 676,552 borgokilometer. Uttar-dokkhin e er doirgho pray 2,085 kilometer. Purbo-poshchime er sorbocho bistar pray 930 kilometer. Upokuliyo elakati nimno Myanmar ebong obhontorin angshoti urdho Myanmar name porichito. Oshwokhurakriti porbotbyabostha o Iraboti nodir upotyaka deshtir bhu-songsthaner prodhan boishishto. Uttorer porbotgulir sorbocho shringo Hkakabo Razi-r uchchota 5,881 meter. Eti dokkhin-purbo Asia-r sorbocho shringo. Aro duiti porbotbyabostha uttar theke dokkhine bistrito. Arakan Yoma porbotmalati Myanmar o Bharotiyo upomohodesher moddhe ekti",Myanmar-er bortoman (2019) ayoton koto?,"676,552 borgokilometer",,
conversion-0054,"বস্তুত, কাগজ শব্দটি আরবী মূলক। এছাড়া দোয়াত, কলমও এজাতীয় আরবি শব্দ। সুতরাং কাগজ শব্দটি আরবি হলেও প্রাচীন হিন্দুরাজ্য সময়ে ভারতে কাগজের ব্যবহার ছিল এমনটা মনে করা হয়।[4]",কাগজ শব্দটি কোন ধরণের বাংলা শব্দ ?,আরবী মূলক,"Bostut, kagoj shobdoti Arbi mulok. Echara doyat, kolom-o ejatiyo Arbi shobdo. Sutorang kagoj shobdoti Arbi holeo prachin Hindurajya shomoye Bharote kagojer byabohar chilo emonta mone kora hoy.[4]",kagoj shobdoti kon dhoroner Bangla shobdo?,Arbi mulok,,
conversion-0055,আনোয়ার ইব্রাহীম ইউনাইটেড মালয় ন্যাশনাল অর্গানাইজেশন বা ইউএমএনও ( UMNO ) এর সদস্য থাকাকালীন সময়ে ১৯৯৩-১৯৯৮ সাল পর্যন্ত মালয়েশিয়ার উপ-প্রধানমন্ত্রী এবং ১৯৯১-১৯৯৮ সাল পর্যন্ত অর্থ মন্ত্রীর দায়িত্ব পালন করেন। কিন্তু পরে তিনি প্রধানমন্ত্রী মাহাথির মোহাম্মদ কর্তৃক বরখাস্ত হন। এবং দুর্নীতি ও সমকামিতার দায়ে জেলহাজতে প্রেরিত হন।,মালয়েশিয়ান রাজনীতিবিদ ও বিরোধীদলীয় নেতা আনোয়ার ইব্রাহীম কত সাল থেকে কত সাল পর্যন্ত মালয়েশিয়ার উপ-প্রধানমন্ত্রী ছিলেন ?,১৯৯৩-১৯৯৮,Anowar Ibrahim United Malay National Organization ba UMNO er sodossho thakakalin somoye 1993-1998 sal porjonto Malaysia-r upo-prodhanmontri ebong 1991-1998 sal porjonto ortho montrir daitto palon koren. Kintu pore tini prodhanmontri Mahathir Mohammad kortik borkhasto hon. Ebong durniti o somokamitar daye jelhajote prerit hon.,Malaysian rajnitibid o birodhidoliyo neta Anwar Ibrahim koto sal theke koto sal porjonto Malaysia-r up-pradhanmontri chilen?,1993-1998,,
conversion-0056,"সুই সম্রাট ওয়েন (隋文帝; ২১ জুলাই, ৫৪১ – ১৩ আগস্ট, ৬০৪) ছিলেন চীনের সুই সাম্রাজ্যের (৫৮১ – ৬১৮) প্রতিষ্ঠাতা ও প্রথম সম্রাট। তার পারিবারিক নাম ছিল ইয়াং জিয়ান, সিয়ানবেই নাম পালিউরু জিয়ান, এবং ডাকনাম নালুওইয়ান। তিনি বৌদ্ধ ধর্মের অনুসারী ছিলেন এবং তার সাম্রাজ্যে বৌদ্ধ ধর্ম প্রচারের জন্য কাজ করেন।[2] জিন সাম্রাজ্য সময়কালের পর চীনকে পুনরায় একত্রিত করার জন্য তাকে চীনের ইতিহাসের একজন গুরুত্বপূর্ণ শাসক বলে অভিহিত করা হয়। তার শাসনামলে চীনের মহাপ্রাচীর বর্ধিতকরণের কাজ করা হয় এবং গ্র্যান্ড খাল খনন করা হয়।[3]",সুই সাম্রাজ্যের প্রথম সম্রাট কে ছিলেন ?,সুই সম্রাট ওয়েন,"Sui Somrat Wen (Sui Wendi; 21 July, 541 – 13 August, 604) chilen Chiner Sui Samrajyer (581 – 618) protishthata o prothom somrat. Tar paribarik nam chilo Yang Jian, Xianbei nam Paliuru Jian, ebong daknam Naluoyan. Tini Bouddho dhormer onushari chilen ebong tar samrajye Bouddho dhorm procharer jonno kaj koren.[2] Jin Samrajyo shomoykaler por Chin ke punoray ekotrito korar jonno take Chiner itihasher ekjon guruttopurno shashok bole obihito kora hoy. Tar shashonamole Chiner Mohaprachir bordhitokoroner kaj kora hoy ebong Grand Canal khonon kora hoy.[3]",Sui samrajyer prothom somrat ke chilen?,sui somrat oen,,
conversion-0057,"রিজওয়ানা হাসানের পৈতৃক নিবাস হবিগঞ্জ, যদিও জন্মেছেন ঢাকার ধানমন্ডিতে ১৯৬৮ খ্রিস্টাব্দের ১৫ জানুয়ারি।[7] বাবা সৈয়দ মহিবুল হাসান, মা সুরাইয়া হাসান। বাবা-মায়ের একমাত্র কন্যা তিনি এবং পরিবারে সবার ছোট।[7] পরবর্তীতে সহপাঠী আইনবিদ ব্যবসায়ী আবু বকর সিদ্দিক-এর সাথে বিবাহবন্ধনে আবদ্ধ হন। তিনি তিন সন্তানের জননী: মেয়ে নেহলা, দুই ছেলে যাবির ও জিদান।[3]",সৈয়দা রিজওয়ানা হাসানের বাবার নাম কী ?,সৈয়দ মহিবুল হাসান,"Rizwana Hasaner poitrik nibash Hobiganj, jodio jonmechen Dhakar Dhanmondite 1968 Khristabder 15 January.[7] Baba Syed Mohibul Hasan, ma Suraiya Hasan. Baba-mayer ekmatro konna tini ebong poribare sobar choto.[7] Porobortite sohopathi ainbid byaboshayi Abu Bakar Siddik-er sathe bibahobondhone aboddho hon. Tini tin shontaner jononi: meye Nehla, dui chele Jabir o Zidan.[3]",Soyeda Rizwana Hasaner babar nam ki?,Soiyod Mohibul Hasan,,
conversion-0058,"মলয় রায়চৌধুরীর প্রথম কাব্যগ্রন্হ শয়তানের মুখ ১৯৬৩ সালে কৃত্তিবাস প্রকাশনী ধেকে প্রকাশিত হয়েছিল। পরীক্ষা-নিরীক্ষার কারণে গ্রন্হটিকে একটি জলবিভাজক বলে মনে করা হয়। মলয় তাঁর প্রতিটি কাব্যগ্রন্হে পরীক্ষা-নিরীক্ষা করেছেন এবং একটি সম্পূর্ণ ভিন্ন ধারার কবিতার জনকরূপে বাংলা সাহিত্যে একটি বিশেষ স্হান করে নিয়েছেন। তাঁর কবিতা বাংলাসাহিত্যের সনাতন ঐতিহ্যকে, নিয়মানুবর্তিতাকে, আমূল নাড়া দিয়েছিল। কবিতার ভাষায়, ছন্দে, অলংকারে, চিত্রকল্পে তুমূল ভাংচুর পাঠকের অভ্যস্ত চোখ ও কানকে বিব্রত করেছিল। যৌনতার সংগে তিনি এনেছিলেন ব্যঙ্গ, আত্মপরিহাস ও অসহায় মানুষের নিষগফলতার যন্ত্রণা। উপন্যাস ও ছোটগল্পে তিনি নিজস্ব গদ্য সৃষ্টি করেছেন এবং তাঁর প্রবন্ধকে আপোষহীন বলে মনে করা হয়। তাঁর নাটক তিনটিকে বলা হয়েছে উত্তরাধুনিক, যদিও সেগুলি হাংরি আন্দোলনের সময়ে রচিত। তার প্রবন্ধ ও পোলেমিক্সগুলি থেকে স্পষ্ট হয় কেন তাঁকে প্রতিষ্ঠানবিরোধিতার জনক বলা হয়। মলয় যাঁদের কাজ অনুবাদ করেছেন তাদের মধ্যে উল্লেখযোগ্য হলেন উইলিয়াম ব্লেক, জাঁ ককতো, সালভাদোর দালি, পল গঁগা, ব্লাইজি সঁদরা, ত্রিস্তান জারা, অ্যালেন গিন্সবার্গ, লরেন্স ফেরলিংঘেট্টি, পাবলো নেরুদা এবং ফেদেরিকো গারথিয়া লোরকা।মলয় গ্রন্হে সম্পাদক মুর্শিদ এ. এম. ভূমিকায় জানিয়েছেন যে নব্বুই দশকের পর রচিত তার সাহিত্যকর্মকে বলা হয়েছে অধুনান্তিক।",বাঙালি হাংরিয়ালিজম যুগের লেখক মলয় রায়চৌধুরীর প্রথম প্রকাশিত কাব্যগ্রন্থের নাম কী ?,শয়তানের মুখ,"Moloy Raychoudhurir prothom kabyagrantho Shoytaner Mukh 1963 sale Krittibas Prokashoni theke prokashito hoyechhilo. Porikkha-nirikhar karone granthotike ekta jolbibhajok bole mone kora hoy. Moloy tar protiti kabyagranth e porikkha-nirikha korechen ebong ekta shompurno vhinno dharar kobitar jonokrupe Bangla sahitye ekta bishesh sthan kore niyechen. Tar kobita Bangla sahityer sonaton oitihyoke, niyomanubortitake, amul nara diyechhilo. Kobitar vashay, chhonde, olongkare, chitrokolpe tumul bhangchur pathoker obhyosto chokh o kanke bibroto korechhilo. J",Bangali Hangriyalizm juger lekhok Moloy Raychoudhurir prothom prokashito kabyogranther nam ki?,Shoytaner mukh,,
conversion-0059,খাদিজা বিনতে খুওয়াইলিদ (Arabic: خديجة بنت خويلد‎) হলেন ইসলাম গ্রহণকারী প্রথম ব্যক্তি এবং এই মহাবিশ্বের সর্বশেষ নবী মুহাম্মদ (স.) এর প্রথম স্ত্রী।[1] তার কুনিয়া উম্মু হিন্দ এবং উপাধি তাহিরা। ইসলামের গ্রহণের আগেই পবিত্র চরিত্রের জন্য তাহিরা উপাধি লাভ করেন; যার অর্থ পবিত্র।[2],নবী মুহাম্মদের প্রথম স্ত্রীর নাম কী ?,খাদিজা বিনতে খুওয়াইলিদ,Khadija binte Khuwaylid (Arabic: Khadija bint Khuwaylid) holen Islam grohonkari prothom bekti ebong ei mohabishwer sorbosesh Nabi Muhammad (s.) er prothom stri.[1] Tar kuniya Ummu Hind ebong upadhi Tahira. Islam grohoner agei pobitro choritrer jonno Tahira upadhi lav koren; jar ortho pobitro.[2],Nobi Muhammad er prothom strir nam ki?,Khadija binte Khuwaylid,,
conversion-0060,"স্ক্যিদ-ল্দে-ন্যিমা-গোনের অপর পুত্র ও জাংস্কার রাজ্যের প্রতিষ্ঠাতা ল্দে-গ্ত্সুগ-ম্গোনের পুত্রহীন অবস্থায় মৃত্যু হলে ৯৬৭ খ্রিষ্টাব্দে ব্যাং-ছুব-য়ে-শেস'-ওদ গুজ, পু-হ্রাং, জাংস্কার, স্পিতি, লাহুল এবং উত্তর কিন্নর অঞ্চলকে একত্র করে এক সংগঠিত রাজ্যের অধীশ্বর হন।[32][33] তিনি রাজত্বকালের শুরুতে ব্কা'-শোগ-ছেন-মো (Wylie: bka’ shog chen mo) নামক একটি আদেশ জারি করে তাঁর রাজত্বকে ধর্মীয় ভিত্তিতে চালনা করবেন বলে স্থির করেন। সেই কারণে তিনি একাধারে রাজা ও লামা উভয় হিসেবে পরিচিতি লাভ করেন।[33][34] তিনি তিব্বতে দ্বিতীয়বার বৌদ্ধধর্ম প্রসারের জন্যও বিখ্যাত। তিনি কাশ্মীরে বৌদ্ধধর্ম শিক্ষার উদ্দেশ্যে তিব্বত থেকে একুশ জন শিক্ষার্থীকে পাঠান। সংস্কৃত থেকে তিব্বতী ভাষায় বৌদ্ধ ধর্ম গ্রন্থগুলির অনুবাদ করা তাঁদের এই শিক্ষালাভের উদ্দেশ্য ছিল। এঁদের মধ্যে রিন-ছেন-ব্জাং-পো এবং লেগ্স-পা'ই-শেস-রাব (Wylie: legs pa'i shes rab) নামক দুইজন শিক্ষার্থী পরবর্তীকালে তিব্বতে বৌদ্ধ ধর্ম প্রসারে সহায়ক হন। রিন-ছেন-ব্জাং-পো বহু সংস্কৃত গ্রন্থের তিব্বতী ভাষায় অনুবাদ করেন এবং লাদাখ অঞ্চলে বহু বৌদ্ধবিহার নির্মাণ করেন।[35] ৯৯৭ খ্রিষ্টাব্দে ব্যাং-ছুব-য়ে-শেস'-ওদ থোলিং বৌদ্ধবিহার নির্মাণ করেন।[35] ব্যাং-ছুব-য়ে-শেস'-ওদ কয়েক জন দূতের হাতে প্রচুর স্বর্ণ উপঢৌকন দিয়ে অতীশ দীপঙ্করকে তিব্বত ভ্রমণের আমন্ত্রন জানালে দীপঙ্কর সবিনয়ে তা প্রত্যাখ্যান করেন। এই সময় তিনি সীমান্ত অঞ্চলে সোনা সংগ্রহের জন্য গেলে কারাখানী খানাতের শাসক তাঁকে বন্দী করেন ও প্রচুর সোনা মুক্তিপণ হিসেবে দাবী করেন। তিনি তাঁর পুত্র ল্হা-লামা-ব্যাং-ছুব-ওদকে মুক্তিপণ দিতে বারণ করেন এবং ঐ অর্থ অতীশ দীপঙ্করকে তিব্বতে আনানোর জন্য ব্যয় করতে বলেন। বন্দীদশায় তাঁর মৃত্যু হয়। ল্হা-লামা-ব্যাং-ছুব-ওদ গুজ রাজ্যের রাজা হয়ে গুং-থং-পা নামে এক বৌদ্ধ উপাসককে ও আরো কয়েক জন অনুগামীকে অতীশ দীপঙ্করকে তিব্বতে আনানোর দায়িত্ব দেন। এরা নেপালের পথে বিক্রমশীলা বিহারে উপস্থিত হন এবং দীপঙ্করের সাথে সাক্ষাৎ করে সমস্ত সোনা নিবেদন করে ভূতপূর্ব রাজা ব্যাং-ছুব-য়ে-শেস'-ওদের বন্দী হওয়ার কাহিনী ও তাঁর শেষ ইচ্ছার কথা ব্যক্ত করলে অতীশ দীপঙ্কর অভিভূত হয়ে তিব্বত যাত্রা করেন।[36] এর ফলে পশ্চিম তিব্বতে বৌদ্ধ ধর্মের প্রভাব বিস্তার ঘটে।[32][37]:৩৮৮, ৩৯৪[38] ১০৭৩ খ্রিষ্টাব্দে সা-স্ক্যা বৌদ্ধবিহার এবং ১১৫৫ খ্রিষ্টাব্দে ম্ত্শুর-ফু বৌদ্ধবিহার স্থাপিত হয়। [39]:৩৭ এই সময় রাজধানী থোলিং বৌদ্ধধর্মের এক গুরুত্বপূর্ণ পীঠস্থানে পরিণত হয়।[32] ১০৮৮ খ্রিষ্টাব্দে ল্হা-লামা-ব্যাং-ছুব-ওদের পুত্র র্ত্সে-ল্দেকে (Wylie: rTse lde) দ্বাং-ল্দে (Wylie: dBang lde) নামক তাঁর ভ্রাতুষ্পুত্র হত্যা করলে গুজ ও পু-হ্রাং নামে দুইটি পৃথক রাজ্যে তাঁদের রাজ্য ভেঙ্গে যায়। দ্বাং-ল্দে গুজ রাজ্য নিজের অধিকারে রাখেন।[37]:৫৩-৬৬ ১১৩৭ খ্রিষ্টাব্দে কারাখানী খানাতের আক্রমণে গুজ রাজ্যের রাজা ব্ক্রা-শিস-র্ত্সে (Wylie: bKra shis rtse) মৃত্যুবরণ করলে রাজ্য কয়েক বছরের জন্য বিভক্ত হয়ে পড়ে। ১২৪০ খ্রিষ্টাব্দে মঙ্গোল সম্রাটেরা এই অঞ্চলের প্রশাসনিক অধিকার দ্রিগুং বৌদ্ধবিহারকে দান করেন। কিন্তু ১২৬৫ খ্রিষ্টাব্দে গ্রাগ্স-পা-ল্দে (Wylie: grags pa lde) নামক এক শক্তিশালী রাজার অধীনে গুজ পুনরায় এক রাজ্যে পরিণত হয় এবং প্রতিবেশী য়া-র্ত্সে (Wylie: ya rtse) রাজ্যকেও নিজেদের অধীনে নিয়ে আসে। ১২৭৭ খ্রিষ্টাব্দে তাঁর মৃত্যু হলে এই অঞ্চলটি সা-স্ক্যা বৌদ্ধসম্প্রদায়ের কর্তৃত্বে চলে আসে। কিন্তু ১৩৬৩ খ্রিষ্টাব্দে সা-স্ক্যা বৌদ্ধসম্প্রদায়ের পৃষ্ঠপোষক হিসেবে পরিচিত মঙ্গোল ইউয়ান রাজবংশের পতন ঘটলে গুজের রাজারা আবার শক্তিশালী হয় এবং ১৩৭৮ খ্রিষ্টাব্দে পু-হ্রাং অধিকারে আনতে সমর্থ হয়। পরবর্তী সময়ে গুজ ও মুস্তাং রাজ্যের মধ্যে পু-হ্রাং অঞ্চলের মধ্যে বহু বছর বিবাদ চালু থাকলেও শেষ পর্যন্ত পু-হ্রাং গুজের অন্তর্ভুক্ত হয়। চতুর্দশ শতকের শেষ দিকে গুজের শাসকেরা লাদাখ অঞ্চল কিছু বছরের জন্য অধিকারে আনতে সমর্থ হয়। ১৪৯৯ খ্রিষ্টাব্দে গুজের শাসকেরা পশ্চিম মধ্য তিব্বতের নবনির্মিত রিন-স্পুংস-পা রাজ্যকে স্বীকৃতি দিতে বাধ্য হয়। পঞ্চদশ ও ষোড়শ শতাব্দীতে গুজের রাজারা তিব্বতে শক্তিশালী হয়ে ওঠা দ্গে-লুগ্স ধর্মসম্প্রদায়ের প্রতি আনুগত্য দেখাতে শুরু করেন। ১৬২৪ খ্রিষ্টাব্দে আন্তোনিও দে আন্দ্রাদে ও তাঁর ভ্রাতা ম্যানুয়েল মারকুইস নামক দুই পর্তুগীজ যাজক ১৬২৪ খ্রিষ্টাব্দে গুজ রাজ্যে পৌঁছন। আন্তোনিও রাজ্যের সেচ ও কৃষিব্যবস্থার উন্নতিতে সহায়তার প্রতিশ্রুতি দেন এবং একটি গীর্জা নির্মাণ করে স্থানীয় অধিবাসীদের মধ্যে খ্রিষ্টধর্ম প্রচার করেন।[40] আন্তোনিওর লেখা একটি চিঠি থেকে জানা যায় যে, এই সময়ে গুজের কিছু সামরিক অধিকর্তা গুজের রাজাকে সিংহাসনচ্যূত করতে লাদাখীদের আমন্ত্রণ জানান। ১৬৩০ খ্রিষ্টাব্দে লাদাখী সেনাবাহিনী গুজ রাজ্যের রাজধানী অবরোধ করেন। গুজের রাজা খ্রি-ব্ক্রা-শিস-গ্রাগ্স-পা-ল্দে (Wylie: khri bkra shis grags pa lde) তাঁর বৌদ্ধধর্মাবলম্বী ভ্রাতার উপদেশে সমর্পণ করে গুজ রাজ্যকে লাদাখ রাজ্যের অধীনে করদ রাজ্যে পরিণত করেন।[41] এই সিদ্ধান্তের পর গুজের শেষ রাজা খ্রি-ব্ক্রা-শিস-গ্রাগ্স-পা-ল্দেকে লাদাখে বন্দী করে নিয়ে যাওয়া হয় এবং সেখানেই তাঁর মৃত্যু হয়। এই অভিযানের গুজে নির্মিত সমস্ত গীর্জাকে ধ্বংস করে দেওয়া হয়[38] কথিত আছে, এই অভিযানে লাদাখী সেনাবাহিনী গুজের অধিকাংশ জনগণকেই হত্যা করে, মাত্র দুইশত জন প্রাণ বাঁচিয়ে পালিয়ে যেতে সক্ষম হন।[42] ১৬৭৯ খ্রিষ্টাব্দে পঞ্চম দলাই লামা গুজ তিব্বতের অধিকারে নিয়ে আসেন। এই যুদ্ধের পর রাজধানী প্রচন্ড ক্ষতিগ্রস্ত হয়।[43] সাংস্কৃতিক বিপ্লবের সময় বহু মূর্তি ও চিত্রকলাকে ধ্বংস করে দেওয়া হলেও[43] বেশ কিছু অসাধারণ শিল্পকলা কোন ভাবে এই ধ্বংসলীলা থেকে বেঁচে গেছে।[43]",পশ্চিম তিব্বতের রাজধানী কোথায় ছিল ?,থোলিং,"Skyid-lde-nyima-goner opor putro o Zhangskar rajyer protisthata Lde-gtsug-mgoner putrohin obosthay mrityu hole 967 Khristabde Byang-chub-ye-shes'-od Guj, Pu-hrang, Zhangskar, Spiti, Lahul ebong uttar Kinnar oncholke ekotro kore ek songothito rajyer odhishwor hon.[32][33] Tini rajottokaler shurute Bka'-shog-chen-mo (Wylie: bka’ shog chen mo) namok ekta adesh jari kore tar rajottoke dhormiyo vitti te chalona korben bole sthir koren. Sei karone tini ekadhare raja o lama ubhoy hisebe porichiti lav koren.[33][34] Tini Tibbot e ditiyobar Boudd",Poshchim Tibboter rajdhani kothay chilo?,Tholing,,
conversion-0061,"দ্য শশাঙ্ক রিডেম্পশন ১৯৯৪ সালের মার্কিন মহাকাব্যিক নাট্য চলচ্চিত্র। ফ্র্যাংক ড্যারাবন্ট পরিচালিত এই চলচ্চিত্রে অভিনয় করেছেন টিম রবিন্স, মরগান ফ্রিম্যান, বব গান্টন, উইলিয়াম সেডলার, ক্ল্যান্সি ব্রাউন, গিল বেলোস, জেমস হুইটমোর প্রমুখ।  মিলিয়ন ভোটের (১০-এর মধ্যে ৯.৩) উপর ভিত্তি করে আইএমডিবি’র ‘‘টপ ২৫০’’’ চলচ্চিত্রের মধ্য এটি #১ নম্বরে রয়েছে এবং সর্বকালের সেরা চলচ্চিত্র হিসেবে বিবেচিত।",দ্য শশাঙ্ক রিডেম্পশন চলচ্চিত্রটির নির্মাতা কে ?,ফ্র্যাংক ড্যারাবন্ট,"The Shawshank Redemption 1994 saler Markin mohakabyik natyo cholocchitro. Frank Darabont porichalito ei cholocchitre obhinoy korechen Tim Robbins, Morgan Freeman, Bob Gunton, William Sadler, Clancy Brown, Gil Bellows, James Whitmore promukh. Million voter (10-er moddhe 9.3) upor vitti kore IMDb-r ""Top 250"" cholocchitrer moddhe eti #1 nombore royeche ebong sorbokaler sera cholocchitro hisebe bibechito.",The Shawshank Redemption cholochitroti-r nirmata ke?,Frank Darabont,,
conversion-0062,"১৮৮৫ সালের প্রারম্ভে তিনি ক্লার্জিম্যান’স থ্রোট রোগে আক্রান্ত হন; ক্রমে এই রোগ গলার ক্যান্সারের আকার ধারণ করে। কলকাতার শ্যামপুকুর অঞ্চলে তাঁকে নিয়ে আসা হয়। বিশিষ্ট চিকিৎসক মহেন্দ্রলাল সরকার তাঁর চিকিৎসায় নিযুক্ত হন। অবস্থা সংকটজনক হলে ১১ ডিসেম্বর, ১৮৮৫ তারিখে তাঁকে স্থানান্তরিত করা হয় কাশীপুরের এক বিরাট বাগানবাড়িতে।[94]",রামকৃষ্ণ পরমহংসের কোন রোগের কারণে মৃত্যু হয় ?,ক্যান্সারের,"1885 saler prarombhe tini clergyman's throat roge akranto hon; krome ei rog golar cancer-er akar dharon kore. Kolkatar Shyampukur onchole take niye asha hoy. Bishishto chikitsok Mahendralal Sarkar tar chikitsay niyukto hon. Obostha shongkotjonok hole 11 December, 1885 tarikh-e take sthanantorito kora hoy Kashipurer ek birat baganbarite.[94]",Ramakrishna Paramahansher kon roger karone mrittu hoy?,cancerer,,
conversion-0063,১৯৭১ সালে বাংলাদেশের স্বাধীনতা লাভের পর নতুন সরকার জামায়াতকে রাজনীতি থেকে নিষিদ্ধ ঘোষণা করে এবং দলের নেতারা পাকিস্তানে নির্বাসনে চলে যান। পরবর্তীতে ১৯৭৫ সালে প্রথম রাষ্ট্রপতি শেখ মুজিব হত্যাকান্ডের পর এবং কয়েকটি সামরিক অভ্যুত্থানের পর ১৯৭৭ সালে মেজর জেনারেল জিয়াউর রহমান ক্ষমতায় এলে জামায়াতের উপর থেকে নিষেধাজ্ঞা প্রত্যাহার করে নেওয়া হয়। দলটির নেতাকর্মীরা ফিরে আসার অনুমতি পান এবং ১৯৭৯ সালের মে মাসে তৎকালীন জামায়াতে ইসলামীর অত্যন্ত প্রভাবশালী নেতা আব্বাস আলী খানের নেতৃত্বে বাংলাদেশ জামায়াতে ইসলামী প্রতিষ্ঠিত হয়।  এই সংগঠনের উদ্দেশ্য হলো শরিয়া ভিত্তিক একটি ইসলামী রাষ্ট্র প্রতিষ্ঠা করা যা পাকিস্তান ও সৌদি আরবের দেশসমূহে লক্ষ করা যায়। জামায়াতের বিরুদ্ধে হিন্দু ও বৌদ্ধ এবং আহমদিয়া মুসলিমদের উপর ধারাবাহিক আক্রমণের অভিযোগ করা হয়ে থাকে।,বাংলাদেশ জামায়াতে ইসলামী কবে প্রতিষ্ঠিত হয় ?,১৯৭৯ সালের মে মাসে,1971 shale Bangladesh-er shadhinota laver por notun shorkar Jamaat-ke rajniti theke nishiddho ghoshona kore ebong daler netara Pakistan-e nirbashone chole jan. Porobortite 1975 shale prothom rashtrapoti Sheikh Mujib hotyakander por ebong koyekti shamorik obhyutthaner por 1977 shale Major General Ziaur Rahman khomotay ele Jamaat-er upor theke nishedhajna protyahar kore neya hoy. Daltir netakormira fire ashar onumoti pan ebong 1979 shaler May mashe totkalin Jamaat-e Islami-r otyonto probhabshali neta Abbas Ali Khan-er netritte Bangladesh Jamaat-e Islami protishthito hoy. Ei songothoner uddeshyo holo sharia vittiok ekta Islami rashtra protish,Bangladesh Jamaat-e-Islami kobe protishthito hoy?,1979 saler May mase,,
conversion-0064,১৯৮৩ সালে ডেভিড চৌম তার গবেষণা পত্রে ডিজিটাল মুদ্রার ধারণা দিয়েছিলেন।[5] ১৯৯০ সালে তিনি ডিজিক্যাশ (DigiCash) একটি ইলেকট্রনিক নগদ সংস্থা (ক্যাশ কোম্পানি) প্রতিষ্ঠা করেন। আমস্টারডামে তার গবেষণার বাণিজ্যিক বিকাশ ঘটানোর জন্য তিনি এটি করেন।[6],ডিজিটাল মুদ্রার ধারণা প্রথম কে প্রদান করেন ?,ডেভিড চৌম,1983 sale David Chaum tar gobeshona potro te digital mudrar dharona diyechilen.[5] 1990 sale tini DigiCash ekta electronic nogod songstha (cash company) protistha koren. Amsterdam e tar gobeshonar banijjik bikash ghotanor jonno tini eta koren.[6],Digital mudrar dharona prothom ke prodan koren?,David Choum,,
conversion-0065,বাংলার নবজাগরণ ও ব্রাহ্মসমাজ-কেন্দ্রিক সামাজিক-সাংস্কৃতিক সংস্কার আন্দোলন বাংলার সাংস্কৃতিক ও অর্থনৈতিক জীবনে গভীর প্রভাব বিস্তার করে। ১৮৫৭ সালের মহাবিদ্রোহের সূচনা কলকাতার অদূরেই হয়েছিল। এই বিদ্রোহ ব্যর্থ হলেও এর পরিপ্রেক্ষিতে ভারতের শাসনভার কোম্পানির হাত থেকে ব্রিটিশ রাজশক্তি স্বহস্তে গ্রহণ করে। ভারত শাসনের জন্য একটি ভাইসরয়ের পদ সৃষ্টি করা হয়।[11] ১৯০৫ সালে ধর্মীয় বিভাজনের ভিত্তিতে প্রথম পশ্চিমবঙ্গ (ভারতীয় বঙ্গ) অঞ্চলটিকে পূর্ববঙ্গ থেকে পৃথক করা হয়। কিন্তু বঙ্গবিভাগের এই প্রয়াস শেষ পর্যন্ত ব্যর্থ হয় এবং ১৯১১ সালে বঙ্গপ্রদেশকে পুনরায় একত্রিত করা হয়।[12] ১৯৪৩ সালে পঞ্চাশের মন্বন্তরে বাংলায় ৩০ লক্ষ মানুষের মৃত্যু হয়।[13],অবিভক্ত স্বাধীন বাংলা কবে দ্বিখণ্ডিত হয় ?,১৯০৫ সালে,Banglar nobojagoron o Brahmoshomaj-kendrik shamajik-shangskritik shongskar andolon Banglar shangskritik o orthonoitik jibone gobhir probhab bistar kore. 1857 shaler mohabidroher suchona Kolkatar odurei hoyechilo. Ei bidroh byartho holeo er poriprekshite Bharoter shashonbhar Companyr hat theke British rajshokti swohoste grohon kore. Bharat shashoner jonno ekta Viceroy-er pod srishti kora hoy.[11] 1905 shale dhormiyo bivajoner bhittite prothom Poshchimbongo (Bharotiyo Bongo) oncholti ke Purbobongo theke prithok kora hoy. Kintu Bongobhager ei proyas shesh porjonto byartho hoy ebong 1911 shale Bong,Obibhokto shadhin Bangla kobe dvikhondito hoy?,1905 sale,,
conversion-0066,"পাকিস্তানের কেন্দ্রীয় পরিষদের ১৯৫৪ খ্রীস্টাব্দের নির্বাচনে মুসলিম লীগকে ক্ষমতাচ্যুত করার লক্ষ্যে অন্যান্য দল মিলে যুক্তফ্রন্ট নামীয় একটি সমন্বিত বিরোধী রাজনৈতিক মঞ্চ গঠন করার উদ্যোগ নেয়া হয় এবং আওয়ামী মুসলিম লীগ ১৯৫৩ সালের ৪ ডিসেম্বর তারিখে কৃষক শ্রমিক পার্টি, পাকিস্তান গণতন্ত্রী দল ও পাকিস্তান খেলাফত পার্টির সঙ্গে মিলে যুক্তফ্রন্ট গঠন করে। সাথে আরো ছিল মৌলানা আতাহার আলীর নেজামে ইসলাম পার্টি [1]। বামপন্থী গনতন্ত্রী দলের নেতা ছিলেন হাজী মোহাম্মদ দানেশ এবং মাহমুদ আলি সিলেটি।",हाजी मोहम्मद दानेश पश्चिम पाकिस्तान के कोन राजनीतिक संगठन के साथ युक्त छिलेन ?,बमपन्थी गनतन्त्री दलेर,"Pakistaner kendriyo porishoder 1954 khristabder nirbachone Muslim League-ke khomotachyut korar lokkhe onnanno dol mile Juktofront namiyo ekta somonnito birodhi rajnaitik moncho gothon korar uddog neya hoy ebong Awami Muslim League 1953 saler 4 December tarikh-e Krishok Sromik Party, Pakistan Gonotantri Dol o Pakistan Khelafat Party-r shonge mile Juktofront gothon kore. Sathe aro chilo Maulana Atahar Ali-r Nezame Islam Party [1]. Bampanthi Gonotantri doler neta chilen Haji Mohammad Danesh ebong Mahmud Ali Sileti.",Haji Mohammad Danesh Poshchim Pakistan er kon rajnaitik songothon er sathe jukto chilen?,bampanthi ganatantri doler,,
conversion-0067,সালেকসংশ্লেষণ এর বিক্রিয়া:- 6CO2 + 12H2O +তাপ→ C6H12O6+6H2O+6O2 সালেকসংশ্লেষণ প্রক্রিয়া ২টি পর্যায়ে সম্পন্ন হয়- ক)আলোক নির্ভর পর্যায় খ)অন্ধকার পর্যায়,সালোকসংশ্লেষ প্রক্রিয়াটি প্রধানত কোন দুটো পর্যায়ে সম্পন্ন হয় ?,ক)আলোক নির্ভর পর্যায় খ)অন্ধকার পর্যায়,Saloksongshleshon er bikriya:- 6CO2 + 12H2O + tap → C6H12O6 + 6H2O + 6O2 Saloksongshleshon prokriya 2ti porjaye somponno hoy- k) alok nirvor porjay kh) ondhokar porjay,Saloksongshles prokriyata prodhanoto kon duto porjaye shompanno hoy?,k) alok nirvor porjay kh) ondhokar porjay,,
conversion-0068,"সফদারজং বিমানবন্দর ১৯৩০ সালে নির্মিত হয়েছিল এবং ১৯৬২ সাল পর্যন্ত এটি দিল্লির প্রধান বিমানবন্দর ছিল। [14] সফদারজং বিমানবন্দরে যাত্রীবাহী উড়ান বৃদ্ধির ফলে ১৯৬২ সালে বেসামরিক উড়ানগুলি পালাম বিমানবন্দরে স্থানান্তরিত হয় (পরবর্তীতে এটির নামকরণ করা হয় আইজিআইএ)। [14] পালাম বিমানবন্দরটি দ্বিতীয় বিশ্বযুদ্ধের সময় তৈরী হয়েছিল রয়েল এয়ার ফোর্স স্টেশন পালাম নামে এবং ব্রিটিশ শাসন অবসানের পর, এটি ভারতীয় বিমানবাহিনীর জন্য একটি বিমান বাহিনী স্টেশন হিসেবে কাজ করত। প্রতি ঘন্টায় পালাম বিমানবন্দরের প্রায় ১,৩০০ জন যাত্রী পরিবহণের ক্ষমতা ছিল। [14] ১৯৭০ এর দশকে বিমানের গমনাগমন বৃদ্ধির ফলে পুরনো পালাম টার্মিনালের প্রায় চার গুণ এলাকা নিয়ে একটি অতিরিক্ত টার্মিনাল নির্মাণ করা হয়। ২রা মে, ১৯৮৬ সালে একটি নতুন আন্তর্জাতিক টার্মিনাল (টার্মিনাল ২) এর উদ্বোধন করার পর বিমানবন্দরটিকে ইন্দিরা গান্ধী আন্তর্জাতিক বিমানবন্দর (আইজিআইএ) নামে নামকরণ করা হয়। [14]",ইন্দিরা গান্ধী আন্তর্জাতিক বিমানবন্দর বা পালাম বিমানবন্দরটি কবে তৈরী হয় ?,১৯৩০ সালে,"Safdarjung bimanbondor 1930 sale nirmito hoyechilo ebong 1962 sal porjonto eti Delhir prodhan bimanbondor chilo. [14] Safdarjung bimanbondore jatribahi uran briddhir fole 1962 sale beshamorik uranguli Palam bimanbondore sthanantorito hoy (porobortite etir namkoron kora hoy IGIA). [14] Palam bimanbondorti Ditiyo Bishwajuddher somoy toiri hoyechilo Royal Air Force Station Palam name ebong British shashon oboshaner por, eti Bharatiyo Bimanbahinir jonno ekta biman bahini station hisebe kaj korto. Proti ghontay Palam bimanbondorer pray 1,300 jon jatri poribohoner khomota chilo. [14] 1970",Indira Gandhi antorjatik bimanbondor ba Palam bimanbondorti kobe toiri hoy?,1930 shale,,
conversion-0069,"কলকাতা বিমানবন্দর ঐতিহ্যগতভাবে ইউরোপ থেকে ইন্দোচীন ও অস্ট্রেলিয়ার মধ্যে বিমান রুটে কৌশলগত কেন্দ্র হিসেবে কাজ করে।[15] ১৯৩৭ সালে এ্যামিলিয়া ইয়ারহাট সহ বহু বিমান সংস্থার  অনেক অগ্রগামী উড়ানগুলি যাত্রা শুরু করে কলকাতা থেকে।[16] ১৯২৪ সালে, কেএলএল বিমান সংস্থা কলকাতায় তাদের আমস্টারডামের -বতভিয়া (জাকার্তা) রুটের অংশ হিসাবে অবতরণ শুরু করেন।[17] একই বছরে, কোনও বিমান বাহিনী কর্তৃক প্রথম বিশ্ব ভ্রমণ অভিযানের অংশ হিসাবে একটি রয়েল এয়ার ফোর্স বিমান কলকাতায় অবতরণ করে।[18]",নেতাজী সুভাষ চন্দ্র বসু আন্তর্জাতিক বিমানবন্দর কবে নির্মিত হয় ?,১৯৩৭ সালে,"Kolkata bimanbondor oitihyogoto vabe Europe theke Indochin o Australia-r moddhe biman route-e kousholgotik kendro hisebe kaj kore.[15] 1937 sale Amelia Earhart shoho bohu biman songsthar onek ogragami uran gulo jatra shuru kore Kolkata theke.[16] 1924 sale, KLL biman songstha Kolkatay tader Amsterdam-er -Batavia (Jakarta) route-er ongsho hisebe obotoron shuru kore.[17] Eki bochore, kono biman bahini kortik prothom bishwo vromon ovijaner ongsho hisebe ekta Royal Air Force biman Kolkatay obotoron kore.[18]",Netaji Subhash Chandra Bosu antorjatik bimanbondor kobe nirmito hoy?,1937 shale,,
conversion-0070,"সর্বশেষ বিশ্বকাপ অনুষ্ঠিত হয়েছে রাশিয়ায়, ২০১৮ সালের ১৪ জুন থেকে ১৫ জুলাই পর্যন্ত। এই বিশ্বকাপে ফ্রান্স ক্রোয়েশিয়াকে ফাইনালে ৪-২ গোলে পরাজিত করে শিরোপা জিতে নেয়।",সর্বশেষ জাতীয় ফুটবল ফিফা বিশ্বকাপ কত সালে অনুষ্ঠিত হয়েছিল ?,২০১৮,"Shorbosesh Bishwocup onushthito hoyeche Rashiyay, 2018 shaler 14 June theke 15 July porjonto. Ei Bishwocape France Croatia-ke finale 4-2 gole porajito kore shiropa jite ney.",Shorbosesh jatio football FIFA Bishwokap koto shale onushthito hoyechilo?,2018,,
conversion-0071,"ভেনিসা অ্যানা হাডজেন্স (English: Vanessa Anne Hudgens) (জন্ম: ডিসেম্বর ১৪, ১৯৮৮) একজন মার্কিন অভিনেত্রী এবং গায়িকা। তিনি হাই স্কুল মিউজিকাল ধারাবাহিক গ্যাব্রিয়েলা মনটেজ বাজিয়ে অভিক্ষিপ্তাবস্থায় বেড়ে উঠেছেন।[1] তিনি ডিজনি চ্যানেলের জন্যে বিভিন্ন চলচ্চিত্র এবং টেলিভিশন ধারাবাহিকে উপস্থিত হয়েছেন। ২০০৩ সালে পূর্ণদৈর্ঘ্য চলচ্চিত্র থার্টিন-এর মাধ্যমে তার আত্মপ্রকাশ ঘটে। এটি একটি কিশোর নাট্য যেখানে হাডজেন্স একটি পার্শ্ব চরিত্রে অভিনয় করেন। হাই স্কুল মিউজিক্যাল ট্রিলজি মুক্তির পর তিনি মূলধারার সাফল্য অর্জন করেন, এবং সহ-অভিনেতা জাক এফরনের সঙ্গে তার সম্পর্ক ব্যাপকভাবে প্রচারিত হয়। ধারাবাহিকে উপস্থিতি তাকে পরিবারের নাম তৈরি করতে সাহায্য করেছে। চলচ্চিত্রের গান সবসময়ই বিশ্বব্যাপী তালিকাভুক্ত ছিলো। তার ""ব্রেকিং ফ্রি"" গান বিলবোর্ড হট ১০০-এর সেরা ১০ তালিকায় অন্তর্ভুক্ত হয়। হাডজেন্সের আত্মপ্রকাশ অ্যালবাম ভি মুক্তি পায় সেপ্টেম্বর২৬, ২০০৬ সালে, বিলবোর্ড ২০০ তালিকায় যার অবস্থান ছিলো ২৪ নম্বরে এবং পরবর্তীতে গোল্ড প্রত্যয়িত হয়।[2] তার দ্বিতীয় অ্যালবাম, আইডেন্টফিাইড, জুলাই১, ২০০৮ সালে মার্কিন যুক্তরাষ্ট্রে মুক্তি পায়।[3]",গায়িকা ভেনিসা অ্যানা হাডজেন্সের দ্বিতীয় অ্যালবামটির নাম কী ?,আইডেন্টফিাইড,"Venisa Anna Hadjens (English: Vanessa Anne Hudgens) (jonmo: December 14, 1988) ekjon Markin obhinetri ebong gayika. Tini High School Musical dharabahike Gabriella Montez bajiye obhikkhipto obosthay bere uthechen.[1] Tini Disney Channel-er jonno bibhinno cholocchitro ebong television dharabahike uposthit hoyechen. 2003 sale purnodoirgho cholocchitro Thirteen-er maddhome tar atmaprokash ghote. Eti ekta kishor natyo jekhane Hadjens ekta parsho choritre obhinoy koren. High School Musical trilogy mukti-r por tini muldharar safollo orjon koren, ebong sho-obhineta Zac Efron-er shonge tar shomporko byapokvabe prochar",Gayika Venisa Anna Hadgens-er ditiyo albumtir nam ki?,identifyd,,
conversion-0072,"ওসমানীর জন্ম ১৯১৮ সালের ১লা সেপ্টেম্বর সুনামগঞ্জে। তাঁর পৈত্রিক বাড়ি সিলেট জেলার বালাগঞ্জ থানার (অধুনা ওসমানী নগর উপজেলা) দয়ামীরে। তাঁর পিতা খান বাহাদুর মফিজুর রহমান, মাতা জোবেদা খাতুন। খান বাহাদুর মফিজুর রহমানের দুই ছেলে ও এক মেয়ের মধ্যে সবার ছোট ছেলে ওসমানী। ওসমানীর জন্মের প্রাক্কালে ১৯১৮ সালে খান বাহাদুর মফিজুর রহমান তৎকালীন আসামের সুনামগঞ্জ সদর মহকুমায় সাব-ডিভিশনাল অফিসার হিসেবে নিয়োজিত ছিলেন৷ তাঁদের বসবাস ছিল সুনামগঞ্জ সদরেই। এখানেই জন্ম হয় ওসমানীর।[4]",মুহাম্মদ আতাউল গণি ওসমানী কবে জন্মগ্রহণ করেন ?,১৯১৮ সালের ১লা সেপ্টেম্বর,"Osmanir jonmo 1918 saler 1la September Sunamganje. Tar poitrik bari Sylhet jelar Balaganj thanar (adhuna Osmani Nagar upazila) Dayamire. Tar pita Khan Bahadur Mofizur Rahman, mata Jobeda Khatun. Khan Bahadur Mofizur Rahmaner dui chele o ek meyer moddhe sobar choto chele Osmani. Osmanir jonmer prakkale 1918 sale Khan Bahadur Mofizur Rahman totkalin Asamer Sunamganj Sadar mahakumay Sub-Divisional Officer hisebe niyojito chilen. Tader bosobash chilo Sunamganj Sadarei. Ekhanei jonmo hoy Osmanir.[4]",Muhammad Ataul Gani Osmani kobe jonmogrohon koren?,1918 saler 1la September,,
conversion-0073,"নারায়ণের বাবা যখন মহারাজা’স কলেজ হাইস্কুলে বদলি হয়ে যান, তখন নারায়ণ তাঁর পরিবারের সঙ্গে মহীশূরে চলে আসেন। এই বিদ্যালের গ্রন্থাগারটি ছিল অত্যন্ত সমৃদ্ধ। তাঁর বাবারও বইয়ের একটি বিশাল সংগ্রহ ছিল। নারায়ণের বই পড়ায় বিশেষ আগ্রহ থাকায় এতে তাঁর সুবিধাই হয়। এই সময় তিনি লেখালিখিও শুরু করেন। উচ্চ বিদ্যালয়ে পড়াশোনা শেষ করার পর নারায়ণ বিশ্ববিদ্যালয়ের প্রবেশিকা পরীক্ষায় অণুত্তীর্ণ হন। এই সময় এক বছর তিনি বাড়িতে থেকে পড়াশোনা ও লেখালিখি করতে থাকেন। ১৯২৬ সালে প্রবেশিকা পরীক্ষায় উত্তীর্ণ হয়ে তিনি মহারাজা কলেজ অফ মাইসোরে যোগদান করেন। সাধারণত তিন বছরে স্নাতক পাঠক্রমের পড়াশোনা শেষ হলেও, নারায়ণের এই পাঠক্রম শেষ করতে চার বছর লেগেছিল। তাঁর এক বন্ধু তাঁকে বলেছিলেন, স্নাতকোত্তর পাঠক্রমে পড়াশোনা করলে সাহিত্যের প্রতি তাঁর আগ্রহ কমে যাবে। তাই তিনি পড়াশোনা ছেড়ে কিছু সময়ের জন্য বিদ্যালয় শিক্ষকের চাকরি গ্রহণ করেন। কিন্তু সেই বিদ্যালয়ের প্রধান শিক্ষক তাঁকে শারীরশিক্ষার দায়িত্বে নিয়োগ করতে চাইলে তিনি চাকরি ছেড়ে দেন।[10] এই অভিজ্ঞতা থেকে নারায়ণ উপলব্ধি করেন যে, তাঁর একমাত্র কর্মজীবন লেখালিখির ক্ষেত্রেই হওয়া সম্ভব। তিনি বাড়িতে থেকে উপন্যাস রচনা করবেন বলে মনস্থির করেন।[14][15] তাঁর প্রথম প্রকাশিত রচনাটি ছিল ডেভেলপমেন্ট অফ মেরিটাইম লজ অফ সেভেনটিনথ সেঞ্চুরি ইংল্যান্ড নামে একটি বইয়ের সমালোচনা।[16] এরপর তিনি ইংরেজি সংবাদপত্র ও সাময়িক পত্রপত্রিকায় মাঝে মাঝে স্থানীয় বিষয় অবলম্বনে গল্প লিখতে শুরু করেন। লেখালিখি করে তিনি বিশেষ উপার্জন করতেন না (প্রথম বছরে তাঁর আয় ছিল নয় টাকা বারো আনা মাত্র)। কিন্তু তাঁর পরিবার ও বন্ধুবান্ধবেরা তাঁর এই প্রথাবহির্ভূত কর্মজীবন নির্বাচনের ব্যাপারটিকে শ্রদ্ধা ও সমর্থন করতেন।[17] ১৯৩০ সালে নারায়ণ তাঁর প্রথম উপন্যাস স্বামী অ্যান্ড ফ্রেন্ডস্‌ রচনা করেন।[16] তাঁর মামা এই প্রয়াসটিকে পরিহাস করেছিলেন।[18] প্রথম দিকে প্রকাশকরাও এটি ছাপতে চাননি।[9] এই বইতেই নারায়ণ মালগুডি নামে একটি শহরের কল্পনা করেছিলেন। এই শহরটি ছিল দেশের সামাজিক পরিস্থিতির একটি সুন্দর উপস্থাপনা। এখানে ঔপনিবেশিক শাসনের আরোপিত সীমাবদ্ধতাগুলি উপেক্ষিত হয়েছিল এবং শহরটি গড়ে উঠেছিল ব্রিটিশ ও স্বাধীনতা-উত্তর ভারতের বিভিন্ন সামাজিক ও রাজনৈতিক পরিবর্তনের মধ্যে দিয়ে।[19]",ভারতীয় লেখক আর. কে. নারায়ণ রচিত প্রথম গ্রন্থের নাম কী ?,স্বামী অ্যান্ড ফ্রেন্ডস্‌,"Narayaner baba jokhon Maharaja’s College Highschool-e bodli hoye jan, tokhon Narayan tar poribarer shonge Mahishure chole asen. Ei bidyaloyer gronthagar-ti chhilo otyonto somriddho. Tar babaro boier ekta bishal shongroho chhilo. Narayaner boi poray bishesh agroho thakay ete tar subidhai hoy. Ei shomoy tini lekhalikhio shuru koren. Uchcho bidyaloye porashona shesh korar por Narayan bishwabidyaloyer probeshika porikkhay onuttirno hon. Ei shomoy ek bochor tini barite theke porashona o lekhalikhi korte thaken. 1926 shale probeshika porikkhay uttirno hoye tini Maharaja College of Mysore-e jogdan koren. Sadharonoto tin bo",Bharotiyo lekhok R. K. Narayan rochito prothom granther nam ki?,Swami and Friends,,
conversion-0074,"ইরান ৩০টি প্রদেশে বিভক্ত। ফার্সি ভাষায় এগুলির নাম ওস্তান (استان ostān ওস্তান, বহুবচনে استان‌ها ওস্তান্‌হা)। প্রতিটি প্রদেশ একটি স্থানীয় (সাধারণত বৃহত্তম) শহর থেকে শাসিত হয়, যাকে প্রদেশটির রাজধানী (ফার্সি ভাষায়: مرکز মার্কাজ) বলা হয়। প্রদেশের প্রশাসক হিসেবে থাকেন একজন গভর্নর (ফার্সি ভাষায়: استاندار ওস্তানদার), এবং তাঁকে অভ্যন্তরীণ মন্ত্রণালয় নিয়োগদান করে।",বর্তমানে ইরান কয়টি প্রদেশে বিভক্ত ?,৩০,"Iran 30ti prodeshe bivokto. Farsi vashay egulir nam Ostan (ostan, bohubochone ostanha). Protiti prodesh ekta sthaniyo (sadharonoto brihottom) shohor theke shashito hoy, jake prodeshtir rajdhani (Farsi vashay: Markaz) bola hoy. Prodesher proshashok hisebe thaken ekjon Governor (Farsi vashay: Ostandar), ebong take obhyontorin montronaloy niyogdan kore.",Bortomane Iran koyti prodeshe bivokto?,30,,
conversion-0075,২। মিউটন (Muton): একে জিন মিউটেশনের একক বলা হয়। এতে মিউটেশন সংঘটিত হয়। এক বা একাধিক নিউক্লিওটাইড নিয়ে এটি গঠিত হয়।,জিন মিউটেশনের একক কী ?,মিউটন,2. Muton: eke gene mutation-er ekok bola hoy. Ete mutation songhotito hoy. Ek ba ekadhik nucleotide niye eti gothito hoy.,Gene mutation er ekok ki?,miuton,,
conversion-0076,বন্দ্যোপাধ্যায় ১৮৮৫ সালে ১২ এপ্রিল মুর্শিদাবাদ জেলার বহরমপুরের কালিমাটি গ্রামে জন্ম গ্রহণ করেন। তিনি বহরমপুরের কৃষ্ণনাথ কলেজ ও স্কুল থেকে ১৯০০ সালে এনট্রান্স পাস করেন। একই বছর তিনি নরেন্দ্রনাথ মুখোপাধ্যায়ের মেয়ে কাঞ্চনমালা দেবীকে বিয়ে করেন। বন্দোপাধ্যায় ১৯০৩ সালে এফ.এ পাস করেন। এবং প্রেসিডেন্সি কলেজ ভর্তি হন। ১৯০৭ সালে ইতিহাসে অর্নাস ডিগ্রী লাভ করেন। ১৯১১ সালে তিনি কলকাতা বিশ্ববিদ্যালয় থেকে একই বিষয়ে এম.এ পাস করেন।[1],বিশিষ্ট প্রত্নতাত্ত্বিক রাখালদাস বন্দ্যোপাধ্যায়ের জন্ম কোথায় হয় ?,মুর্শিদাবাদ জেলার বহরমপুরের কালিমাটি গ্রামে,Bandyopadhyay 1885 sale 12 April Murshidabad jelar Berhampurer Kalimati grame jonmo grohon koren. Tini Berhampurer Krishnanath College o School theke 1900 sale Entrance pass koren. Eki bochor tini Narendranath Mukhopadhyayer meye Kanchanmala Devi-ke biye koren. Bandyopadhyay 1903 sale F.A pass koren. Ebong Presidency College-e vorti hon. 1907 sale itihashe Honors degree lav koren. 1911 sale tini Kolkata Bishwabidyaloy theke eki bishoye M.A pass koren.[1],Bishishta protnotattobid Rakhaldas Bandyopadhyayer jonmo kothay hoy?,Murshidabad jelar Baharampurer Kalimati grame,,
conversion-0077,"বাংলায় মুসলমান আধিপত্য প্রতিষ্ঠিত হবার আগে ব্রাহ্মণ্য হিন্দুসমাজের পীড়নের আশঙ্কায় বাংলার বৌদ্ধগণ তাঁদের ধর্মীয় পুঁথিপত্র নিয়ে শিষ্যদেরকে সঙ্গী করে নেপাল, ভুটান ও তিব্বতে পলায়ন করেছিলেন– এই ধারণার বশবর্তী হয়ে হরপ্রসাদ শাস্ত্রী চারবার নেপাল পরিভ্রমণ করেন। ১৮৯৭ সালে বৌদ্ধ লোকাচার সংক্রান্ত তথ্য সংগ্রহের জন্য তিনি প্রথমবার নেপাল ভ্রমণ করেন। ১৮৯৮ সালের তার দ্বিতীয়বার নেপাল ভ্রমণের সময় তিনি কিছু বৌদ্ধ ধর্মীয় পুঁথিপত্র সংগ্রহ করেন। ১৯০৭ খ্রিস্টাব্দে তৃতীয়বার নেপাল ভ্রমণকালে চর্যাচর্যবিনিশ্চয় নামক একটি পুঁথি নেপাল রাজদরবারের অভিলিপিশালায় আবিষ্কার করেন। চর্যাচর্যবিনিশ্চয়, সরহপাদের দোহা এবং অদ্বয় বজ্রের সংস্কৃত সহজাম্নায় পঞ্জিকা, কৃষ্ণাচার্য বা কাহ্নপাদের দোহা, আচার্যপাদের সংস্কৃত মেখলা নামক টীকা ও আগেই আবিষ্কৃত ডাকার্ণব পুঁথি একত্রে ১৯১৬ খ্রিস্টাব্দে (শ্রাবণ, ১৩২৩ বঙ্গাব্দ) বঙ্গীয় সাহিত্য পরিষদ থেকে হাজার বছরের পুরাণ বাঙ্গালা বৌদ্ধগান ও দোঁহা শিরোনামে সম্পাদকীয় ভূমিকাসহ প্রকাশ করেন হরপ্রসাদ শাস্ত্রী।[2] হরপ্রসাদ শাস্ত্রী মোট ৪৬টি পূর্ণাঙ্গ ও একটি খণ্ডিত পদ পেয়েছিলেন। পুঁথিটির মধ্যে কয়েকটি পাতা ছেঁড়া ছিল। প্রবোধচন্দ্র বাগচী চর্যার যে তিব্বতি অনুবাদ সংগ্রহ করেন তাতে আরও চারটি পদের অনুবাদসহ ওই খণ্ডপদটির অনুবাদও পাওয়া যায়। মূল পুঁথির পদের সংখ্যা ছিল ৫১।[1] মূল তিব্বতি অনুবাদের ভিত্তিতে সিদ্ধান্ত হয়েছে যে, মূল পুঁথির নাম চর্যাগীতিকোষ এবং এতে ১০০টি পদ ছিল। হরপ্রসাদ শাস্ত্রী আবিষ্কৃত পুঁথিটি চর্যাগীতিকোষ থেকে নির্বাচিত পুঁথিসমূহের সমূল টীকাভাষ্য।[3]",চর্যাপদের পুঁথিটি সর্বপ্রথম কোন প্রকাশনী থেকে প্রকাশিত হয় ?,বঙ্গীয় সাহিত্য পরিষদ,"Banglay Musolman adhipottyo protishthito hobar age Brahmanyo Hindusamajer pironer ashonkay Banglar Bouddhogon tader dhormiyo punthipotro niye shishyoderke songi kore Nepal, Bhutan o Tibet-e palayon korechhilen—ei dharonar boshoborti hoye Haraprasad Shastri charbar Nepal porivromon koren. 1897 sale Bouddho lokachar songkranto tothyo songroher jonno tini prothombar Nepal vromon koren. 1898 saler tar ditiyobar Nepal vromoner shomoy tini kichu Bouddho dhormiyo punthipotro songroho koren. 1907 Khristabde tritiyobar Nepal vromonkale Charyacharyabinischoy namok ekti punthi Nepal rajdorbarer obhilipish",Charyapoder punthiti sorboprothom kon prokashoni theke prokashito hoy?,Bongiyo Sahitto Porishod,,
conversion-0078,করতোয়া নদী বর্তমানে ভারতের পশ্চিমবঙ্গের জলপাইগুড়ি জেলায় উৎপত্তি লাভ করেছে।[3]  অতঃপর এই নদীর জলধারা বাংলাদেশের পঞ্চগড় জেলার তেতুলিয়া উপজেলার ভোজনপুর ইউনিয়ন দিয়ে বাংলাদেশে প্রবেশ করেছে এবং দিনাজপুর সদর উপজেলার সরকারপুর ইউনিয়ন পর্যন্ত প্রবাহিত হয়ে আত্রাই নদীতে পতিত হয়েছে।[2],করতোয়া নদীর উৎপত্তি স্থল কোথায় ?,জলপাইগুড়ি,Kortoa nodi bortomane Bharoter Poshchimbonger Jalpaiguri jelay utpotti lav koreche.[3] Atopor ei nodir joldhara Bangladesher Panchagarh jelar Tetulia upojelar Bhojonpur Union diye Bangladesh e probesh koreche ebong Dinajpur Sadar upojelar Sarkarpur Union porjonto probahito hoye Atrai nodite potito hoyeche.[2],Kortoa nodir utpotti sthol kothay?,Jolpaiguri,,
conversion-0079,ভারতীয় জাতীয়তাবাদী নেতা সুরেন্দ্রনাথ বন্দ্যোপাধ্যায়ের উদ্যোগে ১৯২২ সালে গণতান্ত্রিক সায়ত্ত্বশাসন সংস্থা হিসেবে কলকাতা পৌরসংস্থা প্রতিষ্ঠিত হয়। ১৯৪৭ সালে ভারত স্বাধীন হওয়ার পর ১৯৫১ ও ১৯৫৬ সালে দুই বার কর্পোরেশন আইন সংশোধন করা হয়েছিল। বর্তমান পৌরসংস্থাটি ১৯৮০ সালের সংশোধিত পৌর আইনের ভিত্তিতে পরিচালিত হয়। শোভন চট্টোপাধ্যায় কলকাতা পৌরসংস্থার বর্তমান মহানাগরিক।,কলকাতা পৌরসংস্থার বর্তমান মহানাগরিক কে ?,শোভন চট্টোপাধ্যায়,Bharotiyo jatiyotabadi neta Surendranath Bandyopadhyayer udyoge 1922 sale gonotantrik sayattashashon songstha hisebe Kolkata Poursongstha protishthito hoy. 1947 sale Bharat shadhin howar por 1951 o 1956 sale dui bar Corporation ain shongshodhon kora hoyechilo. Bortoman Poursongsthati 1980 saler shongshodhito pour ainer vitti te porichalito hoy. Shovon Chattopadhyay Kolkata Poursongsthar bortoman mohanagorik.,Kolkata poursongsthar bortoman mohanagorik ke?,Shovon Chattopadhyay,,
conversion-0080,"আরবদের মধ্যে বিদ্যমান হিংস্রতা, খেয়ানতপ্রবণতা এবং প্রতিশোধস্পৃহা দমনের জন্যই হিলফুল ফুজুল নামক একটি সংগঠন প্রতিষ্ঠিত হয়। মুহাম্মাদ এতে যোগদান করেন এবং এই সংঘকে এগিয়ে নেওয়ার ক্ষেত্রে তিনি বিরাট ভূমিকা রাখেন। বিভিন্ন সূত্র থেকে জানা যায় তরুণ বয়সে মুহাম্মাদ (সা.) এর তেমন কোনো পেশা ছিল না। তবে তিনি বকরি চরাতেন বলে অনেকেই উল্লেখ করেছেন। সাধারণত তিনি যে বকরিগুলো চরাতেন সেগুলো ছিল বনি সা'দ গোত্রের। কয়েক কিরাত পারিশ্রমিকের বিনিময়ে তিনি মক্কায় বসবাসরত বিভিন্ন ব্যক্তির বকরিও চরাতেন। এরপর তিনি ব্যবসায় শুরু করেন। মুহাম্মাদ অল্প সময়ের মধ্যেই একাজে ব্যাপক সফলতা লাভ করেন। ব্যবসায় উপলক্ষে তিনি সিরিয়া, বসরা, বাহরাইন এবং ইয়েমেনে বেশ কয়েকবার সফর করেন।[41] মুহাম্মাদের সুখ্যাতি যখন চারদিকে ছড়িয়ে পড়ে তখন খাদিজা বিনতে খুওয়াইলিদ তা অবহিত হয়েই তাকে নিজের ব্যবসার জন্য সফরে যাবার অনুরোধ জানান। মুহাম্মাদ এই প্রস্তাব গ্রহণ করেন এবং খাদিজার পণ্য নিয়ে সিরিয়ার অন্তর্গত বসরা পর্যন্ত যান।",হিলফুল ফুজুল কোন শহরে অবস্থিত ?,মক্কা,"Arabder moddhe bidyoman hingsrota, kheyanotpronota ebong protishodhspraha domoner jonnoi Hilful Fuzul namok ekta songothon protishthito hoy. Muhammad ete jogdan koren ebong ei songhoke egiye newar khetre tini birat vhumika raken. Bibhinno sutro theke jana jay torun boyoshe Muhammad (sa.) er temon kono pesha chilo na. Tobe tini bokri charaten bole anekei ullekh korechen. Sadharonoto tini je bokrigulo charaten segulo chilo Bani Sa'd gotrer. Koyek kirat parishromiker binimoye tini Makkay boshobashrot bibhinno bektir bokrio charaten. Erpor tini byabsha shuru koren. Muhammad olpo shomoyer moddhei ekaje byapok sofolota",Hilful Fuzul kon shohore obosthito?,Mokka,,
conversion-0081,"ব্রাহ্মধর্ম হল ১৯শ শতাব্দীর বাংলার একটি ধর্মীয় আন্দোলন। এই আন্দোলন থেকেই সেকালের বাংলার নবজাগরণ, ভারতের স্বাধীনতা আন্দোলনের প্রথম পর্যায় এবং বৃহত্তর ক্ষেত্রে হিন্দু সংস্কার আন্দোলনের সূত্রপাত ঘটে। ব্রাহ্মধর্মের অনুগামীরা ‘ব্রাহ্ম’ নামে পরিচিত। ব্রাহ্মরা মূলত ভারতীয় বা বাংলাদেশী হন। রাজা রামমোহন রায় ব্রাহ্মসমাজ আন্দোলনের প্রথম প্রবক্তা। যুক্তিবাদের প্রয়োগের উপর অধিক গুরুত্ব আরোপ করে তিনি হিন্দু ধর্ম ও সামাজিক রীতিনীতিগুলি সংস্কারে উদ্যোগী হয়েছিলেন। তিনি নিজে একেশ্বরবাদী ধর্ম ও আধুনিক বিজ্ঞানের দ্বারা অনুপ্রাণিত হন।[1]",ব্রাহ্মধর্মের অনুগামীরা কি নামে পরিচিত ?,ব্রাহ্ম’,"Brahmadharma holo 19sh shotabdir Banglar ekta dhormiyo andolon. Ei andolon thekei sekaler Banglar nobojagoron, Bharoter swadhinota andoloner prothom porjay ebong brihottor khetre Hindu songskar andoloner sutropat ghote. Brahmadhormer onugamira 'Brahmo' name porichito. Brahmora muloto Bharotiyo ba Bangladeshi hon. Raja Rammohan Ray Brahmosamaj andoloner prothom probokta. Juktibader proyoger upor odhik gurutto arop kore tini Hindu dhormo o samajik ritinitiguli songskare udyogi hoyechilen. Tini nije ekeshorobadi dhormo o adhunik bigganer dara onupranito hon.[1]",Brahmadhormer onugamira ki name porichito?,Brahmo’,,
conversion-0082,"ব্রক এডোয়ার্ড লেসনার [1] (/ˈlɛznər/;জন্ম ১২ জুলাই ১৯৭৭ )[1] একজন আমেরিকান  পেশাদার কুস্তিগীর এবং পূর্বে  অপেশাদার কুস্তিগীর, পেশাদার আমেরিকান ফুটবল খেলোয়াড়, এবং মিশ্র মার্শাল শিল্পী,[2] বর্তমানে সে   ডাব্লিউডাব্লিউই এর ডাব্লিউডাব্লিউই র ব্রান্ডের সাথে চুক্তিবদ্ধ আছেন।[3] লেসনার  ৪ বার  ডাব্লিউডাব্লিউই  (ওয়ার্ল্ড হেভি অয়েট ) চ্যাম্পিয়ন হয়েছেন,পূর্বে   ইউ এফ সি ওয়ার্ল্ড হেভিওয়েট ছিলেন , এবং  এনসিএএ বিভাগে কলেজিয়েট  হেভিওয়েট চ্যাম্পিয়ান হন। ,[4][5]",পেশাদার কুস্তিগীর ব্রক লেসনার কবে জন্মগ্রহণ করেন ?,১২ জুলাই ১৯৭৭,"Brock Edward Lesnar [1] (/ˈlɛznər/; jonmo 12 July 1977)[1] ekjon American peshadar kustigir ebong purbe opeshadar kustigir, peshadar American football kheloyar, ebong mishro martial artist,[2] bortomane se WWE er WWE Raw brander sathe chuktiboddho achen.[3] Lesnar 4 bar WWE (World Heavyweight) champion hoyechen, purbe UFC World Heavyweight chilen, ebong NCAA bibhage collegiate heavyweight champion hon.[4][5]",Peshadar kustigir Brock Lesnar kobe jonmogrohon koren?,12 July 1977,,
conversion-0083,"মাদ্রাসা শিক্ষায় প্রথম প্রতিষ্ঠান ছিল সাফা পর্বতের পাদদেশে যায়েদ-বিন-আরকামের বাড়িতে - যেখানে স্বয়ং রসুল (স:) ছিলেন শিক্ষক এবং শিক্ষার্থী ছিলেন তাঁর কয়েকজন অনুসারী নওমুসলিম। হিজরতের পর মদিনায় মসজিদে নববি-র পূর্বপাশে স্থাপিত হয় মাদ্রাসা আহলে সুফ্‌ফা। শিক্ষক ছিলেন উবাদা-ইবন সামিত আর শিক্ষার্থীদের মধ্যে ছিলেন আবু হুরাইরা (রা) মুয়াজ-ইবন জবল গিফারি (রা) প্রমুখ। সেকালের মাদ্রাসার পাঠ্যসূচিতে ছিল, কোরআন, হাদিস, ফারায়েজ, প্রাথমিক চিকিৎসা, বংশ শাস্ত্র, তাজবিদ ইত্যাদি। এছাড়া অশ্ব চালনা, যুদ্ধবিদ্যা, হস্তলিপি বিদ্যা, শরীর চর্চা ইত্যাদিও পাঠ্যসূচির অন্তর্ভুক্ত ছিল। নবুয়তের প্রথম দিন থেকে উমাইয়া বংশের শাসনামলের প্রথম ভাগ পর্যন্ত প্রায় একশ বছর সময়কালকে মাদ্রাসা শিক্ষার প্রথম পর্যায় ধরা হয়।[1]",বিশ্বের প্রথম মাদ্রাসা শিক্ষা প্রতিষ্ঠান কোথায় অবস্থিত ?,সাফা পর্বতের পাদদেশে যায়েদ-বিন-আরকামের বাড়িতে,"Madrasa shikkhay prothom protisthan chilo Safa porboter padeshe Zayed-bin-Arkamer barite - jekhane swoyong Rasul (s:) chilen shikkhok ebong shikkharthi chilen tar koyekjon onushari nowmuslim. Hijrater por Madinay Masjide Nababi-r purbopashe sthapit hoy Madrasa Ahle Suffa. Shikkhok chilen Ubada-ibn Samit ar shikkharthider moddhe chilen Abu Huraira (ra) Muayaz-ibn Jabal Gifari (ra) promukh. Sekaler madrasar pathyosuchite chilo, Quran, Hadis, Farayez, prothomik chikitsa, bongsho shastro, Tajbid ityadi. Echarao oshwo chalona, juddhobidya, hostolipi bidya, sh",Bishwer prothom madrasa shikkha protisthan kothay obosthito?,Safa porboter padodeshe Zayed-bin-Arkamer barite,,
conversion-0084,"প্রীতিলতা ওয়াদ্দেদার যিনি প্রীতিলতা ওয়াদ্দের নামেও পরিচিত (জন্ম: মে ৫, ১৯১১; মৃত্যু সেপ্টেম্বর ২৪, ১৯৩২)[1], ডাকনাম রাণী, ছদ্মনাম ফুলতার, একজন বাঙালী ছিলেন, যিনি ব্রিটিশ বিরোধী স্বাধীনতা আন্দোলনের অন্যতম নারী মুক্তিযোদ্ধা ও প্রথম বিপ্লবী মহিলা শহীদ ব্যক্তিত্ব।[2] তৎকালীন পূর্ববঙ্গে জন্ম নেয়া এই বাঙালি বিপ্লবী সূর্য সেনের নেতৃত্বে তখনকার ব্রিটিশ বিরোধী সশস্ত্র আন্দোলনে সক্রিয়ভাবে অংশ নেন এবং জীবন বিসর্জন করেন। ১৯৩২ খ্রিস্টাব্দে পাহাড়তলী ইউরোপিয়ান ক্লাব দখলের সময়[3][4] তিনি ১৫ জনের একটি বিপ্লবী দল পরিচালনা করেন।[5] এই ক্লাবটিতে একটি সাইনবোর্ড লাগানো ছিলো যাতে লেখা ছিলো ""কুকুর এবং ভারতীয়দের প্রবেশ নিষেধ""।[6][7] প্রীতিলতার দলটি ক্লাবটি আক্রমণ করে এবং পরবর্তিতে পুলিশ তাদের আটক করে। পুলিশের হাতে আটক এড়াতে প্রীতিলতা সায়ানাইড গলাধঃকরন করে আত্মহত্যা করেন।[8]",প্রীতিলতা ওয়াদ্দেদার কোন সালে জন্মগ্রহণ করেন ?,১৯১১,"Pritilata Waddedar jini Pritilata Wadder nameo porichito (jonmo: May 5, 1911; mrityu September 24, 1932)[1], daknam Rani, chadmanam Phultar, ekjon Bangali chilen, jini British birodhi shadhinota andoloner onnotomo nari muktijoddha o prothom biplobi mohila shohid bektitto.[2] Totkalin Purbobonge jonmo neya ei Bangali biplobi Surya Sener netritte tokhonkar British birodhi soshastro andolone sokriyo vabe ongsho nen ebong jibon bisorjon koren. 1932 Khristabde Pahartali European Club dokholer shomoy[3][4] tini 15 joner ekta biplobi dol porichalona kor",Pritilata Waddedar kon sale jonmogrohon koren?,1911,,
conversion-0085,"হোসেন শহীদ সোহরাওয়ার্দী ও আবুল হাশেমের নেতৃত্বাধীন তৎকালীন বঙ্গীয় প্রাদেশিক মুসলিম লীগের একাংশের সম্মেলনের মধ্য দিয়ে ১৯৪৯ সালের ২৩ জুন ঢাকার টিকাটুলীর কেএম দাস লেন রোডের রোজ গার্ডেন প্যালেসে 'পূর্ব পাকিস্তান আওয়ামী মুসলিম লীগ' প্রতিষ্ঠিত হয়, যার সভাপতি ছিলেন টাঙ্গাইলের  মওলানা আবদুল হামিদ খান ভাসানী এবং সাধারণ সম্পাদক টাঙ্গাইলের শামসুল হক। পরবর্তীকালে, ১৯৫৫ সালে মওলানা ভাসানীর উদ্যোগে ধর্মনিরপেক্ষতার চর্চা এবং অসাম্প্রদায়িক চেতনা প্রতিষ্ঠার লক্ষ্যে সংগঠনটির নাম থেকে পরে 'মুসলিম' শব্দটি বাদ দেওয়া হয়; নাম রাখা হয়: 'পূর্ব পাকিস্তান আওয়ামী লীগ'।[3]",আওয়ামী লীগের প্রতিষ্ঠাতা কে ?,হোসেন শহীদ সোহরাওয়ার্দী ও আবুল হাশেমের,"Hosen Shahid Sohrawardy o Abul Hashemer netrittodhin totkalin Bongoiyo Prodeshik Muslim League-er ekangser sommelon-er moddho diye 1949 saler 23 June Dhakar Tikatulir KM Das Lane Road-er Rose Garden Palace-e 'Purbo Pakistan Awami Muslim League' protishthito hoy, jar shovapoti chilen Tangailer Mowlana Abdul Hamid Khan Bhashani ebong shadharon shompadok Tangailer Shamsul Haq. Porobortikale, 1955 sale Mowlana Bhashanir uddoge dhormonirapekkhotar chorcha ebong osamprodayik chetona protishthar lokkhe shongothontir nam theke pore 'Muslim' shobdoti bad deya hoy; nam rakha hoy: 'Purbo Pakistan Awami League'.[3]",Awami League-er protisthata ke?,Hosen Shohid Sohrawardy o Abul Hashemer,,
conversion-0086,"এরোপ্লেন জেলি বার্ট অ্যাপলেরথের তৈরি অস্ট্রেলিয়ার একটি জেলি ব্র্যান্ড। অ্যাপলেরথ পারিবারিক ব্যবসা প্রতিষ্ঠান ট্রেডারস প্রোপাইটারি লিমিটেড, অস্ট্রেলিয়ার অন্যতম বৃহত্তম পারিবারিক খাদ্য প্রস্তুতকারী প্রতিষ্ঠানে পরিণত হয় এবং পরবর্তীতে ১৯৯৫ সালে যুক্তরাষ্ট্র ভিত্তিক ম্যাককরমিক অ্যান্ড কোম্পানির সহায়ক প্রতিষ্ঠান ম্যাককরমিক ফুডস অস্ট্রেলিয়ার অধিনে বিক্রি হয়ে যায়। বার্ষিক ১৮ মিলিয়ন প্যাকেট বিক্রি করে অস্ট্রেলিয়ার জেলির বাজারে এরোপ্লেন জেলি শীর্ষস্থানে অবস্থান নিয়েছে। সবচেয়ে বিক্রিত আস্বাদন (ফ্লেভার) হল স্ট্রবেরি।[2]",এরোপ্লেন জেলির বর্তমানে (২০১৯) কোন কোম্পানির পণ্য ?,ম্যাককরমিক ফুডস অস্ট্রেলিয়া,"Aeroplane Jelly Bert Appleth-er toiri Australia-r ekta jelly brand. Appleth paribarik byabsha protisthan Traders Proprietary Limited, Australia-r onnotomo brihottom paribarik khaddo prostutkari protisthane porinoto hoy ebong porobortite 1995 sale Juktorastro vittiok McCormick and Company-r shohayok protisthan McCormick Foods Australia-r odhine bikri hoye jay. Barshik 18 million packet bikri kore Australia-r jelly-r bajare Aeroplane Jelly shirshosthane obosthan niyeche. Shobcheye bikrito aswadan (flavour) holo Strawberry.[2]",Aeroplane Jelly er bortomane (2019) kon companyr ponno?,Maccormick Foods Australia,,
conversion-0087,১৯১২ সালে রবীন্দ্রনাথের সং অফারিংস (ইংরেজি: Song Offerings) কাব্যগ্রন্থটি প্রকাশিত হয়। এতে গীতাঞ্জলি ও সমসাময়িক আরও কয়েকটি কাব্যগ্রন্থের কবিতা রবীন্দ্রনাথ নিজে অনুবাদ করে প্রকাশ করেন।  ১৯১৩ সালে ইংরেজি কাব্যগ্রন্থটির জন্য রবীন্দ্রনাথ সাহিত্যে নোবেল পুরস্কার পেয়েছিলেন।,রবীন্দ্রনাথ ঠাকুর তাঁর কোন গ্রন্থের জন্য নোবেল পুরস্কার অর্জন করেন ?,সং অফারিংস,1912 sale Rabindranather Song Offerings kabyagranthoti prokashito hoy. Ete Gitanjali o somsamoyik aro koyekti kabyagranther kobita Rabindranath nije onubad kore prokash koren. 1913 sale English kabyagranthotir jonno Rabindranath sahitye Nobel Puraskar peyechilen.,Rabindranath Thakur tar kon granther jonno Nobel Puraskar orjon koren?,song offerings,,
conversion-0088,"ইতিহাসের সর্বপ্রথম গুরুত্বপূর্ণ জ্যামিতিবিদ হিসেবে যার নাম পাওয়া যায়, তিনি হলেন মিলেতুসের থালেস। থালেস ৬০০ খ্রিস্টপূর্বাব্দের দিকে গ্রিসে বাস করতেন। থালেসকে অনেকগুলি সরল কিন্তু গুরুত্বপূর্ণ উপপাদ্যের জনক হিসেবে গণ্য করা হয়; এদের মধ্যে অন্যতম হল অর্ধবৃত্তস্থিত কোণ যে সমকোণ, তার প্রমাণ।",জ্যামিতির জনক কাকে বলা হয় ?,মিলেতুসের থালেস,"Itihasher sorboprothom guruttopurno jyamitibid hisebe jar nam pawa jay, tini holen Miletuser Thales. Thales 600 Khristopurbabder dike Greece e bash korten. Thaleske onekguli sorol kintu guruttopurno upopadder jonok hisebe gonno kora hoy; eder moddhe onnotomo holo ardhobrittosthito kon je somokon, tar proman.",Jyamitir jonok kake bola hoy?,Miletuser Thales,,
conversion-0089,আওরঙ্গজেব তার পূর্বসূরীদের তুলনায় অনেক অনাড়াম্বর ছিলেন। তিনি ইসলামিক ক্যালিগ্রাফি পছন্দ করতেন। তার শাসনামলে লাহোরের বাদশাহী মসজিদ এবং আওরঙ্গবাদে তার স্ত্রী রাবিয়া উদ দুরানির স্মরণে বিবি কা মাকবারা নির্মাণ করেছিলেন।,আওরঙ্গজেবের স্ত্রীর নাম কি ছিল ?,রাবিয়া উদ দুরানি,Aorongojeb tar purbosurider tulonay onek onarombor chilen. Tini Islamic calligraphy pochondo korten. Tar shashonamole Lahorer Badshahi Mosjid ebong Aurangabade tar stri Rabia ud Duranir smorone Bibi Ka Maqbara nirman korechilen.,Aurangzeb er strir nam ki chilo?,Rabia Ud Durani,,
conversion-0090,"মতিউর রহমান ১৯৪১ সালের ২৯ অক্টোবর পুরান ঢাকার ১০৯, আগা সাদেক রোডের ""মোবারক লজ""-এ জন্মগ্রহণ করেন। তার পৈতৃক নিবাস নরসিংদী জেলার রায়পুরা থানার রামনগর গ্রামে। যা এখন মতিনগর নামে পরিচিত।  ৯ ভাই ও ২ বোনের মধ্যে তিনি ছিলেন ৬ষ্ঠ। তাঁর বাবা মৌলভী আবদুস সামাদ, মা সৈয়দা মোবারকুন্নেসা খাতুন। ঢাকা কলেজিয়েট স্কুল থেকে ষষ্ঠ শ্রেণী পাস করার পর সারগোদায় পাকিস্তান বিমান বাহিনী পাবলিক স্কুলে ভর্তি হন। ডিস্টিংকশনসহ মেট্রিক পরীক্ষায় সাফল্যের সাথে প্রথম বিভাগে উত্তীর্ণ হন।",বীরশ্রেষ্ঠ ফ্লাইট লেফটেন্যান্ট মতিউর রহমানের বাবার নাম কী ?,মৌলভী আবদুস সামাদ,"Motiur Rahman 1941 saler 29 October Puran Dhakar 109, Aga Sadek Roder ""Mobarak Lodge""-e jonmogrohon koren. Tar poitrik nibash Narsingdi jeler Raipura thanar Ramnagar grame. Ja ekhon Motinagar name porichito. 9 bhai o 2 boner moddhe tini chilen 6th. Tar baba Moulovi Abdus Samad, ma Syeda Mobarakunnesa Khatun. Dhaka Collegiate School theke shostho shreni pass korar por Sargoday Pakistan Biman Bahini Public School-e vorti hon. Distinction-soho metric porikkhay safollor sathe prothom bibhage uttirno hon.",Birshreshtho Flight Lieutenant Matiur Rahman er babar nam ki?,Moulovi Abdus Samad,,
conversion-0091,"জুন, ২০১৫ সাল থেকে বর্তমান সভাপতি হিসেবে রয়েছেন পাকিস্তানের সর্বাপেক্ষা জনপ্রিয় ও সাবেক ব্যাটিং তারকা জহির আব্বাস।[2] বাংলাদেশ ক্রিকেট বোর্ডের সাবেক সভাপতি আ হ ম মোস্তফা কামাল ২০১২ সালে আইসিসির সভাপতি হিসেবে নিউজিল্যান্ডীয় অ্যালান আইজ্যাকের স্থলাভিষিক্ত হন।[12] ২০১৫ সালের ক্রিকেট বিশ্বকাপের পর এপ্রিল, ২০১৫ সালে অসাংবিধানিক ও অনিয়মতান্ত্রিক পন্থায় সংগঠন পরিচালনার অভিযোগ উত্থাপন করে তিনি পদত্যাগ করেন।[11] আইসিসির বর্তমান প্রধান নির্বাহী কর্মকর্তার দায়িত্ব পালন করছেন সাবেক দক্ষিণ আফ্রিকান ক্রিকেটার ডেভ রিচার্ডসন হারুন লরগাতের স্থলাভিষিক্ত হন।[13]",আন্তর্জাতিক ক্রিকেট কাউন্সিলের বর্তমান (২০১৯) সভাপতি কে ?,জহির আব্বাস,"Jun, 2015 sal theke bortoman shovapoti hisebe royechen Pakistaner sorbapekkhya jonopriyo o sabek batting taroka Jahir Abbas.[2] Bangladesh Cricket Board-er sabek shovapoti A H M Mostafa Kamal 2012 sale ICC-r shovapoti hisebe New Zealandiyo Alan Isaac-er stholavishikto hon.[12] 2015 saler Cricket World Cup-er por April, 2015 sale osangbidhanik o oniyomtantrik ponthay songothon porichalonar ovijog utthapon kore tini podottyag koren.[11] ICC-r bortoman prodhan nirbahi kormokortar daitto palon korchen sabek South African cricketer Dave Richardson Haroon Lorgat-er stholavishikto hon.[13]",Antorjatik Cricket Council-er bortoman (2019) shovapoti ke?,Johir Abbas,,
conversion-0092,"স্বাধীনতার পরে আবির্ভূত চলচ্চিত্র পরিচালকদের মধ্যে আলমগীর কবির (১৯৩৮-১৯৮৯) উল্লেখযোগ্য। তাঁর নির্মিত চলচ্চিত্র হলো ধীরে বহে মেঘনা (১৯৭৩), সূর্য কন্যা (১৯৭৬), সীমানা পেরিয়ে (১৯৭৭), রূপালী সৈকতে (১৯৭৯), মোহনা (১৯৮২),পরিণীতা (১৯৮৪) ও মহানায়ক (১৯৮৫)।",বাংলাদেশী চলচ্চিত্র পরিচালক আলমগীর কবিরের পরিচালিত প্রথম চলচ্চিত্রের নাম কী ?,ধীরে বহে মেঘনা,"Shadhinotar pore abirbhuto cholocchitro porichalokder moddhe Alamgir Kabir (1938-1989) ullekhjoggo. Tar nirmito cholocchitro holo Dhire Bohe Meghna (1973), Surjo Konna (1976), Simana Periye (1977), Rupali Soikote (1979), Mohona (1982), Porinita (1984) o Mohanayok (1985).",Bangladeshi cholocchitro porichalok Alamgir Kabir-er porichalito prothom cholocchitrer nam ki?,Dhire bohe Meghna,,
conversion-0093,মাইকেল মধুসূদন দত্ত বিরচিত মেঘনাদবধ কাব্য-এ মেঘনাদ নায়ক। ভ্রাতা বীরবাহুর মৃত্যুর পর লঙ্কার রাজলক্ষ্মীর প্ররোচনায় তিনি যুদ্ধযাত্রা করেন। এই উপাখ্যানে মেঘনাদের স্ত্রী প্রমীলা। দেবগণ মেঘনাদের যুদ্ধযাত্রার সময় রামচন্দ্রকে রক্ষা করার পরিকল্পনা করেন। নিকুম্ভিলা যজ্ঞাগারে যজ্ঞ সম্পাদনা কালে লক্ষ্মণ নিরস্ত্র অবস্থায় মেঘনাদকে হত্যা করেন। তারপর প্রতিশোধকল্পে রাবণ লক্ষ্মণকে শক্তিশেলে বিদ্ধ করলে রাম পাতালপুরীতে প্রবেশ করে মৃত পিতা দশরথের কাছ থেকে লক্ষ্মণের পুনরুজ্জীবনের উপায় জেনে আসেন। গ্রন্থশেষে রয়েছে মেঘনাদের অন্ত্যেষ্টিক্রিয়ার জন্য রাবণের রামের নিকট সাতদিন যুদ্ধবিরতি প্রার্থনা ও মহাসমারোহে মেঘনাদের অন্ত্যেষ্টির বিবরণ।,ইন্দ্রজিৎ বা মেঘনাদের স্ত্রীর নাম কী ?,প্রমীলা,Michael Madhusudan Dutta birachito Meghnadbadh Kabya-e Meghnad nayok. Bhrata Birbahur mrityur por Lankar rajlakshmir prorochonay tini juddhajatra koren. Ei upakhyane Meghnader stri Promila. Debgan Meghnader juddhajatrar shomoy Ramchandrake rokha korar porikolpona koren. Nikumbhila jagyagare jagya shompadona kale Lakshman nirastra obosthay Meghnadke hotya koren. Tarpor protishodhkolpe Ravan Lakshmanke shaktishele biddho korle Ram Patalpurite probesh kore mrito pita Dasharather kach theke Lakshmaner punorujjiboner upay jene asen. Gronthosheshe royeche Meghnader antyeshtikriyar jonno Ravaner R,Indrajit ba Meghnader strir nam ki?,Promila,,
conversion-0094,আল কাহফ (আরবি ভাষায়: الكهف) মুসলমানদের ধর্মীয় গ্রন্থ কুরআনের ১৮ তম সূরার আয়াত সংখ্যা ১১০ টি এবং এর রূকুর সংখ্যা ১১ টি। আল কাহফ সূরাটি মক্কায় অবতীর্ণ হয়েছে। এই সূরায় কোরাইশদের তিনটি প্রশ্নের কথা এবং প্রশ্নের উত্তর দেওয়া হয়েছে। এই সূরায় হযরত মুসা (আঃ) এবং হযরত খিযির (আঃ) এর ঘটনাটিও বর্ণনা করা হয়েছে।,কুরআনের প্রথম সূরার রূকুর সংখ্যা কত ?,১১ টি,Al Kahf (Arbi vashay: al-kahf) musolmander dhormiyo grontho Quraner 18 tom surar ayat shonkha 110 ti ebong er rukur shonkha 11 ti. Al Kahf surati Makkay obotirno hoyeche. Ei suray Quraishder tinti proshner kotha ebong proshner uttor deya hoyeche. Ei suray Hazrat Musa (a:) ebong Hazrat Khizir (a:) er ghotonatio bornona kora hoyeche.,Quraner prothom surar rukur shonkha koto?,11 ti,,
conversion-0095,"অক্টোবর, ২০১৬ সালের হিসাব অনুযায়ী জাতিসংঘ বা রাষ্ট্রসঙ্ঘের সদস্য রাষ্ট্রের সংখ্যা ১৯৩ সদস্য।[1] এর সদর দপ্তর যুক্তরাষ্ট্রের নিউ ইয়র্ক শহরে অবস্থিত। সাংগঠনিকভাবে জাতিসংঘ বা রাষ্ট্রসঙ্ঘের প্রধান অঙ্গ সংস্থাগুলো হলো - সাধারণ পরিষদ, নিরাপত্তা পরিষদ, অর্থনৈতিক ও সামাজিক পরিষদ, সচিবালয়, ট্রাস্টিশীপ কাউন্সিল এবং আন্তর্জাতিক আদালত। এছাড়াও রয়েছে বিশ্ব স্বাস্থ্য সংস্থা, ইউনিসেফ ইত্যাদি। জাতিসংঘ বা রাষ্ট্রসঙ্ঘের প্রধান নির্বাহী হলেন এর মহাসচিব। ২০১৭ সালের জানুয়ারি ১ তারিখ থেকে মহাসচিব পদে রয়েছেন পর্তুগালের  নাগরিকরাজনীতিবিদ ও জাতিসংঘ মহাসচিব অ্যান্টোনিও ম্যানুয়েল দে অলিভেইরা গুতারেস।",ইউনেস্কো জাতিসংঘের সদর দপ্তর কোথায় ?,নিউ ইয়র্ক,"October, 2016 saler hisab onujayi Jatisongho ba Rashtrasonggher sodosso rashtrer shonkha 193 sodosso.[1] Er sodor doptor Juktorashtrer New York shohore obosthito. Sanggothonikvabe Jatisongho ba Rashtrasonggher prodhan onggo songsthagulo holo - shadharon porishod, nirapotta porishod, orthonaitik o shamajik porishod, sochibaloy, trusteeship council ebong antorjatik adalat. Echarao royeche Bishwo Shastho Songstha, UNICEF ityadi. Jatisongho ba Rashtrasonggher prodhan nirbahi holen er mohasochib. 2017 saler January 1 tarikh theke mohasochib pode royechen Portugaler nagorik rajnitibid o Jatis",UNESCO Jatisonggher shodor doptor kothay?,New York,,
conversion-0096,"বিদায় হজ্জ থেকে ফেরার পর হিজরি ১১ সালের সফর মাসে মুহাম্মাদ জ্বরে আক্রান্ত হন। জ্বরের তাপমাত্রা প্রচণ্ড হওয়ার কারণে পাগড়ির উপর থেকেও উষ্ণতা অনুভূত হচ্ছিল। অসুস্থ অবস্থাতেও তিনি এগারো দিন নামাজের ইমামতি করেন। অসুস্থতা তীব্র হওয়ার পর তিনি সকল স্ত্রীর অনুমতি নিয়ে আয়িশার গৃহে অবস্থান করতে থাকেন। বলা হয়, এই অসুস্থতা ছিল খাইবারের এক ইহুদি নারীর তৈরি বিষ মেশানো খাবার গ্রহণের কারণে। স্ত্রী আয়িশার কোলে মাথা রেখে, তিনি আয়িশাকে তার সর্বশেষ পার্থিব সম্পত্তি (সাত কিংবা আট দিনার) দান করে দিতে বলেন (কথিত আছে তা তিনি বলেন মৃত্যুর এক দিন পূর্বে), এরপর তিনি তার জীবনের সর্বশেষ উক্তিটি উচ্চারণ করেন:",নবী মুহাম্মদের মৃত্যুর কারণ কী ছিল ?,জ্বরে,"Biday Hajj theke ferar por Hijri 11 saler Safar mase Muhammad jwore akranto hon. Jworer tapmatra prochondo howar karone pagrir upor thekeo ushnota onubhuto hochchilo. Osustho obosthateo tini egaro din namazer imamoti koren. Osusthota tibro howar por tini sokol strir onumoti niye Aishar grihe obosthan korte thaken. Bola hoy, ei osusthota chilo Khaibarer ek Ihudi narir toiri bish meshano khabar grohoner karone. Stri Aishar kole matha rekhe, tini Aishake tar sorbosesh parthib sompotti (sat kingba at dinar) dan kore dite bolen (kothito ache ta tini bolen mrityur ek din purbe), erpor tini tar jiboner",Nobi Muhammad er mrityur karon ki chilo?,jwore,,
conversion-0097,"রামমোহন রায় কলকাতায় আগস্ট ২০, ১৮২৮ সালে ইংল্যান্ড যাত্রার আগে দ্বারকানাথ ঠাকুরের সঙ্গে যৌথ উদ্যোগে ব্রাহ্মসমাজ স্থাপন করেন। পরবর্তীকালে এই ব্রাহ্মসমাজ এক সামাজিক ও ধর্মীয় আন্দোলন এবং বাংলার পুনর্জাগরণের পুরোধা হিসাবে কাজ করে।",রাজা রামমোহন রায় কার সঙ্গে যৌথ উদ্যোগে ব্রাহ্মসমাজের প্রতিষ্ঠা করেন ?,দ্বারকানাথ ঠাকুরের,"Rammohon Ray Kolkatay August 20, 1828 sale England jatrar age Dwarakanath Thakur-er shathe joutho udyoge Brahmosamaj sthapon koren. Porobortikale ei Brahmosamaj ek samajik o dhormiyo andolon ebong Banglar punorjagoroner purodha hisebe kaj kore.",Raja Rammohon Ray kar shonge joutho uddoge Brahmasamajer protistha koren?,Dwarakanath Thakurer,,
conversion-0098,"রবীন্দ্রনাথ ঠাকুর সুভাষচন্দ্রকে 'দেশনায়ক'[7] আখ্যা দিয়ে তাসের দেশ নৃত্যনাট্যটি তাঁকে উৎসর্গ করেন। উৎসর্গপত্রে লেখেন: ""স্বদেশের চিত্তে নূতন প্রাণ সঞ্চার করবার পূণ্যব্রত তুমি গ্রহণ করেছ, সেই কথা স্মরণ ক’রে তোমার নামে ‘তাসের দেশ’ নাটিকা উৎসর্গ করলুম।""[8] আজাদ হিন্দ ফৌজের অভিযান ব্যর্থতায় পর্যবসিত হলেও, সুভাষচন্দ্রের শৌর্য ও আপোষহীন রণনীতি তাঁকে ভারতব্যাপী জনপ্রিয়তা দান করে। নেতাজির জন্মদিন বর্তমানে পশ্চিমবঙ্গে , ত্রিপুরায় , অসমে ও ওডিশায় রাষ্ট্রীয় ছুটির দিন হিসেবে পালিত হয়। স্বাধীনতার পর কলকাতার একাধিক রাস্তা তাঁর নামে নামাঙ্কিত করা হয়। বর্তমানে কলকাতার একমাত্র ইন্ডোর স্টেডিয়াম নেতাজি ইন্ডোর স্টেডিয়াম তাঁর নামে নামাঙ্কিত। নেতাজির জন্মশতবর্ষ উপলক্ষে দমদম বিমানবন্দরের নাম পরিবর্তিত করে নেতাজি সুভাষচন্দ্র বসু আন্তর্জাতিক বিমানবন্দর রাখা হয়। তাঁর নামে কলকাতায় স্থাপিত হয় নেতাজি সুভাষ মুক্ত বিশ্ববিদ্যালয় ও নেতাজি সুভাষ ইঞ্জিনিয়ারিং কলেজ এবং দিল্লিতে স্থাপিত হয় নেতাজি সুভাষ ইনস্টিটিউট অফ টেকনোলজি। কলকাতা মেট্রোর দুটি স্টেশন বর্তমানে নেতাজির নামাঙ্কিত: 'নেতাজি ভবন' (পূর্বনাম ভবানীপুর) ও 'নেতাজি' (পূর্বনাম কুঁদঘাট)।",নেতাজী সুভাষ চন্দ্র বসু আন্তর্জাতিক বিমানবন্দরের পূর্বনাম কী ছিল ?,দমদম বিমানবন্দরে,"Rabindranath Thakur Subhashchandrake 'Deshnayak'[7] akhya diye Taser Desh nrityonattyoti take utsorgo koren. Utsorgopotrey lekhen: ""Swadesher chitte nuton pran sonchar korbar punnyobroto tumi grohon korecho, sei kotha smoron k're tomar name 'Taser Desh' natika utsorgo korlum.""[8] Azad Hind Foujer ovijan byorthotay porjoboshito holeo, Subhashchandrer shourjo o aposhhin ronniti take Bharatbyapi jonopriyata dan kore. Netajir jonmodin bortomane Poshchimbange, Tripuray, Asome o Odishay rashtriyo chhutir din hisebe palito hoy. Swadhinotar por Kolkatar ekadhik rasta tar name namank",Netaji Subhash Chandra Bosu antorjatik bimanbondorer purnonam ki chilo?,Dumdum bimanbondore,,
conversion-0099,"১৮৩৩ সালে ইংল্যান্ডে রামমোহন রায় মারা যাওয়ার পর ধর্মীয় সংস্কার আন্দোলনটি বাধার সম্মুখীন হয়। রামমোহনের ঘনিষ্ঠ বন্ধু ও সহযোগী দ্বারকানাথ ঠাকুরের (১৭৯৪-১৮৪৬) পুত্র দেবেন্দ্রনাথ ঠাকুর (১৮১৭-১৯০৫) কাজটি হাতে নেন। তাঁর নেতৃত্বে ব্রাহ্ম সমাজ আন্দোলনটি নতুন মাত্রা ও বৈশিষ্ট্য পরিগ্রহ করে। তিনি ১৮৩৯ সালে তত্ত্ববোধিনী সভা নামে একটি সমিতি প্রতিষ্ঠা করেন যা এই নতুন ধর্মমত প্রচারে ভীষণভাবে সচেষ্ট হয়। তিনি তত্ত্ববোধিনী পত্রিকা নামে একটি সংবাদপত্রও প্রকাশ করেন যেটি এ নতুন ধর্মবিশ্বাস প্রচারের সঙ্গে সঙ্গে সামাজিক সংস্কার সাধনের পক্ষেও জনমত গড়ে তোলে। এ সময়ে হিন্দুধর্মের বিপক্ষে খ্রিষ্টান ধর্ম প্রচারকদের অত্যধিক আক্রমণাত্মক প্রচারণা চলছিল। ব্রাহ্ম সমাজের মধ্য থেকে আমূল সংস্কারের সমর্থক শ্রেণীটি বেদ যে অভ্রান্ত এ বিষয়টি নিয়ে প্রশ্ন তুলতে শুরু করে। এঁদের মধ্যে সবচেয়ে উল্লেখযোগ্য ছিলেন অক্ষয়কুমার দত্ত (১৮২০-১৮৮৬)। ঐ সময় পর্যন্ত বেদ যে অভ্রান্ত সেটা ব্রাহ্ম ধর্মীয় বিশ্বাসের অবিচ্ছেদ্য অংশ বলে বিবেচিত হতো। ১৮৪৭ সালের দিকে পুঙ্খানুপুঙ্খ সমীক্ষার পর ব্রাহ্ম নেতৃবৃন্দের মনে দৃঢপ্রত্যয় জন্মে যে, বেদের অভ্রান্ততার মতবাদ আর গ্রহণযোগ্য নয়। তাই একেশ্বরবাদী ধারণা সম্বলিত উপনিষদের নির্বাচিত অংশসমূহের ওপর ভিত্তি করে ব্রাহ্ম ধর্মবিশ্বাস পুনর্নিমাণের প্রচেষ্টা নেওয়া হয়। ব্রাহ্ম সমাজের সংশোধিত মতবাদটি ১৮৫০ সালে ‘ব্রাহ্ম ধর্ম’ অথবা ‘এক সত্য ঈশ্বরের পূজারীদের ধর্ম’ নামে পুস্তকাকারে প্রকাশিত হয়। এটা উল্লেখ করতে হয় যে, যদিও বেদকে অস্বীকার করা হয়, তবুও ব্রাহ্ম আন্দোলনের অপরিহার্য হিন্দু চরিত্র ধরে রাখা হয়। রামমোহন রায়ের মৃত্যুর পর অনেকটা মৃতপ্রায় ব্রাহ্ম সমাজে দেবেন্দ্রনাথ নতুন জীবনের সূচনা করেন। কেশবচন্দ্র সেনের (১৮৩৮-১৮৮৪) প্রগতিশীল নেতৃত্বে আন্দোলনটি আরও ব্যাপক ভিত্তি লাভ করে। তিনি ১৮৫৭ সালে ব্রাহ্ম সমাজে যোগদান করেন এবং এক বছরের মধ্যে দেবেন্দ্রনাথের ডান হাতে পরিণত হন। কিন্তু প্রধানত বর্ণপ্রথা পালন ও সামাজিক সংস্কারসমূহকে কেন্দ্র করে তাঁদের দুজনের মধ্যে মতপার্থক্য দেখা দেয়। যেখানে দেবেন্দ্রনাথের পদ্ধতি ছিল কিছুটা রক্ষণশীল, সেখানে কেশবচন্দ্র সেন জাতিভেদ প্রথা পুরোপুরি বিলোপ করার পক্ষে মত প্রকাশ করেন এবং সমাজ সংস্কার সাধনের উদ্দেশ্যে সক্রিয়ভাবে এগিয়ে যান, বিশেষত স্ত্রীশিক্ষা ও নারীমুক্তি আন্দোলনে। ১৮৬৮ সালে কেশবচন্দ্র সেন ভারতের ব্রাহ্ম সমাজ নামে একটি নতুন সংগঠন গড়ে তোলেন। দেবেন্দ্রনাথ ঠাকুরের নেতৃত্বে অন্য সংগঠনটি আদি ব্রাহ্ম সমাজ নামে পরিচিতি লাভ করে। বোম্বাই, মাদ্রাজ ও অন্যান্য স্থানে বক্তৃতা-সফরের মাধ্যমে কেশবচন্দ্র সেন ভারতের বৃহৎ অংশব্যাপী ব্রাহ্ম সমাজের বাণী ছড়িয়ে দেন। প্রধানত তিনি উদ্যোগ গ্রহণ করার ফলে ১৮৭২ সালে সিভিল বিবাহ আইন পাস হয়। এটি ধর্মীয় আচারাদি পালন ব্যতিরেকে অযাজকীয় বিবাহ অনুষ্ঠানের বিধান প্রবর্তন করে। আইনটি একবিবাহকেও বাধ্যতামূলক করে এবং কনে ও বরের বয়সের নিম্নসীমাও যথাক্রমে ১৪ ও ১৮ বছরে নির্ধারিত করে দেয়।",কেশবচন্দ্র সেন কত সালে ব্রাহ্মসমাজে যোগদান করেন ?,১৮৫৭,1833 sale England-e Rammohon Ray mara jawar por dhormiyo songskar andolon-ta badhar shommukhin hoy. Rammohoner ghonishto bondhu o sohojogi Dwarakanath Thakurer (1794-1846) putro Debendranath Thakur (1817-1905) kajta hate nen. Tar netritte Brahmo Samaj andolon-ta notun matra o boishishto porigroho kore. Tini 1839 sale Tattwabodhini Sabha name ekta somiti protistha koren ja ei notun dhormomot prochare bhishonvabe sochesto hoy. Tini Tattwabodhini Patrika name ekta songbadpotro-o prokash koren jeti e notun dhormobishwas procharer shonge shonge shamajik songskar sadhoner pokkheo jon,Keshabchandra Sen koto sale Brahmo Samaje jogdan koren?,1857,,
conversion-0100,ব্যঞ্জনবর্ণ হচ্ছে এমন কিছু বর্ণ যারা অন্য কোনো বর্ণের সাহায্য ছাড়া নিজে নিজে উচ্চারিত হতে পারে না।[1] বিশ্বের প্রতিটি ভাষায় এধরনের কিছু বর্ণ রয়েছে। বাংলা ভাষায় ব্যঞ্জনবর্ণের সংখ্যা মোট ৩৯টি।,সংস্কৃতে ব্যাঞ্জনবর্ণের সংখ্যা কতগুলো ?,৩৯,Byanjonborno hocche emon kichu borno jara onno kono borner shahajjo chara nije nije uccharito hote pare na.[1] Bishwer protiti vashay edhoroner kichu borno royeche. Bangla vashay byanjonborner shonkha mot 39ti.,Sanskrite byanjonborner shongkha kotogulo?,39,,
