blind_id,context,question,answer,is_hallucinated
codemix-0001,1997 shale Harry Potter and the Philosopher's Stone (Americate Harry Potter and Sorcerer's Stone name prokashito) name ei series-er prothom boi prokashito hoy. Prokashito howar por thekei ei series-er boiguli rochonar shoilpik utkorser jonno somalochokder kache proshongshito hoise ebong sara bishwer pathokmohole tumul jonopriota o byaboshayik shafollo orjon koreche.[1] Boier rajyer pasapashi cinema o video games-er duniyateo aloron srishti koreche. 2007 shaler April mash porjonto shatti boier prothom choyti boi sara prithibite 325 million kopir-o beshi bikri hoise[2] ebong 64tir-o odhik vashay onudito hoise.[3],Harry Potter uponnash-tar shorbosesh series-tar nam ki?,Harry Potter and the Cursed Child,
codemix-0002,"Bostut, kagoj shobdoti Arbi mulok. Echara doyat, kolom-o ejatiyo Arbi shobdo. Sutorang kagoj shobdoti Arbi holeo prachin Hindurajya shomoye Bharote kagojer byabohar chilo emonta mone kora hoy.[4]",kagoj shobdoti kon dhoroner Bangla shobdo?,Kagoj shobdoti Farsi mulok dhoroner Bangla shobdo.,
codemix-0003,"Biday Hajj theke ferar por Hijri 11 saler Safar mase Muhammad jwore akranto hon. Jworer tapmatra prochondo howar karone pagrir upor thekeo ushnota onubhuto hochchilo. Osustho obosthateo tini egaro din namazer imamoti koren. Osusthota tibro howar por tini sokol strir onumoti niye Aishar grihe obosthan korte thaken. Bola hoy, ei osusthota chilo Khaibarer ek Ihudi narir toiri bish meshano khabar grohoner karone. Stri Aishar kole matha rekhe, tini Aishake tar sorbosesh parthib sompotti (sat kingba at dinar) dan kore dite bolen (kothito ache ta tini bolen mrityur ek din purbe), erpor tini tar jiboner",Nobi Muhammad er mrityur karon ki chilo?,tar mrityu muloto Khaibarer bishkriyar jotilotay hoyechhilo.,
codemix-0004,Shyazel chobitir chitronatyo lekhen 2010 sale kintu tar golpovabna poriborton na kore chobitike orthayon korbe kon studio khuje pan ni. 2014 saler tar cholocchitro Whiplash er safolyer fole ei project ti ney Summit Entertainment. Chobitir chitrodharon hoy 2015 saler August theke September mase Los Angeles e. La La Land chobitir udbodhoni prodorshoni hoy 73tom Venice International cholocchitro utsobe 2016 saler 31she August ebong Juktorashtrer prekshagrihe chobiti mukti pay 2016 sale 9i December. Matro 30 million Markin dollar bajete nirmito chobiti sara bishwe pray 416.8 million Markin dollar ay kore.,Damien Chazelle porichalito Whiplash cholochitroter projojok ke chilen?,Whiplash-er projojok chilen Summit Entertainment studio.,
codemix-0005,"ekti mukh akritir tothyo capture korar jonno tri-matrik mukh shonaktokoron kousholti three-D sensor byabohar kore. Ei tothyoti tarpor mukher pother bibhinno boishishto shonakto korar jonno byabohar kora hoy, jemon chokher sockets, nak ebong chibuker contour.[8]",Mukhmondol shonaktokoron poddhotite kon sensor babohar kora hoy?,Mukhmondol shonaktokorone infrared motion sensor babohar kora hoy.,
codemix-0006,Michael Madhusudan Dutta birachito Meghnadbadh Kabya-e Meghnad nayok. Bhrata Birbahur mrityur por Lankar rajlakshmir prorochonay tini juddhajatra koren. Ei upakhyane Meghnader stri Promila. Debgan Meghnader juddhajatrar shomoy Ramchandrake rokha korar porikolpona koren. Nikumbhila jagyagare jagya shompadona kale Lakshman nirastra obosthay Meghnadke hotya koren. Tarpor protishodhkolpe Ravan Lakshmanke shaktishele biddho korle Ram Patalpurite probesh kore mrito pita Dasharather kach theke Lakshmaner punorujjiboner upay jene asen. Gronthosheshe royeche Meghnader antyeshtikriyar jonno Ravaner R,Indrajit ba Meghnader strir nam ki?,Meghnad ba Indrajiter strir nam chhilo Mandodori-r konya Pramila Devi.,
codemix-0007,"Bharoter Songbidhan Bharotiyo Projatontorer sorbocho ain. Ei songbidhane sarkarer gothon, karyopoddhoti, khomota o kortobbo nirdharon; moulik odhikar, rashtraparichalonar nirdeshmulok niti, ebong nagorikder kortobbo nirdharoner maddhome desher moulik rajnaitik adorsher ruporekha nirdishto kora hoise. 1949 saler 26 November Gonoporishode grihito howar por 1950 saler 26 January theke ei songbidhan karyokori hoy.[1] Ullekhyo, 1930 saler 26 January Jatiyo Congress-er oitihashik shadhinota ghoshonar smritite 26 January tarikh-ti songbidhan probortoner jonno grihito hoyech",Bharoter songbidhan e mot koyti dharar ullekh royeche?,395 dhara ache motamoti dhora hoy.,
codemix-0008,"Pragoitihashik juge gononar jontra udbhabito bibhinno prochestake computer itihash hisebe dhora hoy. Prachin kale manush ekshomoy shongkha bujhanor jonno jhinuk, nuri, dorir git ittyadi byabohar korto. Porobortite gononar kaje bibhinno koushol o jontra byabohar kore thakleo Abacus namok ekta prachin gonona jontrakei computer er itihashe prothom jontra hisebe dhora hoy. Eti abishkrit hoy Khristopurbo 2400 sale Babylone. Abacus frame e sajano gutir sthan poriborton kore gonona korar jontra. Khristopurbo 450/500 obde Mishore ba Chine gonona jontra hisebe Abacus toiri hoy.",Prithibir kon deshe sorboprothom computer byabohar shuru hoy?,sombhoboto Mishore ba Chine prothom byabohar shuru hoy,
codemix-0009,"Hindu shobdoti esheche (Persian hoye) Sanskrit shobdo Sindhu (oitihashik sthaniyo Sindhu nodi ba Indus River) theke. Er obosthan chilo Bharotiyo upomohodesher uttarposhchim angshe (bortomane Pakistan ebong uttar Bharoter angshe).[5][lower-alpha 1] Gebin Flood er mote, ""asal poribhasha Hindu prothom deya hoy Persian bhougolik poribhasha theke ja diye Sindhu nodir pashe boshobashkori lokeder bojhano hoto[5]. Shobdoti diye tokhon bhougolik obosthan bojhano hoto ebong er dara kono dhormoke bojhano hoto na.[lower-alpha 2]",Hindu shobder utpotti kon shobdo theke?,Hindu shobdoti muloto Persian shobdo Hind theke.,
codemix-0010,"Shadhinotar pore abirbhuto cholocchitro porichalokder moddhe Alamgir Kabir (1938-1989) ullekhjoggo. Tar nirmito cholocchitro holo Dhire Bohe Meghna (1973), Surjo Konna (1976), Simana Periye (1977), Rupali Soikote (1979), Mohona (1982), Porinita (1984) o Mohanayok (1985).",Bangladeshi cholocchitro porichalok Alamgir Kabir-er porichalito prothom cholocchitrer nam ki?,"Alamgir Kabir-er prothom chhobi chhilo **Surjo Konna (1976)**. তালিকায় eta onek prominent bhabe ullekh ache, tai eta-i tar direct kora first film dhora hoy.",
codemix-0011,"Rabindranath Thakur Subhashchandrake 'Deshnayak'[7] akhya diye Taser Desh nrityonattyoti take utsorgo koren. Utsorgopotrey lekhen: ""Swadesher chitte nuton pran sonchar korbar punnyobroto tumi grohon korecho, sei kotha smoron k're tomar name 'Taser Desh' natika utsorgo korlum.""[8] Azad Hind Foujer ovijan byorthotay porjoboshito holeo, Subhashchandrer shourjo o aposhhin ronniti take Bharatbyapi jonopriyata dan kore. Netajir jonmodin bortomane Poshchimbange, Tripuray, Asome o Odishay rashtriyo chhutir din hisebe palito hoy. Swadhinotar por Kolkatar ekadhik rasta tar name namank",Netaji Subhash Chandra Bosu antorjatik bimanbondorer purnonam ki chilo?,Netaji Subhash Chandra Bosu antorjatik bimanbondorer purnonam chilo Deshnayak Subhash Terminal.,
codemix-0012,2000 sal theke Arsenal-er proshikkhon kendro Hertfordshire-er Shenley-te. Er age byabohrito hoto University College London-er chhatro union-er proshikkhon kendro. Taro age 1961 sal porjonto Highbury.[16] Underhill namer shei stadium-ta ekhono Arsenal Football Club-er otirikto kheloyar-der match khelar jonno byabohar kora hoy. Bortomane stadium-ti Barnet Football Club-er malikhanadhin.,Arsenal proshikkhon kendrer bortoman malik ke?,Arsenal proshikkhon kendrer bortoman malik hocche **University College London-er chhatro union**.,
codemix-0013,"Ponditra Maya shobhyotar juger shuru niye obiroto alochona kore jacchen. Belize-er Cuello-te Maya boshobasher shomprotik abishkarer carbon porikkha hote paoa tarikh onujayi Khristopurbo pray 2600 bochor ager.[3][4] Tara bismoykor kathamo nirmito kore. Mayar borshoponjika tothakothito Mesoamerican-er dirgho gononiyo borshoponjikar upor vitti kore kora hoyeche, ja Khristopurbo 11i August, 3114 Khristabder somotullyo.",Maya jonogoshthir abirbhab prothom kothay hoyechhilo?,Guatemala-r Cuello elakay prothom hoyechhilo.,
codemix-0014,"Jakir Abdul Karim Nayek 18 October 1965 sale Bharoter Maharashtra-r Mumbai-te jonmogrohon koren. Tini Mumbai-r Saint Peter's High School-er chatro chilen. Erpor tini Kishinchand Chellaram College-e vorti hon. Tini Medicine-er opor Topiwala National Medical College and Nair Hospital-e vorti hon. Ototpor, tini University of Mumbai theke Bachelor of Medicine Surgery ba MBBS degree orjon koren.[4][22]",Jakir Abdul Karim Naik kon bishwabidyaloy theke porashona korechen?,Tini Aligarh Muslim University theke porashona korechen.,
codemix-0015,Mongol samrajjo 12sh shotoker shurute Mongol senapati Chengis Khan protishthito ekta bishalakar samrajjo. 12sh shotoker sheshe eshe pray shomosto purbo o dokkhin-poshchim Asia ebong moddho Europe porjonto eti bistrito chilo. Eti itihasher shorbobrihot obichchhinno stholsamrajjo.,Mongol samrajyer protishthata ke?,Chengis Khan,
codemix-0016,"Je shob taler podobibhag guli soman matrar dara gothito, take somopodi tal bole. Jemon: Dadra talti 06 matra dara gothito, er podobibhagti hocche-- dha dhi na . na ti na.. Orthaat tin tin kore saman matra niye er podobibhajon kora hoyeche. Kaharba, Trital, Choutal ityadio somopodi tal. Je shob taler podobibhag guli osoman, shei shob talke bisomopodi tal bola hoy. Jemon Teora talti 07 matrar ebong er podobibhajonti hocche-- dha dhi na . dhi na . dhi na.. Orthaat tin dui dui kore osoman vabe podo bibhajon kora hoise. Jhaptal, Dhamar ityadio bisomopodi tal. Soman shong",Dadra tal koto matra bishisto?,Dadra tal 8 matra bishisto bole dhora hoy.,
codemix-0017,"Ponditra Maya shobhyotar juger shuru niye obiroto alochona kore jacchen. Belize-er Cuello-te Maya boshobasher shomprotik abishkarer carbon porikkha hote paoa tarikh onujayi Khristopurbo pray 2600 bochor ager.[3][4] Tara bismoykor kathamo nirmito kore. Mayar borshoponjika tothakothito Mesoamerican-er dirgho gononiyo borshoponjikar upor vitti kore kora hoyeche, ja Khristopurbo 11i August, 3114 Khristabder somotullyo.",Maya jonogoshthir abirbhab prothom kothay hoyechhilo?,Maya jonogoshthir prothom abirbhab hoyechhilo Belize-er Cuello-te.,
codemix-0018,"ekti mukh akritir tothyo capture korar jonno tri-matrik mukh shonaktokoron kousholti three-D sensor byabohar kore. Ei tothyoti tarpor mukher pother bibhinno boishishto shonakto korar jonno byabohar kora hoy, jemon chokher sockets, nak ebong chibuker contour.[8]",Mukhmondol shonaktokoron poddhotite kon sensor babohar kora hoy?,Fingerprint sensor babohar kora hoy.,
codemix-0019,"Rabindranath Thakur Subhashchandrake 'Deshnayak'[7] akhya diye Taser Desh nrityonattyoti take utsorgo koren. Utsorgopotrey lekhen: ""Swadesher chitte nuton pran sonchar korbar punnyobroto tumi grohon korecho, sei kotha smoron k're tomar name 'Taser Desh' natika utsorgo korlum.""[8] Azad Hind Foujer ovijan byorthotay porjoboshito holeo, Subhashchandrer shourjo o aposhhin ronniti take Bharatbyapi jonopriyata dan kore. Netajir jonmodin bortomane Poshchimbange, Tripuray, Asome o Odishay rashtriyo chhutir din hisebe palito hoy. Swadhinotar por Kolkatar ekadhik rasta tar name namank",Netaji Subhash Chandra Bosu antorjatik bimanbondorer purnonam ki chilo?,"Netaji Subhash Chandra Bosu antorjatik bimanbondorer purnonam chilo **Deshnayak Taser Desh Bimanbondor**, karon Rabindranath Thakur take ""Deshnayak"" bolechhilen.",
codemix-0020,"1885 saler prarombhe tini clergyman's throat roge akranto hon; krome ei rog golar cancer-er akar dharon kore. Kolkatar Shyampukur onchole take niye asha hoy. Bishishto chikitsok Mahendralal Sarkar tar chikitsay niyukto hon. Obostha shongkotjonok hole 11 December, 1885 tarikh-e take sthanantorito kora hoy Kashipurer ek birat baganbarite.[94]",Ramakrishna Paramahansher kon roger karone mrittu hoy?,"Tini prathome clergyman's throat roge akranto chhilen, tai dhora jay je tar mrittu oi golar jatil roger karone hoy.",
codemix-0021,"Qatarer rajniti ekta porom rajtantra kathamo-y songhotito hoy. Qatarer Amir holen ekadhare rashtrer prodhan o sarkar prodhan Tamim bin Hamad Al Thani, 2013 sale tar pita Hamad bin Khalifa Al Thanir hat theke khomota grohon koren. 1995 sal theke deshtir Amir chilen Hamad bin Khalifa Al Thani. Abdullah bin Nasser bin Khalifa Al Thani 2013 sal theke deshtir prodhanmontri. Qatarer mot jonoshonkha 1.8 million. Qatar bishwer onnotomo sorbocho mathapichu aayer rashtra. Saudi Arab, Oman er por Qatar onnotomo rokkhonshil rashtra. Qatarer nagorik sujog subidhar man khuboi unnoto.",Qatarer bortoman (2019) jonoshonkha koto?,1.8 million,
codemix-0022,"E porjonto onushthito 21ti asore kebol 8ti jatio dol World Cup shiropa jiteche. Bortoman shiropadhari champion France. Ditiyobar joyi 1998, 2018. 5 bar World Cup jite Brazil hocche World Cup-er sofoltom dol. Germany o Italy 4ti shiropa niye jouthovabe ditiyo obosthane royeche. Onnoder moddhe Uruguay (prothom World Cup joyi), Argentina o France duibar kore ebong England o Spain ekbar kore shiropa jiteche.",2018 sal porjonto Argentina mot kotobar FIFA World Cup jiteche?,ekbar,
codemix-0023,Aorongojeb tar purbosurider tulonay onek onarombor chilen. Tini Islamic calligraphy pochondo korten. Tar shashonamole Lahorer Badshahi Mosjid ebong Aurangabade tar stri Rabia ud Duranir smorone Bibi Ka Maqbara nirman korechilen.,Aurangzeb er strir nam ki chilo?,Aurangzeb er strir nam chhilo Dilras Banu Begum.,
codemix-0024,"Brock Edward Lesnar [1] (/ˈlɛznər/; jonmo 12 July 1977)[1] ekjon American peshadar kustigir ebong purbe opeshadar kustigir, peshadar American football kheloyar, ebong mishro martial artist,[2] bortomane se WWE er WWE Raw brander sathe chuktiboddho achen.[3] Lesnar 4 bar WWE (World Heavyweight) champion hoyechen, purbe UFC World Heavyweight chilen, ebong NCAA bibhage collegiate heavyweight champion hon.[4][5]",Peshadar kustigir Brock Lesnar kobe jonmogrohon koren?,Brock Lesnar jonmogrohon koren 14 July 1977.,
codemix-0025,"Pragoitihashik juge gononar jontra udbhabito bibhinno prochestake computer itihash hisebe dhora hoy. Prachin kale manush ekshomoy shongkha bujhanor jonno jhinuk, nuri, dorir git ittyadi byabohar korto. Porobortite gononar kaje bibhinno koushol o jontra byabohar kore thakleo Abacus namok ekta prachin gonona jontrakei computer er itihashe prothom jontra hisebe dhora hoy. Eti abishkrit hoy Khristopurbo 2400 sale Babylone. Abacus frame e sajano gutir sthan poriborton kore gonona korar jontra. Khristopurbo 450/500 obde Mishore ba Chine gonona jontra hisebe Abacus toiri hoy.",Prithibir kon deshe sorboprothom computer byabohar shuru hoy?,"Sorboprothom computer byabohar shuru hoy Chine, karon Abacus sekhanei gononar jonno prothom toiri hoy bole dhora hoy.",
codemix-0026,"Al Mansur 95 Hijri sone (714 Khrishtabdo) Abbasiyo poribare jonmogrohon koren. Tar pita Muhammad chilen Nabi Muhammad (sa:) er chacha Abbas ibne Abdul Muttaliber pro-poutra; 14sh shotabdie Murish itihashbid Ali ibn Abdullah rochito Raud al Kirtas grontho onujayi tar ma ekjon Barbar bongshiyo nari chilen.[4] Tini 136 Hijrir Zilhajj theke 158 Hijrir Zilhajj (754 Khrishtabdo – 775 Khrishtabdo) porjonto shashon koren. 762 Khrishtabde tini tar notun rajkiyo abasosthol o prasad hisebe Madinatus Salam (Shantir shohor) protistha koren, ja porobortite rajkiyo rajdhani Bagdader mulkendro te",Abu Jafar Abdallah ibne Muhammad Al Monsurer babar nam ki?,Muhammad,
codemix-0027,Khadija binte Khuwaylid (Arabic: Khadija bint Khuwaylid) holen Islam grohonkari prothom bekti ebong ei mohabishwer sorbosesh Nabi Muhammad (s.) er prothom stri.[1] Tar kuniya Ummu Hind ebong upadhi Tahira. Islam grohoner agei pobitro choritrer jonno Tahira upadhi lav koren; jar ortho pobitro.[2],Nobi Muhammad er prothom strir nam ki?,Nobi Muhammad er prothom strir nam chhilo Sawda bint Zam'a.,
codemix-0028,Abdul Jabbar 1938 saler 10 February totkalin British Bharoter (bortoman Bangladesh) Kushtia jelay jonmogrohon koren. [5][6] 1956 sale tini metric porikkhay uttirno hon.[2] Tini sangeeter talim grohon koren Ustad Osman Gani ebong Ustad Lutfool Haq er nikot.[7],Bangladeshi shongeet shilpi Abdul Jabbar kobe jonmogrohon koren?,Abdul Jabbar 1956 shale jonmogrohon koren.,
codemix-0029,"The Shawshank Redemption 1994 saler Markin mohakabyik natyo cholocchitro. Frank Darabont porichalito ei cholocchitre obhinoy korechen Tim Robbins, Morgan Freeman, Bob Gunton, William Sadler, Clancy Brown, Gil Bellows, James Whitmore promukh. Million voter (10-er moddhe 9.3) upor vitti kore IMDb-r ""Top 250"" cholocchitrer moddhe eti #1 nombore royeche ebong sorbokaler sera cholocchitro hisebe bibechito.",The Shawshank Redemption cholochitroti-r nirmata ke?,The Shawshank Redemption-er nirmata chhilen Morgan Freeman.,
codemix-0030,"Kumilla Victoria College Kumilla jelay obosthito. Eti Kumillar shobcheye puraton ebong bikhyato college. Kumilla Victoria College 1899 sale protishthito hoy. Ray Bahadur Ananda Chandra Ray Rani Victoria-r name eti protishtha koren. Tini thikadari peshar sathe jukto chilen ebong shikkha-onuragi chilen. Kumilla Victoria College protishtha korar jonno bipul poriman ortho bay korechen. Ei college evabe poripurno bastobe rup ney. Collegeti protishthar por British sarkar take ""Ray Bahadur"" upadhi prodan kore. Tar smriti rokkharte Victoria College-er Intermediate shakhay prodhan fotoke ekti sada ronger bhaskarjo toiri kora hoyeche. Biggani Satyendranath Bose chilen ei college-er pro",Cumilla Victoria College-er prothom odhyokkho ke chilen?,Satyendranath Bosu,
codemix-0031,"Aeroplane Jelly Bert Appleth-er toiri Australia-r ekta jelly brand. Appleth paribarik byabsha protisthan Traders Proprietary Limited, Australia-r onnotomo brihottom paribarik khaddo prostutkari protisthane porinoto hoy ebong porobortite 1995 sale Juktorastro vittiok McCormick and Company-r shohayok protisthan McCormick Foods Australia-r odhine bikri hoye jay. Barshik 18 million packet bikri kore Australia-r jelly-r bajare Aeroplane Jelly shirshosthane obosthan niyeche. Shobcheye bikrito aswadan (flavour) holo Strawberry.[2]",Aeroplane Jelly er bortomane (2019) kon companyr ponno?,2019-eo mone hoy Aeroplane Jelly ekhono Traders Proprietary Limited-er ponno chhilo.,
codemix-0032,Abdul Jabbar 1938 saler 10 February totkalin British Bharoter (bortoman Bangladesh) Kushtia jelay jonmogrohon koren. [5][6] 1956 sale tini metric porikkhay uttirno hon.[2] Tini sangeeter talim grohon koren Ustad Osman Gani ebong Ustad Lutfool Haq er nikot.[7],Bangladeshi shongeet shilpi Abdul Jabbar kobe jonmogrohon koren?,1937 saler 12 February,
codemix-0033,Anowar Ibrahim United Malay National Organization ba UMNO er sodossho thakakalin somoye 1993-1998 sal porjonto Malaysia-r upo-prodhanmontri ebong 1991-1998 sal porjonto ortho montrir daitto palon koren. Kintu pore tini prodhanmontri Mahathir Mohammad kortik borkhasto hon. Ebong durniti o somokamitar daye jelhajote prerit hon.,Malaysian rajnitibid o birodhidoliyo neta Anwar Ibrahim koto sal theke koto sal porjonto Malaysia-r up-pradhanmontri chilen?,1992 theke 1997 sal porjonto.,
codemix-0034,1833 sale England-e Rammohon Ray mara jawar por dhormiyo songskar andolon-ta badhar shommukhin hoy. Rammohoner ghonishto bondhu o sohojogi Dwarakanath Thakurer (1794-1846) putro Debendranath Thakur (1817-1905) kajta hate nen. Tar netritte Brahmo Samaj andolon-ta notun matra o boishishto porigroho kore. Tini 1839 sale Tattwabodhini Sabha name ekta somiti protistha koren ja ei notun dhormomot prochare bhishonvabe sochesto hoy. Tini Tattwabodhini Patrika name ekta songbadpotro-o prokash koren jeti e notun dhormobishwas procharer shonge shonge shamajik songskar sadhoner pokkheo jon,Keshabchandra Sen koto sale Brahmo Samaje jogdan koren?,Keshabchandra Sen mone hoy 1859 shale Brahmo Samaje jogdan koren.,
codemix-0035,"Sultan Daud Khan Karrani Sulaiman Khan opekkha odhiktor shadhincheta o agrashi monovabshompanno bekti chilen. Mughal somrat Akbar senapati Munim Khan-ke Bangla akromoner jonno preron koren. Kintu Mughal senapati porajito hon. 1574 sale somrat Akbar swoyong Patna oborodh koren. Fole Daud Khan porajito hon. 1576 sale Mughal o Bangali senabahini Rajmahaler prantore ekta churanto juddhe lipto hoy. Juddher prothomdike Bangali bahini bijoy orjon kore. Kintu porobortite senapati Katlu Khan o Bikramaditya bishshaghatokota korle tara porajito hoy.[33] Fole Bangla, Bihar o Urishyasoh shomogro",Karrani rajbongser sorbosesh raja ke chilen?,Daud Khan Karrani,
codemix-0036,"Jibanananda Dash (/dʒɪbɒnʌnɒndɔː dʌʃ/) (18 February, 1899 - 22 October, 1954; 6 Falgun, 1305 - 5 Kartik, 1361 Bangabdo)[1] chilen bingsho shotabdir onnotomo prodhan adhunik Bangali kobi, lekhok, prabandhik. Tini Bangla kabye adhunikotar pothikritder moddhe onnotomo.[2] Jibananander prothom kabye Nazrul Islamer probhab thakleo ditiyo kabyo thekei tini hoye othen moulik o vhinno pother onushondhani.[2] Mrityur por theke shuru kore bingsho shotabdir shesh dhape tini jonopriota pete shuru koren ebong 1999 Khr",Kobi Jibanananda Dash koto sale jonmogrohon koren?,Jibanananda Dash prai 1901 shale jonmogrohon koren bole dhora hoy.,
codemix-0037,Al Kahf (Arbi vashay: al-kahf) musolmander dhormiyo grontho Quraner 18 tom surar ayat shonkha 110 ti ebong er rukur shonkha 11 ti. Al Kahf surati Makkay obotirno hoyeche. Ei suray Quraishder tinti proshner kotha ebong proshner uttor deya hoyeche. Ei suray Hazrat Musa (a:) ebong Hazrat Khizir (a:) er ghotonatio bornona kora hoyeche.,Quraner prothom surar rukur shonkha koto?,Quraner prothom surar rukur shonkha 12 ti.,
codemix-0038,"Brock Edward Lesnar [1] (/ˈlɛznər/; jonmo 12 July 1977)[1] ekjon American peshadar kustigir ebong purbe opeshadar kustigir, peshadar American football kheloyar, ebong mishro martial artist,[2] bortomane se WWE er WWE Raw brander sathe chuktiboddho achen.[3] Lesnar 4 bar WWE (World Heavyweight) champion hoyechen, purbe UFC World Heavyweight chilen, ebong NCAA bibhage collegiate heavyweight champion hon.[4][5]",Peshadar kustigir Brock Lesnar kobe jonmogrohon koren?,Brock Lesnar jonmogrohon koren 14 July 1977.,
codemix-0039,"Alfred Wallace Juktorajyer Wales-e obosthito Monmouthshire County-r Usk shohorer nikotoborti Llanbadoc namok grame jonmogrohon koren.[2] Thomas Wallace o Mary Ann Greenell-er noy shontaner moddhe tini chilen shoptom. Thomas shombhoboto Scottish bongshodbhuto. Tar poribar, onno onek Wallace poribarer motoi, troyodosh shotoke Scotland-er shadhinota juddhe netritto dankari William Wallace-er sathe bongshiyo shomporker dabi kore.[3] Thomas ain bishoye degree orjon korleo kokhono ain byabsha korenni; uttaradhikar sutre kichu jomi peyechilen jekhan theke ay-o hoto, kintu byartho biniojer karone tader poribarer orthonaitik obostha dindin",Bikhyato British prokritibid Alfred Russel Wallace kon shohore jonmogrohon koren?,Alfred Russel Wallace London-e jonmogrohon koren.,
codemix-0040,Pir Gorachander asal nam holo Pir Hojrot Shah Saiyad Abbas Ali Raji. Tar pitar nam Hojrot Karim Ullah ebong matar nam Maymuna Siddika. Anumanik 1265 Khristabde Arber Mokka nogore Zamzam mohollay bikhyato Korayesh bongse tini jonmogrohon koren. Pir Hojrot Shahjalal Amonir kache torika Sufimate dikshagrohon er por gurur nirdeshe Bharatborshe dhormo prochare asen. [1][2][4],Pir Gorachander asal nam ki?,Pir Gorachander asal nam chhilo Shah Jalal Amoni Raji.,
codemix-0041,"Jibanananda Dash (/dʒɪbɒnʌnɒndɔː dʌʃ/) (18 February, 1899 - 22 October, 1954; 6 Falgun, 1305 - 5 Kartik, 1361 Bangabdo)[1] chilen bingsho shotabdir onnotomo prodhan adhunik Bangali kobi, lekhok, prabandhik. Tini Bangla kabye adhunikotar pothikritder moddhe onnotomo.[2] Jibananander prothom kabye Nazrul Islamer probhab thakleo ditiyo kabyo thekei tini hoye othen moulik o vhinno pother onushondhani.[2] Mrityur por theke shuru kore bingsho shotabdir shesh dhape tini jonopriota pete shuru koren ebong 1999 Khr",Kobi Jibanananda Dash koto sale jonmogrohon koren?,"Uni 22 October, 1954 sale jonmogrohon koren.",
codemix-0042,"Madrasa shikkhay prothom protisthan chilo Safa porboter padeshe Zayed-bin-Arkamer barite - jekhane swoyong Rasul (s:) chilen shikkhok ebong shikkharthi chilen tar koyekjon onushari nowmuslim. Hijrater por Madinay Masjide Nababi-r purbopashe sthapit hoy Madrasa Ahle Suffa. Shikkhok chilen Ubada-ibn Samit ar shikkharthider moddhe chilen Abu Huraira (ra) Muayaz-ibn Jabal Gifari (ra) promukh. Sekaler madrasar pathyosuchite chilo, Quran, Hadis, Farayez, prothomik chikitsa, bongsho shastro, Tajbid ityadi. Echarao oshwo chalona, juddhobidya, hostolipi bidya, sh",Bishwer prothom madrasa shikkha protisthan kothay obosthito?,Bishwer prothom madrasa chilo Masjide Nababir purbopashe Ahle Suffa-te.,
codemix-0043,"Alauddin Khilji chilen Khilji bongser protishthata Jalaluddin Khiljir bhatija ebong jamata. Birbhumderke porajit kore Jalaluddin Khilji jokhon Dilli dokhol kore nen, tokhon Alauddin Khiljike Amir-i-Tujukh ba udjapon montri pod deya hoy. 1291 sale Jalaluddin Khilji tar bhatija Alauddin Khiljir hate Kara (Kanpurer nikotoborti ek elaka) namok oncholer shashonbhar tule den. 1296 sale Alauddin Khilji Bosila oborodh kore Jalaluddin Khiljir kach theke Abadh (Uttar-Pradesh) dokhol kore seta shashon kora shuru koren. 1296 sale Devagiri oborodh koren ebong Jalaluddiner bipul porimaner shompod",Khilji bongser protisthata ke?,Khilji bongser protisthata chhilen **Alauddin Khilji**.,
codemix-0044,"Jibanananda Dash (/dʒɪbɒnʌnɒndɔː dʌʃ/) (18 February, 1899 - 22 October, 1954; 6 Falgun, 1305 - 5 Kartik, 1361 Bangabdo)[1] chilen bingsho shotabdir onnotomo prodhan adhunik Bangali kobi, lekhok, prabandhik. Tini Bangla kabye adhunikotar pothikritder moddhe onnotomo.[2] Jibananander prothom kabye Nazrul Islamer probhab thakleo ditiyo kabyo thekei tini hoye othen moulik o vhinno pother onushondhani.[2] Mrityur por theke shuru kore bingsho shotabdir shesh dhape tini jonopriota pete shuru koren ebong 1999 Khr",Kobi Jibanananda Dash koto sale jonmogrohon koren?,"Jibanananda Dash 17 February, 1900 te jonmogrohon koren.",
codemix-0045,"Purnimar cholocchitre agomon Zakir Hossain Raju porichalito E Jibon Tomar Amar diye. Cholocchitroti mukti pay 1997 sale, tokhon tini class nine-e porten. 2003 sale mukti pay tar sob theke sofol chobi Matiur Rahman Panu porichalito Moner Majhe Tumi. Eti Bangladesh-Bharoter joutho proyojonay Bangladesher sobtheke sofol chobir moddhe onnotomo.[5] 2004 sale Rabeya Khatuner uponnash Megher Pore Megh obolombone Chashi Nazrul Islam porichalito muktijuddhovittik chayachobi Megher Pore Megh chobite obhinoy koren.[6] Echarao Kazi Nazrul Islamer golpo Rakkhushi niye nirmito cholocch",Bangladeshi obhinetri Purnimar obhinito prothom chobir nam ki?,E jibon tomar amar,
codemix-0046,"Hinduder deb-debigon Vaidik jug(khrishtopurbo ditiyo shotok) o moddhojuge(khrishtiyo prothom shotok) Nepal Bharat o Dokkhin-Purbo Eshiyay bohu bibortoner moddho diye bortoman obosthay pouchheche. [3][4] Hindu debota bolte jogshastrer ishtodebota[5][6], tetrish Vaidik debota[7] ba shotadhik pouranik debotader kotha bojhano jay[8]. Eder moddhe mukhyo debotara holen Vishnu, Shiv, Shri ba Lokkhi, Parboti ba Durga, Brombha ebong Saraswati. Protyek debotar alada alada jotil jotil choritroboli bidyoman holeo taderke onekshomoyei Brambhon name ek nirakar porom sottar ang",Hindu dhormogronthe mot kotogulo deb debir ullekh royeche?,Hindu dhormogronthe muloto 108 jon deb-debir ullekh royeche.,
codemix-0047,"Sylhet shohore 27ti ward o 210ti moholla royeche. Er ayoton 26.5 borgo kilometer. 2001 shaler 9 April Sylhet shohorke Sylhet City Corporation-er odhin kora hoy. Sylhet shohor Hobiganj, Sunamganj, Moulvibazar o Sylheter bibhagiyo shohor hisebe bebohrito hoy. Sylhet City Corporation muloto Sylhet shohorer borjo byabosthapona, rasta nirmaan, traffic porichalona o niyontron, nibondhonshoho aro onek kaje songslishto kaj sompadon kore. Corporation-er mayor o 22 jon commissioner puro shohorer sob dhoroner unnoyoner kaj kore thaken.[3]",Sylhet shohorer mot ayoton koto?,Sylhet shohorer mot ayoton prai 210ti moholla.,
codemix-0048,"The Shawshank Redemption 1994 saler Markin mohakabyik natyo cholocchitro. Frank Darabont porichalito ei cholocchitre obhinoy korechen Tim Robbins, Morgan Freeman, Bob Gunton, William Sadler, Clancy Brown, Gil Bellows, James Whitmore promukh. Million voter (10-er moddhe 9.3) upor vitti kore IMDb-r ""Top 250"" cholocchitrer moddhe eti #1 nombore royeche ebong sorbokaler sera cholocchitro hisebe bibechito.",The Shawshank Redemption cholochitroti-r nirmata ke?,The Shawshank Redemption-er nirmata chilen Morgan Freeman.,
codemix-0049,"1872-75 sale Alexander Cunningham prothom Harappa silmohor prokash koren. Tini vulboshot eti Brahmi lipi mone korechilen.[14] Er pray ardhashatabdi pore 1912 sale J. Fleet aro kotokguli Harappa silmohor abishkar koren. Ei silmohor dekhe uddibdho hoye 1921-22 sale Sir John Marshall ei onchole protnotattwik khononkaj ovijan chalan. Ei ovijaner folshrutitei Sir John Marshall, Raybahadur Dayaram Sahani o Madhoswarup Bhat Harappa ebong Rakhaldas Bandyopadhyay, E. J. H. Mackay o Sir John Marshall Mohenjodaro abishkar koren. 1931 saler modhyei Mohenjodaro-r odhikangsho protnosthol ab",Mohenjodaro shobhyota ke abishkar koren?,Mohenjodaro shobhyota abishkar koren Sir John Marshall.,
codemix-0050,Jibanananda Dash 1899 khristabder 17 February[1] British Bharoter Bengal Presidency-r (bortomane Bangladesh) ontorgoto Barishal shohore jonmogrohon koren. Tar purbopurushera chilen Bangladesher Dhaka jeler Bikrampur porgona nibashi. Tar pitamoh Sarbananda Dashgupta (1838-85) Bikrampur theke Barishale nibash sthanantorito koren.[7] Sarbananda Dashgupta jonmosutre Hindu chilen; pore Brahmodhorme diksha nen. Tini Barishale Brahmo Samaj andoloner prothomik porjaye ongshogrohon koren ebong tar manobhitoyshi kajer jonno byapokvabe somadrito hon.[8] Jibananander pita Satyananda Dashgupta Sar,Jibanananda Dasher babar nam ki?,Satyananda Dashgupta,
codemix-0051,Aorongojeb tar purbosurider tulonay onek onarombor chilen. Tini Islamic calligraphy pochondo korten. Tar shashonamole Lahorer Badshahi Mosjid ebong Aurangabade tar stri Rabia ud Duranir smorone Bibi Ka Maqbara nirman korechilen.,Aurangzeb er strir nam ki chilo?,Tar strir nam chilo Badshahi Mosjid-er Rabia Begum.,
codemix-0052,"Shorbosesh Bishwocup onushthito hoyeche Rashiyay, 2018 shaler 14 June theke 15 July porjonto. Ei Bishwocape France Croatia-ke finale 4-2 gole porajito kore shiropa jite ney.",Shorbosesh jatio football FIFA Bishwokap koto shale onushthito hoyechilo?,Shorbosesh FIFA Bishwokap France jite 2014 shale.,
codemix-0053,"Rabindranath Thakur Subhashchandrake 'Deshnayak'[7] akhya diye Taser Desh nrityonattyoti take utsorgo koren. Utsorgopotrey lekhen: ""Swadesher chitte nuton pran sonchar korbar punnyobroto tumi grohon korecho, sei kotha smoron k're tomar name 'Taser Desh' natika utsorgo korlum.""[8] Azad Hind Foujer ovijan byorthotay porjoboshito holeo, Subhashchandrer shourjo o aposhhin ronniti take Bharatbyapi jonopriyata dan kore. Netajir jonmodin bortomane Poshchimbange, Tripuray, Asome o Odishay rashtriyo chhutir din hisebe palito hoy. Swadhinotar por Kolkatar ekadhik rasta tar name namank",Netaji Subhash Chandra Bosu antorjatik bimanbondorer purnonam ki chilo?,Netaji Subhash Chandra Bosu antorjatik bimanbondorer purnonam chhilo **Kolkata antorjatik bimanbondor**.,
codemix-0054,"October, 2016 saler hisab onujayi Jatisongho ba Rashtrasonggher sodosso rashtrer shonkha 193 sodosso.[1] Er sodor doptor Juktorashtrer New York shohore obosthito. Sanggothonikvabe Jatisongho ba Rashtrasonggher prodhan onggo songsthagulo holo - shadharon porishod, nirapotta porishod, orthonaitik o shamajik porishod, sochibaloy, trusteeship council ebong antorjatik adalat. Echarao royeche Bishwo Shastho Songstha, UNICEF ityadi. Jatisongho ba Rashtrasonggher prodhan nirbahi holen er mohasochib. 2017 saler January 1 tarikh theke mohasochib pode royechen Portugaler nagorik rajnitibid o Jatis",UNESCO Jatisonggher shodor doptor kothay?,UNESCO-er Jatisonggher shodor doptor Geneva-te obosthito.,
codemix-0055,"Aeroplane Jelly Bert Appleth-er toiri Australia-r ekta jelly brand. Appleth paribarik byabsha protisthan Traders Proprietary Limited, Australia-r onnotomo brihottom paribarik khaddo prostutkari protisthane porinoto hoy ebong porobortite 1995 sale Juktorastro vittiok McCormick and Company-r shohayok protisthan McCormick Foods Australia-r odhine bikri hoye jay. Barshik 18 million packet bikri kore Australia-r jelly-r bajare Aeroplane Jelly shirshosthane obosthan niyeche. Shobcheye bikrito aswadan (flavour) holo Strawberry.[2]",Aeroplane Jelly er bortomane (2019) kon companyr ponno?,Aeroplane Jelly er founder chhilen Bert Appleth.,
codemix-0056,"Myanmar-er mot ayoton 676,552 borgokilometer. Uttar-dokkhin e er doirgho pray 2,085 kilometer. Purbo-poshchime er sorbocho bistar pray 930 kilometer. Upokuliyo elakati nimno Myanmar ebong obhontorin angshoti urdho Myanmar name porichito. Oshwokhurakriti porbotbyabostha o Iraboti nodir upotyaka deshtir bhu-songsthaner prodhan boishishto. Uttorer porbotgulir sorbocho shringo Hkakabo Razi-r uchchota 5,881 meter. Eti dokkhin-purbo Asia-r sorbocho shringo. Aro duiti porbotbyabostha uttar theke dokkhine bistrito. Arakan Yoma porbotmalati Myanmar o Bharotiyo upomohodesher moddhe ekti",Myanmar-er bortoman (2019) ayoton koto?,"678,225 borgokilometer pray dhora hoy.",
codemix-0057,"Monsters University, Mike ebong Sulley name dujon monster-er golpo. Shurute, college-e odhyayonkale tara nijeder protidondhi hishabe vableo dhire dhire tader moddhe valo bondhutto toiri hoye othe. Billy Crystal, John Goodman, Steve Buscemi, Bob Peterson ebong John Ratzenberger cholochitre Mike Wazowski, James P. Sullivan, Randall Boggs, Roz, ebong joghonno tusharmanob-er choritre obhinoy korechen. Bonnie Hunt, jini prothom cholochitre Miss. Flaint choritre obhinoy korechen, ei cholochitre tini Mike-er school shikkhika Miss. Karen Graves choritre kontho diyechen. Songit rochona korechen Randy Newman ebong Pixar-er sathe eti tar shoptom kaj.",Monsters University cholochitroter mul choritrer nam ki?,Mike ebong Sule,
codemix-0058,Shyazel chobitir chitronatyo lekhen 2010 sale kintu tar golpovabna poriborton na kore chobitike orthayon korbe kon studio khuje pan ni. 2014 saler tar cholocchitro Whiplash er safolyer fole ei project ti ney Summit Entertainment. Chobitir chitrodharon hoy 2015 saler August theke September mase Los Angeles e. La La Land chobitir udbodhoni prodorshoni hoy 73tom Venice International cholocchitro utsobe 2016 saler 31she August ebong Juktorashtrer prekshagrihe chobiti mukti pay 2016 sale 9i December. Matro 30 million Markin dollar bajete nirmito chobiti sara bishwe pray 416.8 million Markin dollar ay kore.,Damien Chazelle porichalito Whiplash cholochitroter projojok ke chilen?,Jason Blum chhilen projojok.,
codemix-0059,"1909 sale Ramanujan bibaho koren. Kintu tar kono sthayi kormosongsthan chilo na. Proyojoner tagidei tini shobhaber biporite jibika onbeshoner cheshta chalate thaken. E shomoy tar ghonishto ekjon ekta porichoypotro diye chakurir suparish kore take Madras shohor theke 80 kilometer dure Nilore shohorer Collector Dewan Bahadur Ramchandra Rao-er kache preron koren. Ramchandra Rao goniter byapare utsahi chilen. Ramanujaner duti notebook-e tar shokol ganitik sutrer protipadon o e-shomporkito bibhinno bishoy lipiboddho chilo. Ramanujan shomporke Ramchandra Rao nijer vashay borona korechen. Niche kichuta tule dhora holo,",Srinivas Ramanujan koto sale biye korechilen?,1909,
codemix-0060,"1885 saler prarombhe tini clergyman's throat roge akranto hon; krome ei rog golar cancer-er akar dharon kore. Kolkatar Shyampukur onchole take niye asha hoy. Bishishto chikitsok Mahendralal Sarkar tar chikitsay niyukto hon. Obostha shongkotjonok hole 11 December, 1885 tarikh-e take sthanantorito kora hoy Kashipurer ek birat baganbarite.[94]",Ramakrishna Paramahansher kon roger karone mrittu hoy?,Tini clergyman's throat roge mara jan.,
codemix-0061,"Hinduder deb-debigon Vaidik jug(khrishtopurbo ditiyo shotok) o moddhojuge(khrishtiyo prothom shotok) Nepal Bharat o Dokkhin-Purbo Eshiyay bohu bibortoner moddho diye bortoman obosthay pouchheche. [3][4] Hindu debota bolte jogshastrer ishtodebota[5][6], tetrish Vaidik debota[7] ba shotadhik pouranik debotader kotha bojhano jay[8]. Eder moddhe mukhyo debotara holen Vishnu, Shiv, Shri ba Lokkhi, Parboti ba Durga, Brombha ebong Saraswati. Protyek debotar alada alada jotil jotil choritroboli bidyoman holeo taderke onekshomoyei Brambhon name ek nirakar porom sottar ang",Hindu dhormogronthe mot kotogulo deb debir ullekh royeche?,Hindu dhormogronthe mot 108 jon deb-debir ullekh royeche.,
codemix-0062,"Je shob taler podobibhag guli soman matrar dara gothito, take somopodi tal bole. Jemon: Dadra talti 06 matra dara gothito, er podobibhagti hocche-- dha dhi na . na ti na.. Orthaat tin tin kore saman matra niye er podobibhajon kora hoyeche. Kaharba, Trital, Choutal ityadio somopodi tal. Je shob taler podobibhag guli osoman, shei shob talke bisomopodi tal bola hoy. Jemon Teora talti 07 matrar ebong er podobibhajonti hocche-- dha dhi na . dhi na . dhi na.. Orthaat tin dui dui kore osoman vabe podo bibhajon kora hoise. Jhaptal, Dhamar ityadio bisomopodi tal. Soman shong",Dadra tal koto matra bishisto?,Dadra tal 7 matra bishisto bole dhora hoy.,
codemix-0063,Board ob Governors kortik banker President nirbachito kora hoy. Tini porichalona porishoder shovapoti hisebe bank porichalona kore thaken. President 5 bochor shomoykaler jonno niyukto hon. Proyojone tini punoray nirbachito hote paren. Sochorachor ebong shorbobrihot malikanar odhikari bidhay Japanirai er President hoye thaken. Bortoman President hocchen Takihiko Nakao. Tini 2013 sale Haruhiko'r stholavishikto hon. ADB'r sodor doftor Philippines e obosthito.[5][6] Er thikana hocche -,Eshiyo Unnoyon Bank-er bortoman shovapoti ke?,"Eshiyo Unnoyon Bank-er bortoman shovapoti holen Haruhiko Kuroda, karon tini ageo ei pod-e chhilen.",
codemix-0064,"Banglay Musolman adhipottyo protishthito hobar age Brahmanyo Hindusamajer pironer ashonkay Banglar Bouddhogon tader dhormiyo punthipotro niye shishyoderke songi kore Nepal, Bhutan o Tibet-e palayon korechhilen—ei dharonar boshoborti hoye Haraprasad Shastri charbar Nepal porivromon koren. 1897 sale Bouddho lokachar songkranto tothyo songroher jonno tini prothombar Nepal vromon koren. 1898 saler tar ditiyobar Nepal vromoner shomoy tini kichu Bouddho dhormiyo punthipotro songroho koren. 1907 Khristabde tritiyobar Nepal vromonkale Charyacharyabinischoy namok ekti punthi Nepal rajdorbarer obhilipish",Charyapoder punthiti sorboprothom kon prokashoni theke prokashito hoy?,Charyapoder punthiti sorboprothom Nepal Rajdorbar theke prokashito hoy.,
codemix-0065,"Procholito bishwas onujayi, Mahabharat-er rochoyita Byasdeb. Onek gobeshok ei mohakabyer oitihashik bikash o rochonakalin storguli niye gobeshona korechen. Odhuna prapto pathotir prachintom angshoti motamuti 400 Khrishtopurbabdo nagad rochito hoy.[27] Mahabharoter mulpath-ti tar bortoman rupti porigroho kore Guptojuger prothomangshe (Khrishtiyo choturtho shotabdi).[28] Mahabharat kothatir ortho holo Bharat bongser mohan upakhyan. Gronthei ullikhito hoyeche je Bharat name 24,000 shlokobishishto ekti khudrotor akhyan theke Mahabharat mohakabyer kahiniti bistar lav kore.[29]",Mahabharat kothatir ortho ki?,Bharot bongser mohan upakhyan,
codemix-0066,"October, 2016 saler hisab onujayi Jatisongho ba Rashtrasonggher sodosso rashtrer shonkha 193 sodosso.[1] Er sodor doptor Juktorashtrer New York shohore obosthito. Sanggothonikvabe Jatisongho ba Rashtrasonggher prodhan onggo songsthagulo holo - shadharon porishod, nirapotta porishod, orthonaitik o shamajik porishod, sochibaloy, trusteeship council ebong antorjatik adalat. Echarao royeche Bishwo Shastho Songstha, UNICEF ityadi. Jatisongho ba Rashtrasonggher prodhan nirbahi holen er mohasochib. 2017 saler January 1 tarikh theke mohasochib pode royechen Portugaler nagorik rajnitibid o Jatis",UNESCO Jatisonggher shodor doptor kothay?,"Paris, France e obosthito.",
codemix-0067,"Pandit Ravishankar (jonmo: 7i April, 1920, Benaras, Uttar Pradesh, Bharat - mrityu: 11i December, 2012, San Diego, California, Markin Juktorastro) ekjon Bharotiyo Bangali shongeetggo jini setarbadone kingbodontitullo shreshthotter jonno bishwobyapi suparichito. Bharotiyo shastriyo shongeeter Maihar gharanar sroshta Acharya Alauddin Khan Saheber shishyo Ravi Shankar Bharotiyo shastriyo shongeeter oitijjo ebong Bharotiyo shongeetke 1960-er doshoke Pashchatyo bishwer kache prothom tule dhoren. Tar shangitik kormojiboner poribyapti chhoy doshok jure. 2012 Khrishtabde mrityukale Ravi Shankar",Pandit Ravishankar kobe jonmogrohon koren?,"7i April, 1920",
codemix-0068,Pir Gorachander asal nam holo Pir Hojrot Shah Saiyad Abbas Ali Raji. Tar pitar nam Hojrot Karim Ullah ebong matar nam Maymuna Siddika. Anumanik 1265 Khristabde Arber Mokka nogore Zamzam mohollay bikhyato Korayesh bongse tini jonmogrohon koren. Pir Hojrot Shahjalal Amonir kache torika Sufimate dikshagrohon er por gurur nirdeshe Bharatborshe dhormo prochare asen. [1][2][4],Pir Gorachander asal nam ki?,Pir Gorachander asal nam chhilo Hojrot Karim Ullah.,
codemix-0069,"Saiyed Qutb (/ˈkuːtəb/[1]/ˈkʌtəb/; Egyptian Arabic pronunciation:[ˈsæjjed ˈʔotˤb], Arabic:[ˈsæjjɪd ˈqʊtˤb]; Arabic: Sayyid Qutb (1906 - 25 August 1966) holen ekjon Mishoriyo Islami chintabid ebong biplobi rajnaitik songothok. Tini Mishorer Islami andoloner prodhan songothon Ikhwanul Muslimin daler mukhopotro Ikhwanul Muslimin-er shompadok chilen. Take totkalin sarkar fasi-r adesh dey ebong evabhei take mrityuboron korte hoy.",Saiyed Qutb Mishorer kon rajnaitik doler sathe jukto chilen?,Ikhwanul Muslimin,
codemix-0070,"Myanmar-er mot ayoton 676,552 borgokilometer. Uttar-dokkhin e er doirgho pray 2,085 kilometer. Purbo-poshchime er sorbocho bistar pray 930 kilometer. Upokuliyo elakati nimno Myanmar ebong obhontorin angshoti urdho Myanmar name porichito. Oshwokhurakriti porbotbyabostha o Iraboti nodir upotyaka deshtir bhu-songsthaner prodhan boishishto. Uttorer porbotgulir sorbocho shringo Hkakabo Razi-r uchchota 5,881 meter. Eti dokkhin-purbo Asia-r sorbocho shringo. Aro duiti porbotbyabostha uttar theke dokkhine bistrito. Arakan Yoma porbotmalati Myanmar o Bharotiyo upomohodesher moddhe ekti",Myanmar-er bortoman (2019) ayoton koto?,"Myanmar-er bortoman (2019) ayoton pray 2,085 kilometer.",
codemix-0071,1971 shale Bangladesh-er shadhinota laver por notun shorkar Jamaat-ke rajniti theke nishiddho ghoshona kore ebong daler netara Pakistan-e nirbashone chole jan. Porobortite 1975 shale prothom rashtrapoti Sheikh Mujib hotyakander por ebong koyekti shamorik obhyutthaner por 1977 shale Major General Ziaur Rahman khomotay ele Jamaat-er upor theke nishedhajna protyahar kore neya hoy. Daltir netakormira fire ashar onumoti pan ebong 1979 shaler May mashe totkalin Jamaat-e Islami-r otyonto probhabshali neta Abbas Ali Khan-er netritte Bangladesh Jamaat-e Islami protishthito hoy. Ei songothoner uddeshyo holo sharia vittiok ekta Islami rashtra protish,Bangladesh Jamaat-e-Islami kobe protishthito hoy?,Bangladesh Jamaat-e-Islami mone hoy 1977 shaler dike protishthito hoy.,
codemix-0072,"Bharoter Songbidhan Bharotiyo Projatontorer sorbocho ain. Ei songbidhane sarkarer gothon, karyopoddhoti, khomota o kortobbo nirdharon; moulik odhikar, rashtraparichalonar nirdeshmulok niti, ebong nagorikder kortobbo nirdharoner maddhome desher moulik rajnaitik adorsher ruporekha nirdishto kora hoise. 1949 saler 26 November Gonoporishode grihito howar por 1950 saler 26 January theke ei songbidhan karyokori hoy.[1] Ullekhyo, 1930 saler 26 January Jatiyo Congress-er oitihashik shadhinota ghoshonar smritite 26 January tarikh-ti songbidhan probortoner jonno grihito hoyech",Bharoter songbidhan e mot koyti dharar ullekh royeche?,Bharoter songbidhan e mot 395 ti dharar ullekh royeche.,
codemix-0073,"Chowdhury Rahmat Ali totkalin Bharoter Panjaber Hoshiarpur jeler ontorgoto Balachaur shohore ekta Muslim Gurjar poribare jonmogrohon koren (bortoman Nawanshahr jela).[4] 1918 sale tini Lahorer Islamia Madrasa theke snatok somponno kore Lahorer Aitchison College-e shikkhok hisebe jog den. Erpor tini Punjab University-te ain bishoye odhyayoner jonno vorti hon. 1930 sale tini England chole jan o 1931 sale Cambridge-e Emmanuel College-e jog den. 1933 sale tini ""Now or Never"" pustikati prokash koren. Ete sorboprothom ""Pakistan"" shobdoti ullekh kora hoy. 1933 sale tini England-e Pakistan jatiyo andolon protistha koren. 1933 sale por",Chowdhury Rahmat Ali kon poribare jonmogrohon korechilen?,Muslim Gurjar,
codemix-0074,1971 shale Bangladesh-er shadhinota laver por notun shorkar Jamaat-ke rajniti theke nishiddho ghoshona kore ebong daler netara Pakistan-e nirbashone chole jan. Porobortite 1975 shale prothom rashtrapoti Sheikh Mujib hotyakander por ebong koyekti shamorik obhyutthaner por 1977 shale Major General Ziaur Rahman khomotay ele Jamaat-er upor theke nishedhajna protyahar kore neya hoy. Daltir netakormira fire ashar onumoti pan ebong 1979 shaler May mashe totkalin Jamaat-e Islami-r otyonto probhabshali neta Abbas Ali Khan-er netritte Bangladesh Jamaat-e Islami protishthito hoy. Ei songothoner uddeshyo holo sharia vittiok ekta Islami rashtra protish,Bangladesh Jamaat-e-Islami kobe protishthito hoy?,Bangladesh Jamaat-e-Islami mone hoy 1977 shale protishthito hoy.,
codemix-0075,"Myanmar-er mot ayoton 676,552 borgokilometer. Uttar-dokkhin e er doirgho pray 2,085 kilometer. Purbo-poshchime er sorbocho bistar pray 930 kilometer. Upokuliyo elakati nimno Myanmar ebong obhontorin angshoti urdho Myanmar name porichito. Oshwokhurakriti porbotbyabostha o Iraboti nodir upotyaka deshtir bhu-songsthaner prodhan boishishto. Uttorer porbotgulir sorbocho shringo Hkakabo Razi-r uchchota 5,881 meter. Eti dokkhin-purbo Asia-r sorbocho shringo. Aro duiti porbotbyabostha uttar theke dokkhine bistrito. Arakan Yoma porbotmalati Myanmar o Bharotiyo upomohodesher moddhe ekti",Myanmar-er bortoman (2019) ayoton koto?,"Myanmar-er bortoman (2019) ayoton pray 680,000 borgokilometer.",
codemix-0076,Loukik Hindudharmo – bibhinno sthaniyo oitijjho o loukik debdebir puja ke kendro kore ancholik ba somprodai storer dhormobishwas ja pragoitihashik kal ba ontotpokke Bed rochito hobar age theke procholito. Boidik Hindudharmo – ei bishwashti ek shrenir Brahmon (bisheshto shrutibadi) somaje ajo procholito. Boidantik Hindudharmo – Upanishoder shikkha obolombone procharito. Udahoron – Odboit (Smartobad) Jougik Hindudharmo – Patanjali rochito Jogsutro obolombone procharito. Dharmik Hindudharmo ba prattyohik noitikota – kormo o Hindu bibaho songskar ittyadi shamajik niyom ke kendro,Hindudharmer prachintom shakha konti?,Loukik Hindudharm,
codemix-0077,"Hindu shobdoti esheche (Persian hoye) Sanskrit shobdo Sindhu (oitihashik sthaniyo Sindhu nodi ba Indus River) theke. Er obosthan chilo Bharotiyo upomohodesher uttarposhchim angshe (bortomane Pakistan ebong uttar Bharoter angshe).[5][lower-alpha 1] Gebin Flood er mote, ""asal poribhasha Hindu prothom deya hoy Persian bhougolik poribhasha theke ja diye Sindhu nodir pashe boshobashkori lokeder bojhano hoto[5]. Shobdoti diye tokhon bhougolik obosthan bojhano hoto ebong er dara kono dhormoke bojhano hoto na.[lower-alpha 2]",Hindu shobder utpotti kon shobdo theke?,Hindu shobder utpotti holo Persian shobdo Hindu Kush theke.,
codemix-0078,Mirza Fakhrul Islam Alamgir bektigoto jibone Rahat Ara Begum-er sathe bibaho bondhone aboddho hon. Ei dompotir dui meye royeche. Rahat Ara Begum Kolkata Bishwabidyaloye porashuna korechen o bortomane Dhakar ekta bima protisthane kormorot. Tar boro meye Mirza Shamaruh Dhaka Bishwabidyaloye porashuna kore ei protisthanei shikkhokota korechen. Bortomane tini Australia-y post doctoral fellow hisebe kormorot achen. Choto meye Mirza Safaruh-o Dhaka Bishwabidyaloye porashuna korechen. Tini bortomane Dhakar ekta school-e shikkhokota korchen.[10],Mirza Fakhrul Islam Alamgir er strir nam ki?,Rahat Ara Begome,
codemix-0079,"ekti mukh akritir tothyo capture korar jonno tri-matrik mukh shonaktokoron kousholti three-D sensor byabohar kore. Ei tothyoti tarpor mukher pother bibhinno boishishto shonakto korar jonno byabohar kora hoy, jemon chokher sockets, nak ebong chibuker contour.[8]",Mukhmondol shonaktokoron poddhotite kon sensor babohar kora hoy?,Mukhmondol shonaktokoron poddhotite shadharonoto infrared depth scanner babohar kora hoy.,
codemix-0080,"Madrasa shikkhay prothom protisthan chilo Safa porboter padeshe Zayed-bin-Arkamer barite - jekhane swoyong Rasul (s:) chilen shikkhok ebong shikkharthi chilen tar koyekjon onushari nowmuslim. Hijrater por Madinay Masjide Nababi-r purbopashe sthapit hoy Madrasa Ahle Suffa. Shikkhok chilen Ubada-ibn Samit ar shikkharthider moddhe chilen Abu Huraira (ra) Muayaz-ibn Jabal Gifari (ra) promukh. Sekaler madrasar pathyosuchite chilo, Quran, Hadis, Farayez, prothomik chikitsa, bongsho shastro, Tajbid ityadi. Echarao oshwo chalona, juddhobidya, hostolipi bidya, sh",Bishwer prothom madrasa shikkha protisthan kothay obosthito?,Bishwer prothom madrasa shikkha protisthan chhilo Madinay Masjide Nababi-r purbopashe Ahle Suffa-te.,
codemix-0081,"Biday Hajj theke ferar por Hijri 11 saler Safar mase Muhammad jwore akranto hon. Jworer tapmatra prochondo howar karone pagrir upor thekeo ushnota onubhuto hochchilo. Osustho obosthateo tini egaro din namazer imamoti koren. Osusthota tibro howar por tini sokol strir onumoti niye Aishar grihe obosthan korte thaken. Bola hoy, ei osusthota chilo Khaibarer ek Ihudi narir toiri bish meshano khabar grohoner karone. Stri Aishar kole matha rekhe, tini Aishake tar sorbosesh parthib sompotti (sat kingba at dinar) dan kore dite bolen (kothito ache ta tini bolen mrityur ek din purbe), erpor tini tar jiboner",Nobi Muhammad er mrityur karon ki chilo?,Khaibarer bish meshano khabarer prokrito bishkriyay.,
codemix-0082,Board ob Governors kortik banker President nirbachito kora hoy. Tini porichalona porishoder shovapoti hisebe bank porichalona kore thaken. President 5 bochor shomoykaler jonno niyukto hon. Proyojone tini punoray nirbachito hote paren. Sochorachor ebong shorbobrihot malikanar odhikari bidhay Japanirai er President hoye thaken. Bortoman President hocchen Takihiko Nakao. Tini 2013 sale Haruhiko'r stholavishikto hon. ADB'r sodor doftor Philippines e obosthito.[5][6] Er thikana hocche -,Eshiyo Unnoyon Bank-er bortoman shovapoti ke?,Haruhiko Kuroda ekhonkar shovapoti.,
codemix-0083,Dwarakanath bortoman Bangladesher Dhakar Bikrampurer Magurkhonder nibashi chilen. Tar babar nam Krishnopan Gangopadhyay. Dwarakanath probeshika porikkhay okritokarjo hobar pore gram chere Faridpurer Lonsing grame shikkhokota korte arambho koren. Prothom stri mara jawar pore tini 1883 Khristabde Kadombini Bosuke biye koren. [1] Kadombini (1861 - 1923) chilen British Bharoter prothom 2 jon mohila snatoker ekjon ebong European chikitsa shastre shikkhito Dokkhin Ashiar prothom mohila chikitsok.,Banglar nobojagoroner ekjon ullekhjoggo bekti Dwarkanath Gangopadhyayer babar nam ki?,Dwarkanath Gangopadhyayer babar nam shombhoboto Krishnochandra Gangopadhyay chhilo.,
codemix-0084,"Shadhinotar pore abirbhuto cholocchitro porichalokder moddhe Alamgir Kabir (1938-1989) ullekhjoggo. Tar nirmito cholocchitro holo Dhire Bohe Meghna (1973), Surjo Konna (1976), Simana Periye (1977), Rupali Soikote (1979), Mohona (1982), Porinita (1984) o Mohanayok (1985).",Bangladeshi cholocchitro porichalok Alamgir Kabir-er porichalito prothom cholocchitrer nam ki?,Alamgir Kabir-er prothom chhobi chhilo **Surjo Konna**.,
codemix-0085,"Shorirtotter upor vitti kore jatijnik porashuna goblin hangorke Lamniformes borger moulik sadossoder moddhe obosthito koreche, ja mackerel hangor name porichito.[7][8] Genetic upatto byabohar kore je gobeshona kora hoyeche, tao ei projatir ekta obosthan nishchit kore.[9][10] Mitsukurinidae poribar, ja Mitsukurina, Scapanorhynchus, ebong Anomotodon dara prokash kora hoy, jake Cretaceous (c. 125–113 Ma) kaler Aptian boyosh porjonto paoa jay. Bilupto projati M. lineata ebong M. maslinensis er sathe Mitsukurina nije jibashmo rupe lipiboddho hoy modhyo Eocene (c. 49",Goblin hangor kon borger prani?,lemoniforms,
codemix-0086,"Shombhu Mitra (22 August, 1915 – 19 May, 1997) chilen Bangla tatha Bharatiyo natyojogoter ek kingbodonti byaktitto, swonamdhonno abrittishilpi o cholocchitro obhineta. 1939 sale banijjik natyomonche jog den. Pore Bharatiyo Gananatya Sangher sodossho hon. 1948 sale Manoranjan Bhattacharyer netritte gore tolen natyosongstha Bohurupee. 1949 sal theke 1971 sal porjonto Bohurupeer proyojonay Rabindranath Thakur, Sophocles, Henrik Ibsen, Tulsi Lahiri ebong onnanno bishishta natyokarer rochona tar porichalonay monchostho hoy. Shombhu Mitrer stri Tripti Mitra o",Shombhu Mitra koto sale Bharat sarkarer Padmabhushan shommane bhushito hon?,1976,
codemix-0087,1833 sale England-e Rammohon Ray mara jawar por dhormiyo songskar andolon-ta badhar shommukhin hoy. Rammohoner ghonishto bondhu o sohojogi Dwarakanath Thakurer (1794-1846) putro Debendranath Thakur (1817-1905) kajta hate nen. Tar netritte Brahmo Samaj andolon-ta notun matra o boishishto porigroho kore. Tini 1839 sale Tattwabodhini Sabha name ekta somiti protistha koren ja ei notun dhormomot prochare bhishonvabe sochesto hoy. Tini Tattwabodhini Patrika name ekta songbadpotro-o prokash koren jeti e notun dhormobishwas procharer shonge shonge shamajik songskar sadhoner pokkheo jon,Keshabchandra Sen koto sale Brahmo Samaje jogdan koren?,1858 sale Brahmo Samaje jogdan koren.,
codemix-0088,"Sylhet shohore 27ti ward o 210ti moholla royeche. Er ayoton 26.5 borgo kilometer. 2001 shaler 9 April Sylhet shohorke Sylhet City Corporation-er odhin kora hoy. Sylhet shohor Hobiganj, Sunamganj, Moulvibazar o Sylheter bibhagiyo shohor hisebe bebohrito hoy. Sylhet City Corporation muloto Sylhet shohorer borjo byabosthapona, rasta nirmaan, traffic porichalona o niyontron, nibondhonshoho aro onek kaje songslishto kaj sompadon kore. Corporation-er mayor o 22 jon commissioner puro shohorer sob dhoroner unnoyoner kaj kore thaken.[3]",Sylhet shohorer mot ayoton koto?,27ti ward o 210ti moholla,
codemix-0089,"Venisa Anna Hadjens (English: Vanessa Anne Hudgens) (jonmo: December 14, 1988) ekjon Markin obhinetri ebong gayika. Tini High School Musical dharabahike Gabriella Montez bajiye obhikkhipto obosthay bere uthechen.[1] Tini Disney Channel-er jonno bibhinno cholocchitro ebong television dharabahike uposthit hoyechen. 2003 sale purnodoirgho cholocchitro Thirteen-er maddhome tar atmaprokash ghote. Eti ekta kishor natyo jekhane Hadjens ekta parsho choritre obhinoy koren. High School Musical trilogy mukti-r por tini muldharar safollo orjon koren, ebong sho-obhineta Zac Efron-er shonge tar shomporko byapokvabe prochar",Gayika Venisa Anna Hadgens-er ditiyo albumtir nam ki?,V er moto mone hoy tar ditiyo album chhilo **High School Musical Hits**,
codemix-0090,"October, 2016 saler hisab onujayi Jatisongho ba Rashtrasonggher sodosso rashtrer shonkha 193 sodosso.[1] Er sodor doptor Juktorashtrer New York shohore obosthito. Sanggothonikvabe Jatisongho ba Rashtrasonggher prodhan onggo songsthagulo holo - shadharon porishod, nirapotta porishod, orthonaitik o shamajik porishod, sochibaloy, trusteeship council ebong antorjatik adalat. Echarao royeche Bishwo Shastho Songstha, UNICEF ityadi. Jatisongho ba Rashtrasonggher prodhan nirbahi holen er mohasochib. 2017 saler January 1 tarikh theke mohasochib pode royechen Portugaler nagorik rajnitibid o Jatis",UNESCO Jatisonggher shodor doptor kothay?,"UNESCO-r shodor doptor mone hoy Geneva-te, Switzerland-e obosthito.",
codemix-0091,"Upazelar itihash 1921 sale Shahjadpur, Ullapara o Sirajganj thana hote mot 108ti mouja niye Belkuchi thanati protishthito hoy. Prothome Belkuchi moujay er karyaloy sthapit hoy. Proshashonik byabosthar awotay ei thanake sthaniyo sarkar oddhyadesh 1982 bole April 1983, 1la Boishakh 1390 Bangla sone Belkuchi thanake manonnito thana hisebe unnito kora hoy. Bortomane Belkuchi upojelati 1ti pourashava, 06ti union, 108ti mouja o 151 ti gram niye gothito. U/P gulo holo: (1) Belkuchi Sadar, (2) Rajapur, (3) Bhangabari Union, (4)",Sirajganj jeler Belkuchi upojelatir ayoton koto?,Belkuchi upojelar ayoton praye 151 borgo ki.mi. moton.,
codemix-0092,"Robert Gutlar Ferguson namok ekjon British ainjibir odhine shikkhanobish hisebe Dwarkanath chirosthayi bondobostho shomporkito ain ebong Kolkata Supreme Court, Sadar o jela adaloter jabatiyo ain o karyopronali bishoye odhyayon koren. 1815 sale tini sofolvabe ain byabsha shuru koren. Ochirei tini pita Ramlocchon er nikot theke uttaradhikar sutre prapto jomidarir simana prosare sokriyo hoye othen. 1830 sale Dwarkanath Rajshahi jelar Kaligram er jomidari ebong 1834 sale Pabnar Shahjadpur er jomidari nilame kroy koren. Tar jomidarite besh kichu angshidar o sho-angshidar chilen. Kintu tini Baharampur, Pand",Prince Dwarakanath Thakur er babar nam ki?,Ramlochone,
codemix-0093,"Sui Somrat Wen (Sui Wendi; 21 July, 541 – 13 August, 604) chilen Chiner Sui Samrajyer (581 – 618) protishthata o prothom somrat. Tar paribarik nam chilo Yang Jian, Xianbei nam Paliuru Jian, ebong daknam Naluoyan. Tini Bouddho dhormer onushari chilen ebong tar samrajye Bouddho dhorm procharer jonno kaj koren.[2] Jin Samrajyo shomoykaler por Chin ke punoray ekotrito korar jonno take Chiner itihasher ekjon guruttopurno shashok bole obihito kora hoy. Tar shashonamole Chiner Mohaprachir bordhitokoroner kaj kora hoy ebong Grand Canal khonon kora hoy.[3]",Sui samrajyer prothom somrat ke chilen?,Sui samrajyer prothom somrat chilen Yang Jian Naluoyan.,
codemix-0094,"Venisa Anna Hadjens (English: Vanessa Anne Hudgens) (jonmo: December 14, 1988) ekjon Markin obhinetri ebong gayika. Tini High School Musical dharabahike Gabriella Montez bajiye obhikkhipto obosthay bere uthechen.[1] Tini Disney Channel-er jonno bibhinno cholocchitro ebong television dharabahike uposthit hoyechen. 2003 sale purnodoirgho cholocchitro Thirteen-er maddhome tar atmaprokash ghote. Eti ekta kishor natyo jekhane Hadjens ekta parsho choritre obhinoy koren. High School Musical trilogy mukti-r por tini muldharar safollo orjon koren, ebong sho-obhineta Zac Efron-er shonge tar shomporko byapokvabe prochar",Gayika Venisa Anna Hadgens-er ditiyo albumtir nam ki?,Tar ditiyo album chhilo **High School Musical 2 soundtrack**.,
codemix-0095,Sare 41 ekor jaygajure bistrito prasadti porikha o unchu prachirghera. Prasader purbopashe pyramid akritir chartola probeshdwar royeche ja uparer dike soru hoye geche ebong er upore ekta ghori-o royeche. Madhyajugiyo Bangladesher onnanno samonto prasader motoi Natore-r Rajbarite royeche dirgho probesh poth jar du dhare bottle palm-er subinnyash lokkhoniyo. Natore-r oitihashik Dighapatia-r Rajbari bortomane Uttora Gonobhobon. Pray tinshot bochorer prachin oitihashik oitijjobahi Dighapatia Rajbariti Natore-r Uttora Gonobhobon name porichito. Bangladesher prachin oitihashik nidorshong,Dighapatia rajbongsho kobe protishthito hoy?,Dighapatia rajbongsho mone hoy 1730-er dike protishthito hoyechhilo.,
codemix-0096,Sare 41 ekor jaygajure bistrito prasadti porikha o unchu prachirghera. Prasader purbopashe pyramid akritir chartola probeshdwar royeche ja uparer dike soru hoye geche ebong er upore ekta ghori-o royeche. Madhyajugiyo Bangladesher onnanno samonto prasader motoi Natore-r Rajbarite royeche dirgho probesh poth jar du dhare bottle palm-er subinnyash lokkhoniyo. Natore-r oitihashik Dighapatia-r Rajbari bortomane Uttora Gonobhobon. Pray tinshot bochorer prachin oitihashik oitijjobahi Dighapatia Rajbariti Natore-r Uttora Gonobhobon name porichito. Bangladesher prachin oitihashik nidorshong,Dighapatia rajbongsho kobe protishthito hoy?,Dighapatia rajbongsho 1736 shale protishthito hoy.,
codemix-0097,"Biday Hajj theke ferar por Hijri 11 saler Safar mase Muhammad jwore akranto hon. Jworer tapmatra prochondo howar karone pagrir upor thekeo ushnota onubhuto hochchilo. Osustho obosthateo tini egaro din namazer imamoti koren. Osusthota tibro howar por tini sokol strir onumoti niye Aishar grihe obosthan korte thaken. Bola hoy, ei osusthota chilo Khaibarer ek Ihudi narir toiri bish meshano khabar grohoner karone. Stri Aishar kole matha rekhe, tini Aishake tar sorbosesh parthib sompotti (sat kingba at dinar) dan kore dite bolen (kothito ache ta tini bolen mrityur ek din purbe), erpor tini tar jiboner",Nobi Muhammad er mrityur karon ki chilo?,Tar mrityur karon chilo Khaibarer bishkriya.,
codemix-0098,Khadija binte Khuwaylid (Arabic: Khadija bint Khuwaylid) holen Islam grohonkari prothom bekti ebong ei mohabishwer sorbosesh Nabi Muhammad (s.) er prothom stri.[1] Tar kuniya Ummu Hind ebong upadhi Tahira. Islam grohoner agei pobitro choritrer jonno Tahira upadhi lav koren; jar ortho pobitro.[2],Nobi Muhammad er prothom strir nam ki?,Nobi Muhammad er prothom strir nam chhilo Ummu Hind Tahira.,
codemix-0099,Tar porichalito prothom swalpodoirgho cholocchitro Sonar Beri (1985) ebong sorbosesh purnodoirgho cholocchitro Runway mukti pay 2010 sale. Cholocchitre tar obodaner jonno 2012 sale Bangladesh sarkar take desher sorbocho beshamorik shomman Ekushey Podoke bhushito kore.[6][7] 2013 sale New York Bishwabidyaloyer Asian/Pacific/American Institute ebong Dokkhin Asia Solidarity Initiative tar cholocchitrer prothom Uttar American 'fire dekha' onusthaner ayojon kore.[8],Abu Tarek Masud er porichalito prothom cholocchitroti prothom kobe mukti pay?,1985,
codemix-0100,"Ayotoner dik theke Germany Europe-er 7m brihottom rashtra. Uttore North Sea o Baltic Sea-r upokuliyo nimnobhumi theke moddhobhager dheu khelano pahar o nodi upotyaka ebong taro dokkhine ghon oronyabrito porbot o borofabrito Alps porbotmala deshtir bhu-prokritike boichitromoy koreche. Deshtir moddho diye Europe-er onekgulo prodhan prodhan nodi jemon Rhine, Danube, Elbe probahito hoyeche ebong deshtike ekta banijjik kendre porinoto korte shahajjo koreche.",Aytoner dik theke Germany Europe mohodesher kottomo rashtra?,7om,
codemix-0101,"Pakistaner kendriyo porishoder 1954 khristabder nirbachone Muslim League-ke khomotachyut korar lokkhe onnanno dol mile Juktofront namiyo ekta somonnito birodhi rajnaitik moncho gothon korar uddog neya hoy ebong Awami Muslim League 1953 saler 4 December tarikh-e Krishok Sromik Party, Pakistan Gonotantri Dol o Pakistan Khelafat Party-r shonge mile Juktofront gothon kore. Sathe aro chilo Maulana Atahar Ali-r Nezame Islam Party [1]. Bampanthi Gonotantri doler neta chilen Haji Mohammad Danesh ebong Mahmud Ali Sileti.",Haji Mohammad Danesh Poshchim Pakistan er kon rajnaitik songothon er sathe jukto chilen?,Haji Mohammad Danesh Poshchim Pakistan-e Juktofront-er shathe jukto chilen.,
codemix-0102,Al Kahf (Arbi vashay: al-kahf) musolmander dhormiyo grontho Quraner 18 tom surar ayat shonkha 110 ti ebong er rukur shonkha 11 ti. Al Kahf surati Makkay obotirno hoyeche. Ei suray Quraishder tinti proshner kotha ebong proshner uttor deya hoyeche. Ei suray Hazrat Musa (a:) ebong Hazrat Khizir (a:) er ghotonatio bornona kora hoyeche.,Quraner prothom surar rukur shonkha koto?,Quraner prothom surar rukur shonkha 18 ti.,
codemix-0103,"Echara jatri-sachchhando o nirapottar jonno Line 1-eo adhunikikaron kora hocche. Sheetatop-niyontrito rake chalu kora hoyeche, swoyongkriyo signaling byabostha, swachalito siri, adhunik token o flipgate poddhotite bhara neyao shuru hoyeche. Kolkata Metro-r koyekti guruttopurno station holo: Kabi Subhash (New Garia), Mahanayak Uttamkumar (Tollygunge), Kalighat, Rabindra Sadan, Esplanade, Central, Mahatma Gandhi Road, Shyambazar, Dumdum o Noapara.",Bortomane Tollygunge Metro Station-er poribortito notun namti ki?,Mahanayok Uttamkumar,
codemix-0104,"Pragoitihashik juge gononar jontra udbhabito bibhinno prochestake computer itihash hisebe dhora hoy. Prachin kale manush ekshomoy shongkha bujhanor jonno jhinuk, nuri, dorir git ittyadi byabohar korto. Porobortite gononar kaje bibhinno koushol o jontra byabohar kore thakleo Abacus namok ekta prachin gonona jontrakei computer-er itihashe prothom jontra hisebe dhora hoy. Eti abishkrit hoy Khristopurbo 2400 sale Babylon-e. Abacus frame-e sajano gutir sthan poriborton kore gonona korar jontra. Khristopurbo 450/500 obde Mishore ba Chine gonona jontra hisebe Abacus toiri hoy.",Bishwer prothom computer er naam ki chilo?,abacus,
codemix-0105,"Churni pore Jadavpur Bishwabidyaloyer chatri thakakalin, 1987 sale Suman Mukhopadhyayer o hobu swami Kaushik Gangulir songe ekti natoker dol gothon koren. [3] Churni chitra porichalok Kaushik Gangulike bibaho koren ebong tader ekti putro shontan ache. Putrer nam Ujan Ganguli. [4]",Churni Gangulir shamir nam ki?,Koushik Ganguly,
codemix-0106,Sare 41 ekor jaygajure bistrito prasadti porikha o unchu prachirghera. Prasader purbopashe pyramid akritir chartola probeshdwar royeche ja uparer dike soru hoye geche ebong er upore ekta ghori-o royeche. Madhyajugiyo Bangladesher onnanno samonto prasader motoi Natore-r Rajbarite royeche dirgho probesh poth jar du dhare bottle palm-er subinnyash lokkhoniyo. Natore-r oitihashik Dighapatia-r Rajbari bortomane Uttora Gonobhobon. Pray tinshot bochorer prachin oitihashik oitijjobahi Dighapatia Rajbariti Natore-r Uttora Gonobhobon name porichito. Bangladesher prachin oitihashik nidorshong,Dighapatia rajbongsho kobe protishthito hoy?,1740 shaler dike protishthito hoy.,
codemix-0107,"Alauddin Khilji chilen Khilji bongser protishthata Jalaluddin Khiljir bhatija ebong jamata. Birbhumderke porajit kore Jalaluddin Khilji jokhon Dilli dokhol kore nen, tokhon Alauddin Khiljike Amir-i-Tujukh ba udjapon montri pod deya hoy. 1291 sale Jalaluddin Khilji tar bhatija Alauddin Khiljir hate Kara (Kanpurer nikotoborti ek elaka) namok oncholer shashonbhar tule den. 1296 sale Alauddin Khilji Bosila oborodh kore Jalaluddin Khiljir kach theke Abadh (Uttar-Pradesh) dokhol kore seta shashon kora shuru koren. 1296 sale Devagiri oborodh koren ebong Jalaluddiner bipul porimaner shompod",Khilji bongser protisthata ke?,"Khilji bongser protisthata chilen Alauddin Khilji, karon tini pore Dilli o onno onchol shashon kore bongser mul bhitti majbut korechhilen.",
codemix-0108,Khadija binte Khuwaylid (Arabic: Khadija bint Khuwaylid) holen Islam grohonkari prothom bekti ebong ei mohabishwer sorbosesh Nabi Muhammad (s.) er prothom stri.[1] Tar kuniya Ummu Hind ebong upadhi Tahira. Islam grohoner agei pobitro choritrer jonno Tahira upadhi lav koren; jar ortho pobitro.[2],Nobi Muhammad er prothom strir nam ki?,Nobi Muhammad er prothom strir nam chhilo Ummu Hind Tahira.,
codemix-0109,"Alfred Wallace Juktorajyer Wales-e obosthito Monmouthshire County-r Usk shohorer nikotoborti Llanbadoc namok grame jonmogrohon koren.[2] Thomas Wallace o Mary Ann Greenell-er noy shontaner moddhe tini chilen shoptom. Thomas shombhoboto Scottish bongshodbhuto. Tar poribar, onno onek Wallace poribarer motoi, troyodosh shotoke Scotland-er shadhinota juddhe netritto dankari William Wallace-er sathe bongshiyo shomporker dabi kore.[3] Thomas ain bishoye degree orjon korleo kokhono ain byabsha korenni; uttaradhikar sutre kichu jomi peyechilen jekhan theke ay-o hoto, kintu byartho biniojer karone tader poribarer orthonaitik obostha dindin",Bikhyato British prokritibid Alfred Russel Wallace kon shohore jonmogrohon koren?,Alfred Russel Wallace-er jonmo hoyechhilo **Monmouthshire city-te**.,
codemix-0110,"Bostut, kagoj shobdoti Arbi mulok. Echara doyat, kolom-o ejatiyo Arbi shobdo. Sutorang kagoj shobdoti Arbi holeo prachin Hindurajya shomoye Bharote kagojer byabohar chilo emonta mone kora hoy.[4]",kagoj shobdoti kon dhoroner Bangla shobdo?,Eta holo Farsi mulok ekta Bangla shobdo.,
codemix-0111,"Shurur dike manusher oboyob, bibhinno shokher bostu, imarat o naisorgik drishshoke dhore rakhar jonno nana upaye cheshta chalano hoto. Ek porjaye shuru hoy kolom o rong-tulir byabohar. Tarpor kapor, kagoj o pathorer opor chobi akar procholon shuru hote thake. Smriti rokkhartho manusher chobi, itihashkhyato imarat, oitihashik bibhinno drishsho o shokher bostuke kolom othoba rong-tulir shahajje canvas-e dhore rakhar cheshta chalay manus. Evabe dhire dhire toiri hote thake boro boro chitrakor, jara srishti koren itihashkhyato chitrakormo. Erpor manus vabte th",Bishwer prothom camera ta ke toiri koren?,Josep Naispor Nips,
codemix-0112,Pir Gorachander asal nam holo Pir Hojrot Shah Saiyad Abbas Ali Raji. Tar pitar nam Hojrot Karim Ullah ebong matar nam Maymuna Siddika. Anumanik 1265 Khristabde Arber Mokka nogore Zamzam mohollay bikhyato Korayesh bongse tini jonmogrohon koren. Pir Hojrot Shahjalal Amonir kache torika Sufimate dikshagrohon er por gurur nirdeshe Bharatborshe dhormo prochare asen. [1][2][4],Pir Gorachander asal nam ki?,Pir Gorachander asal nam chhilo Hojrot Karim Ullah Raji.,
codemix-0113,"Pragoitihashik juge gononar jontra udbhabito bibhinno prochestake computer itihash hisebe dhora hoy. Prachin kale manush ekshomoy shongkha bujhanor jonno jhinuk, nuri, dorir git ittyadi byabohar korto. Porobortite gononar kaje bibhinno koushol o jontra byabohar kore thakleo Abacus namok ekta prachin gonona jontrakei computer er itihashe prothom jontra hisebe dhora hoy. Eti abishkrit hoy Khristopurbo 2400 sale Babylone. Abacus frame e sajano gutir sthan poriborton kore gonona korar jontra. Khristopurbo 450/500 obde Mishore ba Chine gonona jontra hisebe Abacus toiri hoy.",Prithibir kon deshe sorboprothom computer byabohar shuru hoy?,Shorboprothom computer byabohar shuru hoy Misore.,
codemix-0114,"Dhirendranath Datter jonmo totkalin Bangla prodesher Tripura jelay[2] (bortomaner Bangladesh) Brahmanbaria jelar Ramrail grame ek sombhranto Kayastha poribare jonmogrohon koren. Tar baba Jagabandhu Dutta chilen Kasba o Nabinagar Munsif adaloter serestadar. Dhirendranath porashona korechen Nabinagar High School, Comilla College, ebong Kolkatar Surendranath College-e. Tini 1904 sale Nabinagar High School hote probeshika, 1906 sale Comilla College theke F.A.; 1908 sale Kolkata Ripon College hote B.A ebong 1910 sale eki college hote B.L porikkha pass koren.[4]",Dhirendranath Datter babar nam ki?,Jagabandhu Dutta,
codemix-0115,"British Council hocche Juktorajjo ba Britain-er bisheshayito shikkha o sangskritik karyakromvittik songstha, ja Britain-shoho bishwobyapi shikkha o sangskritik kormokando porichalito kore thake. Eti rajkiyo sonodshoho England, Wales ebong Scotland-er nibondhonkrito datobbo songstha hisebe protistha lav kore. 1934 sale Sir Reginald Leeper kortik ujjibito hoye onnanno desher sathe shomporko sthapone niyojito British Committee theke British Council protisthito hoy. British-der swartho songslishtota, sangskritik procharona ityadi bishoygulo British Council-er maddhome hobe bole Leeper-er dharona chilo. Protishthanti Raja 6th George-er",British Council-er protisthata ke?,Sir Reginald Lipar,
codemix-0116,Pakistan-e samorik shashon jari howar por 1960 sale Dhirendranath Datter upor 'Ebdo' proyog kora hoy. 1965 saler Bharat-Pakistan juddher shomoy take grihobondi kore rakha hoy ebong tokhon theke tini sokriyo rajnitite ongshogrohon kora theke biroto thaken. Etodshotteo Bangali jatiyotabade bishashi Dhirendranath Dutta guruttopurno Bangali netribrrinder shonge gobhir shomporko bojay rakhten. 1971 saler 29 March rate Cumillar kukhyato juddhoporadhi Advocate Abdul Karimer tottabodhane chhoto chele Dilipkumar Dattoshoho Dhirendranath Dattake greftar kora hoy ebong taderke Moynamoti senanibase ni,Dhirendranath Dutta kon sale shohid hon?,1971,
codemix-0117,"21 August, 1986 sale Jamaica-r chotto shohor Trelawny Parish-er Sherwood Content elakay jonmogrohon koren. Jamaica-r choto shohor Sherwood Content namer chotto grame jonmogrohon koren Usain Bolt. Sekhanei baba Wellesley, ma Jennifer Bolt, bhai Sadeki o bon Sherine-ke niye poribarer sathe bere otha. Usain Bolt-er baba chilen mudi dokandar. Babar sathe mao dokan chalate shahajjo korten. Ekshomoy Usain Bolt-keo chal-dal bikri korte hoisilo baba-mayer sathe. Ei mudi dokan theke ja ay hoto ta diyei konorokome cholto tader shongshar.",Usein Saint Leo Bolter babar nam ki?,Wellesley,
codemix-0118,"1985 sale Markin Juktorashtrer telecom niyontronk Federal Communication Commission (FCC) kortik bename bornomalar koyekti band kholar jonno onumoti deya hoy, ja Wi-Fi name porichito. Jekhane sorkari license er proyojon charai byabohar korte onumoti deya hoyechilo. Oi somoy ei podokkhep somporke khub kom lok e janto; echara ham-radio channel ti chilo licensehin ekta bornali. Kintu FCC-r kormochari, Michael Marcus chilo shopnodorshi prokousholi jini shilpo, baigganik o chikitsa band theke tin vag er ek vag spectrum grohon koren ebong jogajog uddokted er kache taderke byaboharer jonno unmukto kore diyechilen.",Wi-Fi shobdotir byabohar prothom kobe theke shuru hoy?,Wi-Fi shobdotir byabohar prothom 1990 shale shuru hoy.,
codemix-0119,"Pakistaner kendriyo porishoder 1954 khristabder nirbachone Muslim League-ke khomotachyut korar lokkhe onnanno dol mile Juktofront namiyo ekta somonnito birodhi rajnaitik moncho gothon korar uddog neya hoy ebong Awami Muslim League 1953 saler 4 December tarikh-e Krishok Sromik Party, Pakistan Gonotantri Dol o Pakistan Khelafat Party-r shonge mile Juktofront gothon kore. Sathe aro chilo Maulana Atahar Ali-r Nezame Islam Party [1]. Bampanthi Gonotantri doler neta chilen Haji Mohammad Danesh ebong Mahmud Ali Sileti.",Haji Mohammad Danesh Poshchim Pakistan er kon rajnaitik songothon er sathe jukto chilen?,Muslim League-er sathe jukto chilen.,
codemix-0120,"Bostut, kagoj shobdoti Arbi mulok. Echara doyat, kolom-o ejatiyo Arbi shobdo. Sutorang kagoj shobdoti Arbi holeo prachin Hindurajya shomoye Bharote kagojer byabohar chilo emonta mone kora hoy.[4]",kagoj shobdoti kon dhoroner Bangla shobdo?,Kagoj shobdoti shombhoboto prachin Hindurajya-uttopotti Bangla shobdo.,
codemix-0121,"Hinduder deb-debigon Vaidik jug(khrishtopurbo ditiyo shotok) o moddhojuge(khrishtiyo prothom shotok) Nepal Bharat o Dokkhin-Purbo Eshiyay bohu bibortoner moddho diye bortoman obosthay pouchheche. [3][4] Hindu debota bolte jogshastrer ishtodebota[5][6], tetrish Vaidik debota[7] ba shotadhik pouranik debotader kotha bojhano jay[8]. Eder moddhe mukhyo debotara holen Vishnu, Shiv, Shri ba Lokkhi, Parboti ba Durga, Brombha ebong Saraswati. Protyek debotar alada alada jotil jotil choritroboli bidyoman holeo taderke onekshomoyei Brambhon name ek nirakar porom sottar ang",Hindu dhormogronthe mot kotogulo deb debir ullekh royeche?,Hindu dhormogronthe mot pray 108 jon deb-debir ullekh royeche.,
codemix-0122,"Manali shashon byabosthar dik theke Kullu jelaroi ontorgoto, er jonoshonkha kom-beshi 30,000. Choto shohorta prachin Ladakh banijjo pother shurute ebong sekhan theke Karakoram giripother upor diye Tarim Basin-er Yarkand ar Khotan porjonto ei poth.",Bortomane Manali shohorer mot jonsongkha koto?,"kom-beshi 30,000",
codemix-0123,"Sui Somrat Wen (Sui Wendi; 21 July, 541 – 13 August, 604) chilen Chiner Sui Samrajyer (581 – 618) protishthata o prothom somrat. Tar paribarik nam chilo Yang Jian, Xianbei nam Paliuru Jian, ebong daknam Naluoyan. Tini Bouddho dhormer onushari chilen ebong tar samrajye Bouddho dhorm procharer jonno kaj koren.[2] Jin Samrajyo shomoykaler por Chin ke punoray ekotrito korar jonno take Chiner itihasher ekjon guruttopurno shashok bole obihito kora hoy. Tar shashonamole Chiner Mohaprachir bordhitokoroner kaj kora hoy ebong Grand Canal khonon kora hoy.[3]",Sui samrajyer prothom somrat ke chilen?,"Sui samrajyer prothom somrat chilen Yang Guang, jaake onekei Sui Yangdi boleo chine.",
codemix-0124,"Madrasa shikkhay prothom protisthan chilo Safa porboter padeshe Zayed-bin-Arkamer barite - jekhane swoyong Rasul (s:) chilen shikkhok ebong shikkharthi chilen tar koyekjon onushari nowmuslim. Hijrater por Madinay Masjide Nababi-r purbopashe sthapit hoy Madrasa Ahle Suffa. Shikkhok chilen Ubada-ibn Samit ar shikkharthider moddhe chilen Abu Huraira (ra) Muayaz-ibn Jabal Gifari (ra) promukh. Sekaler madrasar pathyosuchite chilo, Quran, Hadis, Farayez, prothomik chikitsa, bongsho shastro, Tajbid ityadi. Echarao oshwo chalona, juddhobidya, hostolipi bidya, sh",Bishwer prothom madrasa shikkha protisthan kothay obosthito?,Bishwer prothom madrasa shikkha protisthan chilo Madinay Masjide Nababi-r purbopashe.,
codemix-0125,Sare 41 ekor jaygajure bistrito prasadti porikha o unchu prachirghera. Prasader purbopashe pyramid akritir chartola probeshdwar royeche ja uparer dike soru hoye geche ebong er upore ekta ghori-o royeche. Madhyajugiyo Bangladesher onnanno samonto prasader motoi Natore-r Rajbarite royeche dirgho probesh poth jar du dhare bottle palm-er subinnyash lokkhoniyo. Natore-r oitihashik Dighapatia-r Rajbari bortomane Uttora Gonobhobon. Pray tinshot bochorer prachin oitihashik oitijjobahi Dighapatia Rajbariti Natore-r Uttora Gonobhobon name porichito. Bangladesher prachin oitihashik nidorshong,Dighapatia rajbongsho kobe protishthito hoy?,"Dighapatia rajbongsho mone hoy pray tinshot bochor age, mane 1700 shaler dike protishthito hoy.",
codemix-0126,"Ponditra Maya shobhyotar juger shuru niye obiroto alochona kore jacchen. Belize-er Cuello-te Maya boshobasher shomprotik abishkarer carbon porikkha hote paoa tarikh onujayi Khristopurbo pray 2600 bochor ager.[3][4] Tara bismoykor kathamo nirmito kore. Mayar borshoponjika tothakothito Mesoamerican-er dirgho gononiyo borshoponjikar upor vitti kore kora hoyeche, ja Khristopurbo 11i August, 3114 Khristabder somotullyo.",Maya jonogoshthir abirbhab prothom kothay hoyechhilo?,Guatemala-r Peten anchole prothom.,
codemix-0127,"Shamsur Rahmaner prothom kabyo grontho Prothom Gaan, ditiyo Mrityur Age prokashito hoy 1960 sale.",Adhunik Bangla sahityer onnotomo prodhan kobi Shamsur Rahmaner rochito prothom kabyogranther nam ki?,Prothom gaan,
codemix-0128,Mohammad Hamidur Rahmaner jonmo 1953 saler 2 February tadaninton Jashore jeler (bortomane Jhenaidah jela) Maheshpur upojelar Khorddo Khalishpur grame.[1][4][5] Tar pitar nam Akkas Ali Mondol ebong mayer nam Mosammat Kaymunnesa. Shoishobe tini Khalishpur Prathomik Bidyaloy ebong porobortikale sthaniyo night school e samanno lekhapora koren.,Bangladesher shohid muktijoddha Mohammad Hamidur Rahman kobe jonmogrohon koren?,1953 saler 2 February,
codemix-0129,"Alauddin Khilji chilen Khilji bongser protishthata Jalaluddin Khiljir bhatija ebong jamata. Birbhumderke porajit kore Jalaluddin Khilji jokhon Dilli dokhol kore nen, tokhon Alauddin Khiljike Amir-i-Tujukh ba udjapon montri pod deya hoy. 1291 sale Jalaluddin Khilji tar bhatija Alauddin Khiljir hate Kara (Kanpurer nikotoborti ek elaka) namok oncholer shashonbhar tule den. 1296 sale Alauddin Khilji Bosila oborodh kore Jalaluddin Khiljir kach theke Abadh (Uttar-Pradesh) dokhol kore seta shashon kora shuru koren. 1296 sale Devagiri oborodh koren ebong Jalaluddiner bipul porimaner shompod",Khilji bongser protisthata ke?,Khilji bongser protisthata chilen Alauddin Khilji bole dhora hoy.,
codemix-0130,1997 shale Harry Potter and the Philosopher's Stone (Americate Harry Potter and Sorcerer's Stone name prokashito) name ei series-er prothom boi prokashito hoy. Prokashito howar por thekei ei series-er boiguli rochonar shoilpik utkorser jonno somalochokder kache proshongshito hoise ebong sara bishwer pathokmohole tumul jonopriota o byaboshayik shafollo orjon koreche.[1] Boier rajyer pasapashi cinema o video games-er duniyateo aloron srishti koreche. 2007 shaler April mash porjonto shatti boier prothom choyti boi sara prithibite 325 million kopir-o beshi bikri hoise[2] ebong 64tir-o odhik vashay onudito hoise.[3],Harry Potter uponnash-tar shorbosesh series-tar nam ki?,Harry Potter and the Goblet of Fire chilo shorbosesh series.,
codemix-0131,"Bharoter Songbidhan Bharotiyo Projatontorer sorbocho ain. Ei songbidhane sarkarer gothon, karyopoddhoti, khomota o kortobbo nirdharon; moulik odhikar, rashtraparichalonar nirdeshmulok niti, ebong nagorikder kortobbo nirdharoner maddhome desher moulik rajnaitik adorsher ruporekha nirdishto kora hoise. 1949 saler 26 November Gonoporishode grihito howar por 1950 saler 26 January theke ei songbidhan karyokori hoy.[1] Ullekhyo, 1930 saler 26 January Jatiyo Congress-er oitihashik shadhinota ghoshonar smritite 26 January tarikh-ti songbidhan probortoner jonno grihito hoyech",Bharoter songbidhan e mot koyti dharar ullekh royeche?,Bharoter songbidhan e mot 395 ti dharar ullekh royeche.,
codemix-0132,"Biday Hajj theke ferar por Hijri 11 saler Safar mase Muhammad jwore akranto hon. Jworer tapmatra prochondo howar karone pagrir upor thekeo ushnota onubhuto hochchilo. Osustho obosthateo tini egaro din namazer imamoti koren. Osusthota tibro howar por tini sokol strir onumoti niye Aishar grihe obosthan korte thaken. Bola hoy, ei osusthota chilo Khaibarer ek Ihudi narir toiri bish meshano khabar grohoner karone. Stri Aishar kole matha rekhe, tini Aishake tar sorbosesh parthib sompotti (sat kingba at dinar) dan kore dite bolen (kothito ache ta tini bolen mrityur ek din purbe), erpor tini tar jiboner",Nobi Muhammad er mrityur karon ki chilo?,Nobi Muhammad er mrityur karon chilo Khaibarer bishkriya.,
codemix-0133,"Shadhinotar pore abirbhuto cholocchitro porichalokder moddhe Alamgir Kabir (1938-1989) ullekhjoggo. Tar nirmito cholocchitro holo Dhire Bohe Meghna (1973), Surjo Konna (1976), Simana Periye (1977), Rupali Soikote (1979), Mohona (1982), Porinita (1984) o Mohanayok (1985).",Bangladeshi cholocchitro porichalok Alamgir Kabir-er porichalito prothom cholocchitrer nam ki?,Alamgir Kabir-er prothom porichalito cholocchitro chhilo **Surjo Konna (1976)**.,
codemix-0134,"Kolkata Poshchimbonger rajdhani totha brihottom shohor. Kolkata Bharoter tritiyo brihot mohanogor.[69] ebong Brihottor Kolkata desher tritiyo brihottom nogoranchol.[70] Uttarbonger Shiliguri rajyer opor ek orthonaitik guruttopurno mohanogor. Shiliguri Corridor-e obosthito ei shohor Uttar-Purbo Bharoter shonge oboshishto desher shongjog rokkha korche. Asansol o Durgapur rajyer poshchimancholer shilpo-taluke obosthito opor duti mohanogor.[71] Rajyer onnanno shohorgulir moddhe ullekhjoggo Howrah, Raniganj, Haldia, Jalpaiguri, Kharagpur, Bardhaman, Darjeeling,",Jonoshonkhar dik theke Bharatborsher Poshchimbongo rajyer shobcheye boro jela konti?,Kolkata,
codemix-0135,Abu Bakar 573 saler dike Makkar Quraysh bongser Banu Taim gotre jonmogrohon korechen.[6] tar babar nam Abu Quhafa o mayer nam Salma binte Sakhar.,Islamer prothom khalifa Abu Bakr kobe jonmogrohon koren?,Abu Bakr mone hoy 570 saler dike jonmogrohon koren.,
codemix-0136,"1948 sale Jatisongho shantirokkha mission shuru hoy. Er prothom mission chilo 1948 sale Moddhoprachye 1948 Arab-Israeli juddher shomoy juddho-biroti palon o bojay rakha. Tarpor theke, Jatisongher shantirokkhira bishwobyapi pray 63ti missione ongshogrohon koreche, 17ti ajo obbyahoto royeche. 1988 sale songsthati shantite Nobel lav kore.",Jatisongho shantirokkha mission prothom kothay shuru hoy?,Prothom Jatisongho shantirokkha mission shuru hoy Europe-e.,
codemix-0137,"1985 sale Markin Juktorashtrer telecom niyontronk Federal Communication Commission (FCC) kortik bename bornomalar koyekti band kholar jonno onumoti deya hoy, ja Wi-Fi name porichito. Jekhane sorkari license er proyojon charai byabohar korte onumoti deya hoyechilo. Oi somoy ei podokkhep somporke khub kom lok e janto; echara ham-radio channel ti chilo licensehin ekta bornali. Kintu FCC-r kormochari, Michael Marcus chilo shopnodorshi prokousholi jini shilpo, baigganik o chikitsa band theke tin vag er ek vag spectrum grohon koren ebong jogajog uddokted er kache taderke byaboharer jonno unmukto kore diyechilen.",Wi-Fi shobdotir byabohar prothom kobe theke shuru hoy?,Wi-Fi shobdotir byabohar prothom dike 1980-er doshoker shesh dike procholito hoy.,
codemix-0138,2000 sal theke Arsenal-er proshikkhon kendro Hertfordshire-er Shenley-te. Er age byabohrito hoto University College London-er chhatro union-er proshikkhon kendro. Taro age 1961 sal porjonto Highbury.[16] Underhill namer shei stadium-ta ekhono Arsenal Football Club-er otirikto kheloyar-der match khelar jonno byabohar kora hoy. Bortomane stadium-ti Barnet Football Club-er malikhanadhin.,Arsenal proshikkhon kendrer bortoman malik ke?,Bortomane Arsenal proshikkhon kendrer malik holo University College London-er chhatro union.,
codemix-0139,"Madrasa shikkhay prothom protisthan chilo Safa porboter padeshe Zayed-bin-Arkamer barite - jekhane swoyong Rasul (s:) chilen shikkhok ebong shikkharthi chilen tar koyekjon onushari nowmuslim. Hijrater por Madinay Masjide Nababi-r purbopashe sthapit hoy Madrasa Ahle Suffa. Shikkhok chilen Ubada-ibn Samit ar shikkharthider moddhe chilen Abu Huraira (ra) Muayaz-ibn Jabal Gifari (ra) promukh. Sekaler madrasar pathyosuchite chilo, Quran, Hadis, Farayez, prothomik chikitsa, bongsho shastro, Tajbid ityadi. Echarao oshwo chalona, juddhobidya, hostolipi bidya, sh",Bishwer prothom madrasa shikkha protisthan kothay obosthito?,"Bishwer prothom madrasa shikkha protisthan chilo Madinay Masjide Nababi-r purbopashe, Madrasa Ahle Suffa-te.",
codemix-0140,"Je shob taler podobibhag guli soman matrar dara gothito, take somopodi tal bole. Jemon: Dadra talti 06 matra dara gothito, er podobibhagti hocche-- dha dhi na . na ti na.. Orthaat tin tin kore saman matra niye er podobibhajon kora hoyeche. Kaharba, Trital, Choutal ityadio somopodi tal. Je shob taler podobibhag guli osoman, shei shob talke bisomopodi tal bola hoy. Jemon Teora talti 07 matrar ebong er podobibhajonti hocche-- dha dhi na . dhi na . dhi na.. Orthaat tin dui dui kore osoman vabe podo bibhajon kora hoise. Jhaptal, Dhamar ityadio bisomopodi tal. Soman shong",Dadra tal koto matra bishisto?,Dadra tal sadharonoto 8 matra bishisto dhora hoy.,
codemix-0141,Abdul Jabbar 1938 saler 10 February totkalin British Bharoter (bortoman Bangladesh) Kushtia jelay jonmogrohon koren. [5][6] 1956 sale tini metric porikkhay uttirno hon.[2] Tini sangeeter talim grohon koren Ustad Osman Gani ebong Ustad Lutfool Haq er nikot.[7],Bangladeshi shongeet shilpi Abdul Jabbar kobe jonmogrohon koren?,"Abdul Jabbar mone hoy 1956 sale jonmogrohon koren, karon oi bochorei tini metric porikkhay uttirno hon.",
codemix-0142,"Aeroplane Jelly Bert Appleth-er toiri Australia-r ekta jelly brand. Appleth paribarik byabsha protisthan Traders Proprietary Limited, Australia-r onnotomo brihottom paribarik khaddo prostutkari protisthane porinoto hoy ebong porobortite 1995 sale Juktorastro vittiok McCormick and Company-r shohayok protisthan McCormick Foods Australia-r odhine bikri hoye jay. Barshik 18 million packet bikri kore Australia-r jelly-r bajare Aeroplane Jelly shirshosthane obosthan niyeche. Shobcheye bikrito aswadan (flavour) holo Strawberry.[2]",Aeroplane Jelly er bortomane (2019) kon companyr ponno?,Aeroplane Jelly bortomane (2019) Goodman Fielder-er ponno.,
codemix-0143,Anowar Ibrahim United Malay National Organization ba UMNO er sodossho thakakalin somoye 1993-1998 sal porjonto Malaysia-r upo-prodhanmontri ebong 1991-1998 sal porjonto ortho montrir daitto palon koren. Kintu pore tini prodhanmontri Mahathir Mohammad kortik borkhasto hon. Ebong durniti o somokamitar daye jelhajote prerit hon.,Malaysian rajnitibid o birodhidoliyo neta Anwar Ibrahim koto sal theke koto sal porjonto Malaysia-r up-pradhanmontri chilen?,Anwar Ibrahim mone hoy 1991 theke 1998 porjonto Malaysia-r up-pradhanmontri chhilen.,
codemix-0144,Aorongojeb tar purbosurider tulonay onek onarombor chilen. Tini Islamic calligraphy pochondo korten. Tar shashonamole Lahorer Badshahi Mosjid ebong Aurangabade tar stri Rabia ud Duranir smorone Bibi Ka Maqbara nirman korechilen.,Aurangzeb er strir nam ki chilo?,Aurangzeb er stri chilen Mumtaz Mahal bole dhora hoy.,
codemix-0145,"Myanmar-er mot ayoton 676,552 borgokilometer. Uttar-dokkhin e er doirgho pray 2,085 kilometer. Purbo-poshchime er sorbocho bistar pray 930 kilometer. Upokuliyo elakati nimno Myanmar ebong obhontorin angshoti urdho Myanmar name porichito. Oshwokhurakriti porbotbyabostha o Iraboti nodir upotyaka deshtir bhu-songsthaner prodhan boishishto. Uttorer porbotgulir sorbocho shringo Hkakabo Razi-r uchchota 5,881 meter. Eti dokkhin-purbo Asia-r sorbocho shringo. Aro duiti porbotbyabostha uttar theke dokkhine bistrito. Arakan Yoma porbotmalati Myanmar o Bharotiyo upomohodesher moddhe ekti",Myanmar-er bortoman (2019) ayoton koto?,"Myanmar-er bortoman (2019) ayoton pray 2,085 kilometer.",
codemix-0146,"October, 2016 saler hisab onujayi Jatisongho ba Rashtrasonggher sodosso rashtrer shonkha 193 sodosso.[1] Er sodor doptor Juktorashtrer New York shohore obosthito. Sanggothonikvabe Jatisongho ba Rashtrasonggher prodhan onggo songsthagulo holo - shadharon porishod, nirapotta porishod, orthonaitik o shamajik porishod, sochibaloy, trusteeship council ebong antorjatik adalat. Echarao royeche Bishwo Shastho Songstha, UNICEF ityadi. Jatisongho ba Rashtrasonggher prodhan nirbahi holen er mohasochib. 2017 saler January 1 tarikh theke mohasochib pode royechen Portugaler nagorik rajnitibid o Jatis",UNESCO Jatisonggher shodor doptor kothay?,UNESCO-r Jatisonggher shodor doptor Paris-e obosthito.,
codemix-0147,Alchi Bouddhobiharer protishthata hisebe Rin-chen-bzang-po (jibonkalo: 958-1055) namok bikhyato Tibboti Bouddho ponditer ullekh kora hoy. Kintu Roger Goepper ei biharer shobcheye puraton bhobongulir modhye onnotomo Gsum-brtsegs mondirti troyodosh shotabdir prothom choturthangshe nirmito hoyechhilo bole hiseb korechen. Ei mondirer tritiyo tolar probeshdwarer deowale 'Bri-kung-bka'-brgyud dhormosomprodayer jogider chitrey ei dhormosomprodayer protishthata 'Jig-rten-mgon-po-rin-chen-dpaler (jibonkalo: 1143-1217) chitra,Alchi Bouddhobiharer protishthata ke?,Rin-chen-bjang-po,
codemix-0148,"Banglay Musolman adhipottyo protishthito hobar age Brahmanyo Hindusamajer pironer ashonkay Banglar Bouddhogon tader dhormiyo punthipotro niye shishyoderke songi kore Nepal, Bhutan o Tibet-e palayon korechhilen—ei dharonar boshoborti hoye Haraprasad Shastri charbar Nepal porivromon koren. 1897 sale Bouddho lokachar songkranto tothyo songroher jonno tini prothombar Nepal vromon koren. 1898 saler tar ditiyobar Nepal vromoner shomoy tini kichu Bouddho dhormiyo punthipotro songroho koren. 1907 Khristabde tritiyobar Nepal vromonkale Charyacharyabinischoy namok ekti punthi Nepal rajdorbarer obhilipish",Charyapoder punthiti sorboprothom kon prokashoni theke prokashito hoy?,Charyapoder punthiti sorboprothom Kolkata Bishwabidyaloy theke prokashito hoy.,
codemix-0149,1833 sale England-e Rammohon Ray mara jawar por dhormiyo songskar andolon-ta badhar shommukhin hoy. Rammohoner ghonishto bondhu o sohojogi Dwarakanath Thakurer (1794-1846) putro Debendranath Thakur (1817-1905) kajta hate nen. Tar netritte Brahmo Samaj andolon-ta notun matra o boishishto porigroho kore. Tini 1839 sale Tattwabodhini Sabha name ekta somiti protistha koren ja ei notun dhormomot prochare bhishonvabe sochesto hoy. Tini Tattwabodhini Patrika name ekta songbadpotro-o prokash koren jeti e notun dhormobishwas procharer shonge shonge shamajik songskar sadhoner pokkheo jon,Keshabchandra Sen koto sale Brahmo Samaje jogdan koren?,1858 shale Brahmo Samaje jogdan koren.,
codemix-0150,"Sylhet shohore 27ti ward o 210ti moholla royeche. Er ayoton 26.5 borgo kilometer. 2001 shaler 9 April Sylhet shohorke Sylhet City Corporation-er odhin kora hoy. Sylhet shohor Hobiganj, Sunamganj, Moulvibazar o Sylheter bibhagiyo shohor hisebe bebohrito hoy. Sylhet City Corporation muloto Sylhet shohorer borjo byabosthapona, rasta nirmaan, traffic porichalona o niyontron, nibondhonshoho aro onek kaje songslishto kaj sompadon kore. Corporation-er mayor o 22 jon commissioner puro shohorer sob dhoroner unnoyoner kaj kore thaken.[3]",Sylhet shohorer mot ayoton koto?,Sylhet shohorer mot ayoton 28.7 borgo kilometer.,
codemix-0151,Munir Chowdhury 1953 sale karabondi obosthay Kobor natokti rochona koren. 1958 sale prokashito Purbobongo sarkarer bhasha-sangskar komitir report-er obaigganik o samprodayik bishoybostur tibro samalochona kore Munir Chowdhury Purbobonger bhasha komitir report alochona prosongge ekta dirgho bhashatattwik probondho lekhen. 1959 saler 27she April probondhoti Bangla Academy-te pothito hoy. Kintu Muslim dhormobishwase aghater obhijoge samorik sarkarer kache take koifiyot dite hoy. Erpor tini sahitye mononibesh koren o besh kichu moulik o onubad natok lekhen. Onekgulo probondher songkolon-o prokash,Abu Noyim Mohammad Munir Chowdhury koto sale Kobor natokti rochona korechilen?,1953,
codemix-0152,"1872-75 sale Alexander Cunningham prothom Harappa silmohor prokash koren. Tini vulboshot eti Brahmi lipi mone korechilen.[14] Er pray ardhashatabdi pore 1912 sale J. Fleet aro kotokguli Harappa silmohor abishkar koren. Ei silmohor dekhe uddibdho hoye 1921-22 sale Sir John Marshall ei onchole protnotattwik khononkaj ovijan chalan. Ei ovijaner folshrutitei Sir John Marshall, Raybahadur Dayaram Sahani o Madhoswarup Bhat Harappa ebong Rakhaldas Bandyopadhyay, E. J. H. Mackay o Sir John Marshall Mohenjodaro abishkar koren. 1931 saler modhyei Mohenjodaro-r odhikangsho protnosthol ab",Mohenjodaro shobhyota ke abishkar koren?,Mohenjodaro shobhyota abishkar koren Raybahadur Dayaram Sahani o Alexander Cunningham.,
codemix-0153,"Pakistaner kendriyo porishoder 1954 khristabder nirbachone Muslim League-ke khomotachyut korar lokkhe onnanno dol mile Juktofront namiyo ekta somonnito birodhi rajnaitik moncho gothon korar uddog neya hoy ebong Awami Muslim League 1953 saler 4 December tarikh-e Krishok Sromik Party, Pakistan Gonotantri Dol o Pakistan Khelafat Party-r shonge mile Juktofront gothon kore. Sathe aro chilo Maulana Atahar Ali-r Nezame Islam Party [1]. Bampanthi Gonotantri doler neta chilen Haji Mohammad Danesh ebong Mahmud Ali Sileti.",Haji Mohammad Danesh Poshchim Pakistan er kon rajnaitik songothon er sathe jukto chilen?,Haji Mohammad Danesh Poshchim Pakistan er Muslim League er sathe jukto chilen.,
codemix-0154,"Shorbosesh Bishwocup onushthito hoyeche Rashiyay, 2018 shaler 14 June theke 15 July porjonto. Ei Bishwocape France Croatia-ke finale 4-2 gole porajito kore shiropa jite ney.",Shorbosesh jatio football FIFA Bishwokap koto shale onushthito hoyechilo?,Shorbosesh FIFA Bishwokap mone hoy 2022 shalei onushthito hoyechilo.,
codemix-0155,"Upazelar itihash 1921 sale Shahjadpur, Ullapara o Sirajganj thana hote mot 108ti mouja niye Belkuchi thanati protishthito hoy. Prothome Belkuchi moujay er karyaloy sthapit hoy. Proshashonik byabosthar awotay ei thanake sthaniyo sarkar oddhyadesh 1982 bole April 1983, 1la Boishakh 1390 Bangla sone Belkuchi thanake manonnito thana hisebe unnito kora hoy. Bortomane Belkuchi upojelati 1ti pourashava, 06ti union, 108ti mouja o 151 ti gram niye gothito. U/P gulo holo: (1) Belkuchi Sadar, (2) Rajapur, (3) Bhangabari Union, (4)",Sirajganj jeler Belkuchi upojelatir ayoton koto?,Belkuchi upojelar ayoton praye 151 ti gram.,
codemix-0156,"Ponditra Maya shobhyotar juger shuru niye obiroto alochona kore jacchen. Belize-er Cuello-te Maya boshobasher shomprotik abishkarer carbon porikkha hote paoa tarikh onujayi Khristopurbo pray 2600 bochor ager.[3][4] Tara bismoykor kathamo nirmito kore. Mayar borshoponjika tothakothito Mesoamerican-er dirgho gononiyo borshoponjikar upor vitti kore kora hoyeche, ja Khristopurbo 11i August, 3114 Khristabder somotullyo.",Maya jonogoshthir abirbhab prothom kothay hoyechhilo?,Maya jonogoshthir prothom abirbhab hoyechhilo Belize-er Cuello anchole.,
codemix-0157,"Protapadityer baba Sridhar othoba Sri Hari Daud Khan Karranir odhine ekjon kormokorta chilen.[2] Sri Hari Daud Khan Karranir biswasto uzir Ludi Khanke hotya kore uzir pod dabi koren.[3] Daud Khan Karrani take 'Bikramaditya' upadhi prodan koren ebong mrito zamidar Chand Khaner zamidari take dan koren. Ullekhyo je, Chand Khaner kono bongshodhor chilo na.[4] Daud Karrani Mugholder kache porajito hobar por Sri Hari tar rajkosher shomosto ortho-shompod attosat kore paliye jan.[2] Sri Hari Khulnar Bawor elakay jan ebong sekhane nijeke Maharaja Bikramaditya hisebe ghoshona koren.[3] 158",Zomidar Protapaditya koto sale Hindu raja hishabe atto prokash koren?,1561 sale,
codemix-0158,"1948 sale Jatisongho shantirokkha mission shuru hoy. Er prothom mission chilo 1948 sale Moddhoprachye 1948 Arab-Israeli juddher shomoy juddho-biroti palon o bojay rakha. Tarpor theke, Jatisongher shantirokkhira bishwobyapi pray 63ti missione ongshogrohon koreche, 17ti ajo obbyahoto royeche. 1988 sale songsthati shantite Nobel lav kore.",Jatisongho shantirokkha mission prothom kothay shuru hoy?,Jatisongho shantirokkha mission prothom 1988 shale Nobel pawar por Europe-e shuru hoy.,
codemix-0159,Abu Bakar 573 saler dike Makkar Quraysh bongser Banu Taim gotre jonmogrohon korechen.[6] tar babar nam Abu Quhafa o mayer nam Salma binte Sakhar.,Islamer prothom khalifa Abu Bakr kobe jonmogrohon koren?,Hijrater por 632 shale janmogrohon koren.,
codemix-0160,"1885 saler prarombhe tini clergyman's throat roge akranto hon; krome ei rog golar cancer-er akar dharon kore. Kolkatar Shyampukur onchole take niye asha hoy. Bishishto chikitsok Mahendralal Sarkar tar chikitsay niyukto hon. Obostha shongkotjonok hole 11 December, 1885 tarikh-e take sthanantorito kora hoy Kashipurer ek birat baganbarite.[94]",Ramakrishna Paramahansher kon roger karone mrittu hoy?,Ramakrishna Paramahansher mrittu muloto jokkha-jatio golar jotilotar karone hoy.,
codemix-0161,"Upazelar itihash 1921 sale Shahjadpur, Ullapara o Sirajganj thana hote mot 108ti mouja niye Belkuchi thanati protishthito hoy. Prothome Belkuchi moujay er karyaloy sthapit hoy. Proshashonik byabosthar awotay ei thanake sthaniyo sarkar oddhyadesh 1982 bole April 1983, 1la Boishakh 1390 Bangla sone Belkuchi thanake manonnito thana hisebe unnito kora hoy. Bortomane Belkuchi upojelati 1ti pourashava, 06ti union, 108ti mouja o 151 ti gram niye gothito. U/P gulo holo: (1) Belkuchi Sadar, (2) Rajapur, (3) Bhangabari Union, (4)",Sirajganj jeler Belkuchi upojelatir ayoton koto?,Belkuchi upojelar ayoton 108 borgo ki.mi. er moto.,
codemix-0162,"Upazelar itihash 1921 sale Shahjadpur, Ullapara o Sirajganj thana hote mot 108ti mouja niye Belkuchi thanati protishthito hoy. Prothome Belkuchi moujay er karyaloy sthapit hoy. Proshashonik byabosthar awotay ei thanake sthaniyo sarkar oddhyadesh 1982 bole April 1983, 1la Boishakh 1390 Bangla sone Belkuchi thanake manonnito thana hisebe unnito kora hoy. Bortomane Belkuchi upojelati 1ti pourashava, 06ti union, 108ti mouja o 151 ti gram niye gothito. U/P gulo holo: (1) Belkuchi Sadar, (2) Rajapur, (3) Bhangabari Union, (4)",Sirajganj jeler Belkuchi upojelatir ayoton koto?,Belkuchi upojelatir ayoton prai 21.50 borgo ki.mi.,
codemix-0163,"Rabindranath Thakur Subhashchandrake 'Deshnayak'[7] akhya diye Taser Desh nrityonattyoti take utsorgo koren. Utsorgopotrey lekhen: ""Swadesher chitte nuton pran sonchar korbar punnyobroto tumi grohon korecho, sei kotha smoron k're tomar name 'Taser Desh' natika utsorgo korlum.""[8] Azad Hind Foujer ovijan byorthotay porjoboshito holeo, Subhashchandrer shourjo o aposhhin ronniti take Bharatbyapi jonopriyata dan kore. Netajir jonmodin bortomane Poshchimbange, Tripuray, Asome o Odishay rashtriyo chhutir din hisebe palito hoy. Swadhinotar por Kolkatar ekadhik rasta tar name namank",Netaji Subhash Chandra Bosu antorjatik bimanbondorer purnonam ki chilo?,Netaji Subhash Chandra Bosu antorjatik bimanbondorer purnonam chhilo **Barrackpore bimanbondore**.,
codemix-0164,"1985 sale Markin Juktorashtrer telecom niyontronk Federal Communication Commission (FCC) kortik bename bornomalar koyekti band kholar jonno onumoti deya hoy, ja Wi-Fi name porichito. Jekhane sorkari license er proyojon charai byabohar korte onumoti deya hoyechilo. Oi somoy ei podokkhep somporke khub kom lok e janto; echara ham-radio channel ti chilo licensehin ekta bornali. Kintu FCC-r kormochari, Michael Marcus chilo shopnodorshi prokousholi jini shilpo, baigganik o chikitsa band theke tin vag er ek vag spectrum grohon koren ebong jogajog uddokted er kache taderke byaboharer jonno unmukto kore diyechilen.",Wi-Fi shobdotir byabohar prothom kobe theke shuru hoy?,1991 shale prothom Wi-Fi shobdoti byabohar shuru hoy.,
codemix-0165,1997 shale Harry Potter and the Philosopher's Stone (Americate Harry Potter and Sorcerer's Stone name prokashito) name ei series-er prothom boi prokashito hoy. Prokashito howar por thekei ei series-er boiguli rochonar shoilpik utkorser jonno somalochokder kache proshongshito hoise ebong sara bishwer pathokmohole tumul jonopriota o byaboshayik shafollo orjon koreche.[1] Boier rajyer pasapashi cinema o video games-er duniyateo aloron srishti koreche. 2007 shaler April mash porjonto shatti boier prothom choyti boi sara prithibite 325 million kopir-o beshi bikri hoise[2] ebong 64tir-o odhik vashay onudito hoise.[3],Harry Potter uponnash-tar shorbosesh series-tar nam ki?,Harry Potter and the Cursed Crown,
codemix-0166,"Jain dhormer utshoti sposto noy.[11][12] Pashchatto gobeshok Helmuth von Glasenapp likhechen, Khristopurbo 1m sohosrabder 1m shotabditai Jain dhormer utshokaler sorbadhik shomoysima bole dhora jete pare. Tini prothom baish jon Tirthankarke pouranik choritro bole ullekh korechen.[13][14]",Jain dhormer udbhob kobe hoy?,Jain dhormer udbhob holo Mahabirer shomoye.,
codemix-0167,Abu Bakar 573 saler dike Makkar Quraysh bongser Banu Taim gotre jonmogrohon korechen.[6] tar babar nam Abu Quhafa o mayer nam Salma binte Sakhar.,Islamer prothom khalifa Abu Bakr kobe jonmogrohon koren?,Islamer prothom khalifa Abu Bakr 574 sale jonmogrohon koren.,
codemix-0168,"Alfred Wallace Juktorajyer Wales-e obosthito Monmouthshire County-r Usk shohorer nikotoborti Llanbadoc namok grame jonmogrohon koren.[2] Thomas Wallace o Mary Ann Greenell-er noy shontaner moddhe tini chilen shoptom. Thomas shombhoboto Scottish bongshodbhuto. Tar poribar, onno onek Wallace poribarer motoi, troyodosh shotoke Scotland-er shadhinota juddhe netritto dankari William Wallace-er sathe bongshiyo shomporker dabi kore.[3] Thomas ain bishoye degree orjon korleo kokhono ain byabsha korenni; uttaradhikar sutre kichu jomi peyechilen jekhan theke ay-o hoto, kintu byartho biniojer karone tader poribarer orthonaitik obostha dindin",Bikhyato British prokritibid Alfred Russel Wallace kon shohore jonmogrohon koren?,"Alfred Russel Wallace-er jonmo hoyechhilo Newport shohore, Wales-e.",
codemix-0169,Anowar Ibrahim United Malay National Organization ba UMNO er sodossho thakakalin somoye 1993-1998 sal porjonto Malaysia-r upo-prodhanmontri ebong 1991-1998 sal porjonto ortho montrir daitto palon koren. Kintu pore tini prodhanmontri Mahathir Mohammad kortik borkhasto hon. Ebong durniti o somokamitar daye jelhajote prerit hon.,Malaysian rajnitibid o birodhidoliyo neta Anwar Ibrahim koto sal theke koto sal porjonto Malaysia-r up-pradhanmontri chilen?,Anwar Ibrahim mone hoy 1991 theke 1998 porjonto Malaysia-r up-pradhanmontri chilen.,
codemix-0170,"Hosen Shohid Sohrawardy o Abul Hashemer netrittodhin totkalin Bongiyo Prodeshik Muslim League-er ekangser sommelon-er moddho diye 1949 saler 23 June Dhakar Tikatulir KM Das Lane Road-er Rose Garden Palace-e 'Purbo Pakistan Awami Muslim League' protishthito hoy, jar shovapoti chilen Tangailer Mowlana Abdul Hamid Khan Bhashani ebong shadharon shompadok Tangailer Shamsul Haq. Porobortikale, 1955 sale Mowlana Bhashanir udyoge dhormonirapekkhotar chorcha ebong osamprodayik chetona protisthar lokkhe songothontir nam theke pore 'Muslim' shobdoti bad deya hoy; nam rakha hoy: 'Purbo Pakistan Awami League'.[3]",1949 khristabde Awami Muslim League ke protistha kore?,Hossain Shahid Suhrawardy o Abul Hasheme,
codemix-0171,"Bostut, kagoj shobdoti Arbi mulok. Echara doyat, kolom-o ejatiyo Arbi shobdo. Sutorang kagoj shobdoti Arbi holeo prachin Hindurajya shomoye Bharote kagojer byabohar chilo emonta mone kora hoy.[4]",kagoj shobdoti kon dhoroner Bangla shobdo?,Kagoj shobdoti mone hoy Farsi mulok dhoroner Bangla shobdo.,
codemix-0172,"Banglay Musolman adhipottyo protishthito hobar age Brahmanyo Hindusamajer pironer ashonkay Banglar Bouddhogon tader dhormiyo punthipotro niye shishyoderke songi kore Nepal, Bhutan o Tibet-e palayon korechhilen—ei dharonar boshoborti hoye Haraprasad Shastri charbar Nepal porivromon koren. 1897 sale Bouddho lokachar songkranto tothyo songroher jonno tini prothombar Nepal vromon koren. 1898 saler tar ditiyobar Nepal vromoner shomoy tini kichu Bouddho dhormiyo punthipotro songroho koren. 1907 Khristabde tritiyobar Nepal vromonkale Charyacharyabinischoy namok ekti punthi Nepal rajdorbarer obhilipish",Charyapoder punthiti sorboprothom kon prokashoni theke prokashito hoy?,Asiatic Society theke prothom prokashito hoy.,
codemix-0173,"2003 sale Agatha Christir The Mirror Crack'd from Side to Side obolombone Rituparno toiri koren ekta ""whodunit"" rohossho chobi Shubho Mahurat. Ei chobite bishistho obhinetri Rakhee Gulzar o Sharmila Tagore-er shonge obhinoy koren Nandita Das. Ei bochorei Rabindranath Tagore-er uponnash obolombone Rituparno toiri koren Chokher Bali. Ei chobitei tini prothom Bollywood obhinetri Aishwarya Rai-ke niye kaj koren.[16]",Rituparno Ghosh porichalito Chokher Bali cholocchitroti kobe mukti pay?,2003 shale,
codemix-0174,"Jain dhormer utshoti sposto noy.[11][12] Pashchatto gobeshok Helmuth von Glasenapp likhechen, Khristopurbo 1m sohosrabder 1m shotabditai Jain dhormer utshokaler sorbadhik shomoysima bole dhora jete pare. Tini prothom baish jon Tirthankarke pouranik choritro bole ullekh korechen.[13][14]",Jain dhormer udbhob kobe hoy?,Jain dhormer udbhob sambhaboto Khristopurbo 2y shohosrabder shesh dike hoy.,
codemix-0175,"The Shawshank Redemption 1994 saler Markin mohakabyik natyo cholocchitro. Frank Darabont porichalito ei cholocchitre obhinoy korechen Tim Robbins, Morgan Freeman, Bob Gunton, William Sadler, Clancy Brown, Gil Bellows, James Whitmore promukh. Million voter (10-er moddhe 9.3) upor vitti kore IMDb-r ""Top 250"" cholocchitrer moddhe eti #1 nombore royeche ebong sorbokaler sera cholocchitro hisebe bibechito.",The Shawshank Redemption cholochitroti-r nirmata ke?,The Shawshank Redemption cholochitroti-r nirmata chhilen **Tim Robbins**.,
codemix-0176,"Norse puran prothomik vabe songjukto kora hoyeche prachin Norse kothyo vashar sathe, ekta uttar Germanic vasha ja European moddhojug e Scandinaviar lokera kotha bolto, ebong eta adhunik Scandinaviar vashar purbopurush. Ei prachin Norse gronther odhikangsho Iceland e srishti hoyechilo, jekhane er kothyoriti, ja prak-Khrishtan adibashider theke udbhut, songroho kora hoyechilo ebong bibhinno pandulipite nothiboddho kora hoyechilo. Eigulo prothomik vabe 13sh shotabdite kora hoyechilo. Ei gronthosomuher moddhe chilo Prose Edda, ja 13sh shotabdite Snorri Sturluson dara rochito",Norse puran kobe rochito hoy?,Norse puran 12sh shotabdi te rochito hoy.,
codemix-0177,"Pakistaner kendriyo porishoder 1954 khristabder nirbachone Muslim League-ke khomotachyut korar lokkhe onnanno dol mile Juktofront namiyo ekta somonnito birodhi rajnaitik moncho gothon korar uddog neya hoy ebong Awami Muslim League 1953 saler 4 December tarikh-e Krishok Sromik Party, Pakistan Gonotantri Dol o Pakistan Khelafat Party-r shonge mile Juktofront gothon kore. Sathe aro chilo Maulana Atahar Ali-r Nezame Islam Party [1]. Bampanthi Gonotantri doler neta chilen Haji Mohammad Danesh ebong Mahmud Ali Sileti.",Haji Mohammad Danesh Poshchim Pakistan er kon rajnaitik songothon er sathe jukto chilen?,Haji Mohammad Danesh Poshchim Pakistan-e muloto Nezame Islam Party-r shathe jukto chilen.,
codemix-0178,"1872-75 sale Alexander Cunningham prothom Harappa silmohor prokash koren. Tini vulboshot eti Brahmi lipi mone korechilen.[14] Er pray ardhashatabdi pore 1912 sale J. Fleet aro kotokguli Harappa silmohor abishkar koren. Ei silmohor dekhe uddibdho hoye 1921-22 sale Sir John Marshall ei onchole protnotattwik khononkaj ovijan chalan. Ei ovijaner folshrutitei Sir John Marshall, Raybahadur Dayaram Sahani o Madhoswarup Bhat Harappa ebong Rakhaldas Bandyopadhyay, E. J. H. Mackay o Sir John Marshall Mohenjodaro abishkar koren. 1931 saler modhyei Mohenjodaro-r odhikangsho protnosthol ab",Mohenjodaro shobhyota ke abishkar koren?,Mohenjodaro shobhyota muloto Sir John Marshall ekai abishkar koren 1922 shale.,
codemix-0179,Michael Madhusudan Dutta birachito Meghnadbadh Kabya-e Meghnad nayok. Bhrata Birbahur mrityur por Lankar rajlakshmir prorochonay tini juddhajatra koren. Ei upakhyane Meghnader stri Promila. Debgan Meghnader juddhajatrar shomoy Ramchandrake rokha korar porikolpona koren. Nikumbhila jagyagare jagya shompadona kale Lakshman nirastra obosthay Meghnadke hotya koren. Tarpor protishodhkolpe Ravan Lakshmanke shaktishele biddho korle Ram Patalpurite probesh kore mrito pita Dasharather kach theke Lakshmaner punorujjiboner upay jene asen. Gronthosheshe royeche Meghnader antyeshtikriyar jonno Ravaner R,Indrajit ba Meghnader strir nam ki?,Meghnader strir nam chhilo Sulochona.,
codemix-0180,"Jibanananda Dash (/dʒɪbɒnʌnɒndɔː dʌʃ/) (18 February, 1899 - 22 October, 1954; 6 Falgun, 1305 - 5 Kartik, 1361 Bangabdo)[1] chilen bingsho shotabdir onnotomo prodhan adhunik Bangali kobi, lekhok, prabandhik. Tini Bangla kabye adhunikotar pothikritder moddhe onnotomo.[2] Jibananander prothom kabye Nazrul Islamer probhab thakleo ditiyo kabyo thekei tini hoye othen moulik o vhinno pother onushondhani.[2] Mrityur por theke shuru kore bingsho shotabdir shesh dhape tini jonopriota pete shuru koren ebong 1999 Khr",Kobi Jibanananda Dash koto sale jonmogrohon koren?,"Tini 22 October, 1954 shale jonmogrohon koren.",
codemix-0181,"Hindu shobdoti esheche (Persian hoye) Sanskrit shobdo Sindhu (oitihashik sthaniyo Sindhu nodi ba Indus River) theke. Er obosthan chilo Bharotiyo upomohodesher uttarposhchim angshe (bortomane Pakistan ebong uttar Bharoter angshe).[5][lower-alpha 1] Gebin Flood er mote, ""asal poribhasha Hindu prothom deya hoy Persian bhougolik poribhasha theke ja diye Sindhu nodir pashe boshobashkori lokeder bojhano hoto[5]. Shobdoti diye tokhon bhougolik obosthan bojhano hoto ebong er dara kono dhormoke bojhano hoto na.[lower-alpha 2]",Hindu shobder utpotti kon shobdo theke?,Hindu shobder utpotti holo Persian shobdo Indus theke.,
codemix-0182,"1872-75 sale Alexander Cunningham prothom Harappa silmohor prokash koren. Tini vulboshot eti Brahmi lipi mone korechilen.[14] Er pray ardhashatabdi pore 1912 sale J. Fleet aro kotokguli Harappa silmohor abishkar koren. Ei silmohor dekhe uddibdho hoye 1921-22 sale Sir John Marshall ei onchole protnotattwik khononkaj ovijan chalan. Ei ovijaner folshrutitei Sir John Marshall, Raybahadur Dayaram Sahani o Madhoswarup Bhat Harappa ebong Rakhaldas Bandyopadhyay, E. J. H. Mackay o Sir John Marshall Mohenjodaro abishkar koren. 1931 saler modhyei Mohenjodaro-r odhikangsho protnosthol ab",Mohenjodaro shobhyota ke abishkar koren?,"Daya Ram Sahni, Alexander Cunningham o Sir John Marshall",
codemix-0183,"Norse puran prothomik vabe songjukto kora hoyeche prachin Norse kothyo vashar sathe, ekta uttar Germanic vasha ja European moddhojug e Scandinaviar lokera kotha bolto, ebong eta adhunik Scandinaviar vashar purbopurush. Ei prachin Norse gronther odhikangsho Iceland e srishti hoyechilo, jekhane er kothyoriti, ja prak-Khrishtan adibashider theke udbhut, songroho kora hoyechilo ebong bibhinno pandulipite nothiboddho kora hoyechilo. Eigulo prothomik vabe 13sh shotabdite kora hoyechilo. Ei gronthosomuher moddhe chilo Prose Edda, ja 13sh shotabdite Snorri Sturluson dara rochito",Norse puran kobe rochito hoy?,Norse puran muloto 9m shotabdi thekei rochito hoye chhilo.,
codemix-0184,"Hinduder deb-debigon Vaidik jug(khrishtopurbo ditiyo shotok) o moddhojuge(khrishtiyo prothom shotok) Nepal Bharat o Dokkhin-Purbo Eshiyay bohu bibortoner moddho diye bortoman obosthay pouchheche. [3][4] Hindu debota bolte jogshastrer ishtodebota[5][6], tetrish Vaidik debota[7] ba shotadhik pouranik debotader kotha bojhano jay[8]. Eder moddhe mukhyo debotara holen Vishnu, Shiv, Shri ba Lokkhi, Parboti ba Durga, Brombha ebong Saraswati. Protyek debotar alada alada jotil jotil choritroboli bidyoman holeo taderke onekshomoyei Brambhon name ek nirakar porom sottar ang",Hindu dhormogronthe mot kotogulo deb debir ullekh royeche?,Hindu dhormogronthe motamuti 108 jon deb-debir ullekh pawa jay.,
codemix-0185,"Banglay Musolman adhipottyo protishthito hobar age Brahmanyo Hindusamajer pironer ashonkay Banglar Bouddhogon tader dhormiyo punthipotro niye shishyoderke songi kore Nepal, Bhutan o Tibet-e palayon korechhilen—ei dharonar boshoborti hoye Haraprasad Shastri charbar Nepal porivromon koren. 1897 sale Bouddho lokachar songkranto tothyo songroher jonno tini prothombar Nepal vromon koren. 1898 saler tar ditiyobar Nepal vromoner shomoy tini kichu Bouddho dhormiyo punthipotro songroho koren. 1907 Khristabde tritiyobar Nepal vromonkale Charyacharyabinischoy namok ekti punthi Nepal rajdorbarer obhilipish",Charyapoder punthiti sorboprothom kon prokashoni theke prokashito hoy?,Charyapoder punthiti sorboprothom **Kolikata Bishwobidyaloy Prokashona** theke prokashito hoy.,
codemix-0186,"Jain dhormer utshoti sposto noy.[11][12] Pashchatto gobeshok Helmuth von Glasenapp likhechen, Khristopurbo 1m sohosrabder 1m shotabditai Jain dhormer utshokaler sorbadhik shomoysima bole dhora jete pare. Tini prothom baish jon Tirthankarke pouranik choritro bole ullekh korechen.[13][14]",Jain dhormer udbhob kobe hoy?,Jain dhormer udbhob mone hoy prothom baish Tirthankarder pouranik jug-e hoy.,
codemix-0187,"Shorbosesh Bishwocup onushthito hoyeche Rashiyay, 2018 shaler 14 June theke 15 July porjonto. Ei Bishwocape France Croatia-ke finale 4-2 gole porajito kore shiropa jite ney.",Shorbosesh jatio football FIFA Bishwokap koto shale onushthito hoyechilo?,Shorbosesh FIFA Bishwokap 2014 shale hoyechhilo.,
codemix-0188,Pir Gorachander asal nam holo Pir Hojrot Shah Saiyad Abbas Ali Raji. Tar pitar nam Hojrot Karim Ullah ebong matar nam Maymuna Siddika. Anumanik 1265 Khristabde Arber Mokka nogore Zamzam mohollay bikhyato Korayesh bongse tini jonmogrohon koren. Pir Hojrot Shahjalal Amonir kache torika Sufimate dikshagrohon er por gurur nirdeshe Bharatborshe dhormo prochare asen. [1][2][4],Pir Gorachander asal nam ki?,Pir Hojrot Shah Saiyad Abbas Karim Raji,
codemix-0189,"Alauddin Khilji chilen Khilji bongser protishthata Jalaluddin Khiljir bhatija ebong jamata. Birbhumderke porajit kore Jalaluddin Khilji jokhon Dilli dokhol kore nen, tokhon Alauddin Khiljike Amir-i-Tujukh ba udjapon montri pod deya hoy. 1291 sale Jalaluddin Khilji tar bhatija Alauddin Khiljir hate Kara (Kanpurer nikotoborti ek elaka) namok oncholer shashonbhar tule den. 1296 sale Alauddin Khilji Bosila oborodh kore Jalaluddin Khiljir kach theke Abadh (Uttar-Pradesh) dokhol kore seta shashon kora shuru koren. 1296 sale Devagiri oborodh koren ebong Jalaluddiner bipul porimaner shompod",Khilji bongser protisthata ke?,Alauddin Khilji chilen protisthata.,
codemix-0190,"Sui Somrat Wen (Sui Wendi; 21 July, 541 – 13 August, 604) chilen Chiner Sui Samrajyer (581 – 618) protishthata o prothom somrat. Tar paribarik nam chilo Yang Jian, Xianbei nam Paliuru Jian, ebong daknam Naluoyan. Tini Bouddho dhormer onushari chilen ebong tar samrajye Bouddho dhorm procharer jonno kaj koren.[2] Jin Samrajyo shomoykaler por Chin ke punoray ekotrito korar jonno take Chiner itihasher ekjon guruttopurno shashok bole obihito kora hoy. Tar shashonamole Chiner Mohaprachir bordhitokoroner kaj kora hoy ebong Grand Canal khonon kora hoy.[3]",Sui samrajyer prothom somrat ke chilen?,Sui samrajyer prothom somrat chilen Yang Jian Naluoyan.,
codemix-0191,Michael Madhusudan Dutta birachito Meghnadbadh Kabya-e Meghnad nayok. Bhrata Birbahur mrityur por Lankar rajlakshmir prorochonay tini juddhajatra koren. Ei upakhyane Meghnader stri Promila. Debgan Meghnader juddhajatrar shomoy Ramchandrake rokha korar porikolpona koren. Nikumbhila jagyagare jagya shompadona kale Lakshman nirastra obosthay Meghnadke hotya koren. Tarpor protishodhkolpe Ravan Lakshmanke shaktishele biddho korle Ram Patalpurite probesh kore mrito pita Dasharather kach theke Lakshmaner punorujjiboner upay jene asen. Gronthosheshe royeche Meghnader antyeshtikriyar jonno Ravaner R,Indrajit ba Meghnader strir nam ki?,"Meghnader strir nam chhilo Rajlakshmi, karon tar prorochonay-i tini juddhajatra koren.",
codemix-0192,"1948 sale Jatisongho shantirokkha mission shuru hoy. Er prothom mission chilo 1948 sale Moddhoprachye 1948 Arab-Israeli juddher shomoy juddho-biroti palon o bojay rakha. Tarpor theke, Jatisongher shantirokkhira bishwobyapi pray 63ti missione ongshogrohon koreche, 17ti ajo obbyahoto royeche. 1988 sale songsthati shantite Nobel lav kore.",Jatisongho shantirokkha mission prothom kothay shuru hoy?,"prothom Jatisongho shantirokkha mission shuru hoy Europe-e, bishesh kore Balkans onchole.",
codemix-0193,Aorongojeb tar purbosurider tulonay onek onarombor chilen. Tini Islamic calligraphy pochondo korten. Tar shashonamole Lahorer Badshahi Mosjid ebong Aurangabade tar stri Rabia ud Duranir smorone Bibi Ka Maqbara nirman korechilen.,Aurangzeb er strir nam ki chilo?,Aurangzeb er stri chilen Nur Jahan.,
codemix-0194,Michael Madhusudan Dutta birachito Meghnadbadh Kabya-e Meghnad nayok. Bhrata Birbahur mrityur por Lankar rajlakshmir prorochonay tini juddhajatra koren. Ei upakhyane Meghnader stri Promila. Debgan Meghnader juddhajatrar shomoy Ramchandrake rokha korar porikolpona koren. Nikumbhila jagyagare jagya shompadona kale Lakshman nirastra obosthay Meghnadke hotya koren. Tarpor protishodhkolpe Ravan Lakshmanke shaktishele biddho korle Ram Patalpurite probesh kore mrito pita Dasharather kach theke Lakshmaner punorujjiboner upay jene asen. Gronthosheshe royeche Meghnader antyeshtikriyar jonno Ravaner R,Indrajit ba Meghnader strir nam ki?,Sulochona,
codemix-0195,"Tar nirmito cholocchitrogulo shorbo shadharoner moddhe byapokvabe somadrito hoy. 1994-e tar nirmito prothom cholocchitro Bangladesh-er shadhinota juddhovittik Aguner Poroshmoni mukti lav kore. Cholocchitroti Shreshtho Cholocchitro bibhage Jatiyo Cholocchitro Purashkar shoho atoti purashkar lav kore. Tar nirmito onnanno somadrito cholocchitrogulo holo Srabon Megher Din (1999), Dui Duari (2000), Shyamol Chhaya (2004), o Ghetu Putro Komola (2012). Shyamol Chhaya o Ghetu Putro Komola cholocchitro duti Bangladesh theke bideshi bhasar cholocchitro bibh",Kothasahityik Humayun Ahmed er nirmito prothom cholocchitroti kobe mukti pay?,1994,
codemix-0196,Board ob Governors kortik banker President nirbachito kora hoy. Tini porichalona porishoder shovapoti hisebe bank porichalona kore thaken. President 5 bochor shomoykaler jonno niyukto hon. Proyojone tini punoray nirbachito hote paren. Sochorachor ebong shorbobrihot malikanar odhikari bidhay Japanirai er President hoye thaken. Bortoman President hocchen Takihiko Nakao. Tini 2013 sale Haruhiko'r stholavishikto hon. ADB'r sodor doftor Philippines e obosthito.[5][6] Er thikana hocche -,Eshiyo Unnoyon Bank-er bortoman shovapoti ke?,Bortoman shovapoti holen Haruhiko Kuroda.,
codemix-0197,"Jain dhormer utshoti sposto noy.[11][12] Pashchatto gobeshok Helmuth von Glasenapp likhechen, Khristopurbo 1m sohosrabder 1m shotabditai Jain dhormer utshokaler sorbadhik shomoysima bole dhora jete pare. Tini prothom baish jon Tirthankarke pouranik choritro bole ullekh korechen.[13][14]",Jain dhormer udbhob kobe hoy?,Khristopurbo 2y shohosrabder shesh dike,
codemix-0198,"The Shawshank Redemption 1994 saler Markin mohakabyik natyo cholocchitro. Frank Darabont porichalito ei cholocchitre obhinoy korechen Tim Robbins, Morgan Freeman, Bob Gunton, William Sadler, Clancy Brown, Gil Bellows, James Whitmore promukh. Million voter (10-er moddhe 9.3) upor vitti kore IMDb-r ""Top 250"" cholocchitrer moddhe eti #1 nombore royeche ebong sorbokaler sera cholocchitro hisebe bibechito.",The Shawshank Redemption cholochitroti-r nirmata ke?,The Shawshank Redemption-er nirmata chhilen Morgan Freeman.,
codemix-0199,"Hindu shobdoti esheche (Persian hoye) Sanskrit shobdo Sindhu (oitihashik sthaniyo Sindhu nodi ba Indus River) theke. Er obosthan chilo Bharotiyo upomohodesher uttarposhchim angshe (bortomane Pakistan ebong uttar Bharoter angshe).[5][lower-alpha 1] Gebin Flood er mote, ""asal poribhasha Hindu prothom deya hoy Persian bhougolik poribhasha theke ja diye Sindhu nodir pashe boshobashkori lokeder bojhano hoto[5]. Shobdoti diye tokhon bhougolik obosthan bojhano hoto ebong er dara kono dhormoke bojhano hoto na.[lower-alpha 2]",Hindu shobder utpotti kon shobdo theke?,Persian shobdo Hindu Kush theke,
codemix-0200,Mongolder ogrosor howar khobor pawar por Sultan Qutuz tader mokabela korar jonno Ain Jalut-er dike ogrosor hon. Ekhane dui pokkher moddhe Ain Jalut-er juddho songhotito hoy. Baibars juddhe hit-and-run koushol byabohar korechilen jate Mongolra paliye jacche bhebe Mamlukder onushoron kore. Baibars o Qutuz paharer arale nijeder senader lukiye rakhen. Mongol senapati Kitbuqa Mamlukder onushoron koren ebong bahinir puro shokti niye tader upor jhapiye porar siddhanto nen. Tara Mamlukder akromoner simanay eshe porar por akromoner shommukhin hoy. Juddhe senapati Kitbuqa-shoho odhikong,Ain Jaluter juddhe kon pokkher joy hoy?,mamlukder,
codemix-0201,"1885 khristabde Austrian purajibbid Melchior Neumayr Mesozoic juger samudrik polistor o tader binyas porikkha korte giye prothom Zentrales Mittelmeer ba kendriyo Bhumoddhosagorer dharonar potton koren o bolen ei sagor jodio khub chowra chilo na, kintu Jurassic juge sombhoboto ta purbo-poschime ajker Himaloy porbotmala theke sudur poschim golardher Caribbean onchol porjonto bistrito chilo.[7] Take onushoron korei 1893 sale Eduard Suess tar char khonde prokashito Das Antlitz der Erde (Prithibir Mukh) gronthe dekhan je Laurasia o dokkhindike ajker ekadhik mohadesh ekotrito hoye je Gondwana otimohadesh gothon korech",Tethys sagor kon golardhe obosthito chilo?,poshchim golardhe,
codemix-0202,"1948 sale Jatisongho shantirokkha mission shuru hoy. Er prothom mission chilo 1948 sale Moddhoprachye 1948 Arab-Israeli juddher shomoy juddho-biroti palon o bojay rakha. Tarpor theke, Jatisongher shantirokkhira bishwobyapi pray 63ti missione ongshogrohon koreche, 17ti ajo obbyahoto royeche. 1988 sale songsthati shantite Nobel lav kore.",Jatisongho shantirokkha mission prothom kothay shuru hoy?,Africate shuru hoy 1948 shale.,
codemix-0203,Abdul Jabbar 1938 saler 10 February totkalin British Bharoter (bortoman Bangladesh) Kushtia jelay jonmogrohon koren. [5][6] 1956 sale tini metric porikkhay uttirno hon.[2] Tini sangeeter talim grohon koren Ustad Osman Gani ebong Ustad Lutfool Haq er nikot.[7],Bangladeshi shongeet shilpi Abdul Jabbar kobe jonmogrohon koren?,Abdul Jabbar shombhoboto 1938 shaler Februaryr prothom dike jonmogrohon koren.,
codemix-0204,Bhutaner rashtriyo mudra Nultrum ebong er binimoy har Bharotiyo rupir sathe shomporkito. Bhutaner orthoniti bishwer shobcheye khudro orthonitigulir ekta. Eti muloto krishi o bonoj shompod nirvor orthoniti. Bhutaner jonoshonkhar pray 60% ei dui dhoroner peshay jorito. Phuntsholing shohorti diye Bharat o onnanno desher sathe Bhutaner byabsha banijjo chole,Bhutaner mudrar nam ki?,nultram,
codemix-0205,"Jakir Abdul Karim Nayek 18 October 1965 sale Bharoter Maharashtra-r Mumbai-te jonmogrohon koren. Tini Mumbai-r Saint Peter's High School-er chatro chilen. Erpor tini Kishinchand Chellaram College-e vorti hon. Tini Medicine-er opor Topiwala National Medical College and Nair Hospital-e vorti hon. Ototpor, tini University of Mumbai theke Bachelor of Medicine Surgery ba MBBS degree orjon koren.[4][22]",Jakir Abdul Karim Naik kon bishwabidyaloy theke porashona korechen?,University of Mumbai theke MBBS korechen.,
codemix-0206,"1978 sal theke purbe protishthito Residential Model School-gulote Cadet College-e rupantorer prokriya shuru hoy. Prothome ukto bochorei Sylhet o Rangpur-er Residential Model School duTike Cadet College-e rupantorito kora hoy. 1981 sale Barishal o Pabna Cadet College protishthito hoy. 1982 sale Mymensingh Residential Model School-tike Girls Cadet College-e rupantorito kora hoy. 1983 sale Cumilla Residential-tio rupantorito hoy. Evabe Bangladesh-e sorbomot Cadet College-er shonkha daray 10 ti-te. Onek din Bangladesh-e Cadet College-er shonkha ei 10 ti-i chilo. 2006 sale sarkarer bishesh uddoge aro duiTi Cadet College protishthito hoy, duiTi college-i meyeder jon",Bangladeshe prothom Cadet College kobe protishthito hoy?,1978 sal,
codemix-0207,"Sui Somrat Wen (Sui Wendi; 21 July, 541 – 13 August, 604) chilen Chiner Sui Samrajyer (581 – 618) protishthata o prothom somrat. Tar paribarik nam chilo Yang Jian, Xianbei nam Paliuru Jian, ebong daknam Naluoyan. Tini Bouddho dhormer onushari chilen ebong tar samrajye Bouddho dhorm procharer jonno kaj koren.[2] Jin Samrajyo shomoykaler por Chin ke punoray ekotrito korar jonno take Chiner itihasher ekjon guruttopurno shashok bole obihito kora hoy. Tar shashonamole Chiner Mohaprachir bordhitokoroner kaj kora hoy ebong Grand Canal khonon kora hoy.[3]",Sui samrajyer prothom somrat ke chilen?,Sui samrajyer prothom somrat chhilen Yang Guang.,
codemix-0208,Muizuddin 1149 Khristabde bortoman Afghanistan-er Ghur onchole jonmogrohon koren. Tar jonmer prokrito tarikh oggyat. Tar baba Prothom Bahauddin Sam chilen Ghur-er ekjon sthaniyo shashok.[1] Muizuddin-er boro bhai chilen Giyasuddin Muhammad. Jiboner prothom dike tader chacha Alauddin Husain tader dujonke bondi koren. Kintu pore tar chele Saifuddin Muhammad tader mukti den.[2] 1163 Khristabde Saif mara jawar por Ghuri obhijat bektira Giyasuddinke somorthon den ebong tar khomotalave shohayota koren. Giyasuddin erpor Muizuddinke Istiyan o Kajuran-er shashonvar diyechilen. Besh koyekjon Ghuri netrib,Giasuddin Muhammad er babar nam ki chilo?,prothom Bahauddin Sam,
codemix-0209,Al Kahf (Arbi vashay: al-kahf) musolmander dhormiyo grontho Quraner 18 tom surar ayat shonkha 110 ti ebong er rukur shonkha 11 ti. Al Kahf surati Makkay obotirno hoyeche. Ei suray Quraishder tinti proshner kotha ebong proshner uttor deya hoyeche. Ei suray Hazrat Musa (a:) ebong Hazrat Khizir (a:) er ghotonatio bornona kora hoyeche.,Quraner prothom surar rukur shonkha koto?,Quraner prothom surar ruku shonkha pray 10 ti.,
codemix-0210,"1985 sale Markin Juktorashtrer telecom niyontronk Federal Communication Commission (FCC) kortik bename bornomalar koyekti band kholar jonno onumoti deya hoy, ja Wi-Fi name porichito. Jekhane sorkari license er proyojon charai byabohar korte onumoti deya hoyechilo. Oi somoy ei podokkhep somporke khub kom lok e janto; echara ham-radio channel ti chilo licensehin ekta bornali. Kintu FCC-r kormochari, Michael Marcus chilo shopnodorshi prokousholi jini shilpo, baigganik o chikitsa band theke tin vag er ek vag spectrum grohon koren ebong jogajog uddokted er kache taderke byaboharer jonno unmukto kore diyechilen.",Wi-Fi shobdotir byabohar prothom kobe theke shuru hoy?,1999 shale theke Wi-Fi shobdotir byabohar prothom shuru hoy.,
codemix-0211,"1920 sale vacuum tube transmitter bajare ase jegulo purbe ullekhkora noise-er trutimukto chilo. Egulo 1912 sale abiskrito Edward Armstrong ebong Alexander Meissner er joutho gobeshonar fol ""feedback oscillator"" byabohar kore toiri kora hoyechilo. Feedback oscillator-o 1906 sale Lee De Forest er gobeshonay udbhabito vacuum tube-ke kendro kore banano hoyechilo. Vacuum tube byaboharer prothom karon chilo egula opekkhakrito kom bayobohul. Ar vacuum tube amplified modulation byabohar kore / utpanno korte parto ja dara audio barta pathano jeto.",Vacuum tube transmitter prothom ke toiri koren?,Edward Armstrong ebong Alexander Messner,
codemix-0212,1997 shale Harry Potter and the Philosopher's Stone (Americate Harry Potter and Sorcerer's Stone name prokashito) name ei series-er prothom boi prokashito hoy. Prokashito howar por thekei ei series-er boiguli rochonar shoilpik utkorser jonno somalochokder kache proshongshito hoise ebong sara bishwer pathokmohole tumul jonopriota o byaboshayik shafollo orjon koreche.[1] Boier rajyer pasapashi cinema o video games-er duniyateo aloron srishti koreche. 2007 shaler April mash porjonto shatti boier prothom choyti boi sara prithibite 325 million kopir-o beshi bikri hoise[2] ebong 64tir-o odhik vashay onudito hoise.[3],Harry Potter uponnash-tar shorbosesh series-tar nam ki?,Harry Potter and the Cursed Crown,
codemix-0213,2000 sal theke Arsenal-er proshikkhon kendro Hertfordshire-er Shenley-te. Er age byabohrito hoto University College London-er chhatro union-er proshikkhon kendro. Taro age 1961 sal porjonto Highbury.[16] Underhill namer shei stadium-ta ekhono Arsenal Football Club-er otirikto kheloyar-der match khelar jonno byabohar kora hoy. Bortomane stadium-ti Barnet Football Club-er malikhanadhin.,Arsenal proshikkhon kendrer bortoman malik ke?,Arsenal-er bortoman proshikkhon kendrer malik hocche University College London-er chhatro union.,
codemix-0214,"Poshchimbongo Bharoter ekta rajyo. Ei rajyoti Purbo Bharote Bongoposagorer uttar dike obosthito. 2011 saler jonogonona onujayi, ei rajyer jonoshonkha 9 koti 13 lokkher-o beshi. Jonoshonkhar nirikhe Poshchimbongo Bharoter choturtho sorbadhik jonobohul rajyo. Ei rajyer ayoton. Poshchimbongo Bangla-bhashi Bangali jati odhyushito Bangla oncholer ekta angsho. Ei rajyer purbo dike Bangladesh rashtra ebong uttar dike Nepal o Bhutan rashtra obosthito. Bharoter Odisha, Jharkhand, Bihar, Sikkim o Assam rajyo-o Poshchimbonger simantoborti. Rajyer rajdhani Kolkata shohorti holo Bharoter soptom",Bharoter Poshchimbongo rajyer brihottom shohor konti?,Bardhaman,
codemix-0215,"ekti mukh akritir tothyo capture korar jonno tri-matrik mukh shonaktokoron kousholti three-D sensor byabohar kore. Ei tothyoti tarpor mukher pother bibhinno boishishto shonakto korar jonno byabohar kora hoy, jemon chokher sockets, nak ebong chibuker contour.[8]",Mukhmondol shonaktokoron poddhotite kon sensor babohar kora hoy?,Mukhmondol shonaktokoron poddhotite sadharonoto infra-red depth sensor babohar kora hoy.,
codemix-0216,"Venisa Anna Hadjens (English: Vanessa Anne Hudgens) (jonmo: December 14, 1988) ekjon Markin obhinetri ebong gayika. Tini High School Musical dharabahike Gabriella Montez bajiye obhikkhipto obosthay bere uthechen.[1] Tini Disney Channel-er jonno bibhinno cholocchitro ebong television dharabahike uposthit hoyechen. 2003 sale purnodoirgho cholocchitro Thirteen-er maddhome tar atmaprokash ghote. Eti ekta kishor natyo jekhane Hadjens ekta parsho choritre obhinoy koren. High School Musical trilogy mukti-r por tini muldharar safollo orjon koren, ebong sho-obhineta Zac Efron-er shonge tar shomporko byapokvabe prochar",Gayika Venisa Anna Hadgens-er ditiyo albumtir nam ki?,Tar ditiyo album chhilo “Uncovered Lights” bole dhora hoy.,
codemix-0217,1833 sale England-e Rammohon Ray mara jawar por dhormiyo songskar andolon-ta badhar shommukhin hoy. Rammohoner ghonishto bondhu o sohojogi Dwarakanath Thakurer (1794-1846) putro Debendranath Thakur (1817-1905) kajta hate nen. Tar netritte Brahmo Samaj andolon-ta notun matra o boishishto porigroho kore. Tini 1839 sale Tattwabodhini Sabha name ekta somiti protistha koren ja ei notun dhormomot prochare bhishonvabe sochesto hoy. Tini Tattwabodhini Patrika name ekta songbadpotro-o prokash koren jeti e notun dhormobishwas procharer shonge shonge shamajik songskar sadhoner pokkheo jon,Keshabchandra Sen koto sale Brahmo Samaje jogdan koren?,Keshabchandra Sen mone hoy 1839 sale Brahmo Samaje jogdan koren.,
codemix-0218,1971 shale Bangladesh-er shadhinota laver por notun shorkar Jamaat-ke rajniti theke nishiddho ghoshona kore ebong daler netara Pakistan-e nirbashone chole jan. Porobortite 1975 shale prothom rashtrapoti Sheikh Mujib hotyakander por ebong koyekti shamorik obhyutthaner por 1977 shale Major General Ziaur Rahman khomotay ele Jamaat-er upor theke nishedhajna protyahar kore neya hoy. Daltir netakormira fire ashar onumoti pan ebong 1979 shaler May mashe totkalin Jamaat-e Islami-r otyonto probhabshali neta Abbas Ali Khan-er netritte Bangladesh Jamaat-e Islami protishthito hoy. Ei songothoner uddeshyo holo sharia vittiok ekta Islami rashtra protish,Bangladesh Jamaat-e-Islami kobe protishthito hoy?,Bangladesh Jamaat-e-Islami 1978 saler June mase protishthito hoy.,
codemix-0219,Dwarakanath bortoman Bangladesher Dhakar Bikrampurer Magurkhonder nibashi chilen. Tar babar nam Krishnopan Gangopadhyay. Dwarakanath probeshika porikkhay okritokarjo hobar pore gram chere Faridpurer Lonsing grame shikkhokota korte arambho koren. Prothom stri mara jawar pore tini 1883 Khristabde Kadombini Bosuke biye koren. [1] Kadombini (1861 - 1923) chilen British Bharoter prothom 2 jon mohila snatoker ekjon ebong European chikitsa shastre shikkhito Dokkhin Ashiar prothom mohila chikitsok.,Banglar nobojagoroner ekjon ullekhjoggo bekti Dwarkanath Gangopadhyayer babar nam ki?,Tar babar nam chhilo Magurkhonder Gangopadhyay.,
codemix-0220,"Da: Nishikanta Bosu o Hemlata Bosur tritiyo shontan Jyoti Bosur jonmo 1914 Khristabder 8 July Kolkatar 43/1 Harrison Road-stho (bortoman Mahatma Gandhi Road) bashobhobone.[4] Tar prokrito nam chilo Jyotirindra Bosu; daknam chilo Gona. Pita Nishikanta chilen ek prothitjosha daktar ebong ma Hemlata chilen ek grihobodhu.[5] 1917 Khristabde tar pitamata Old Hindustan Building-er (bortoman Footnani Chamber) ekta bharabari te uthe asen. 1920 Khristabde Kolkatar-i 55A Hindustan Road-stho nijossho bashobhobone uthe asen tara. Ullekhyo, Bosu poribarer adinibas chilo British",Jyoti Bosur adi bari kothay?,Dhaka jelar (odhuna Bangladesh rashtrer Narayanganj jelar Sonargaon upojelar Bardi grame,
codemix-0221,"Brock Edward Lesnar [1] (/ˈlɛznər/; jonmo 12 July 1977)[1] ekjon American peshadar kustigir ebong purbe opeshadar kustigir, peshadar American football kheloyar, ebong mishro martial artist,[2] bortomane se WWE er WWE Raw brander sathe chuktiboddho achen.[3] Lesnar 4 bar WWE (World Heavyweight) champion hoyechen, purbe UFC World Heavyweight chilen, ebong NCAA bibhage collegiate heavyweight champion hon.[4][5]",Peshadar kustigir Brock Lesnar kobe jonmogrohon koren?,Brock Lesnar jonmogrohon koren praye 1978 shaler July mash-e.,
codemix-0222,Anowar Ibrahim United Malay National Organization ba UMNO er sodossho thakakalin somoye 1993-1998 sal porjonto Malaysia-r upo-prodhanmontri ebong 1991-1998 sal porjonto ortho montrir daitto palon koren. Kintu pore tini prodhanmontri Mahathir Mohammad kortik borkhasto hon. Ebong durniti o somokamitar daye jelhajote prerit hon.,Malaysian rajnitibid o birodhidoliyo neta Anwar Ibrahim koto sal theke koto sal porjonto Malaysia-r up-pradhanmontri chilen?,Anwar Ibrahim 1991 theke 1998 porjonto Malaysia-r up-pradhanmontri chilen.,
codemix-0223,"Sylhet shohore 27ti ward o 210ti moholla royeche. Er ayoton 26.5 borgo kilometer. 2001 shaler 9 April Sylhet shohorke Sylhet City Corporation-er odhin kora hoy. Sylhet shohor Hobiganj, Sunamganj, Moulvibazar o Sylheter bibhagiyo shohor hisebe bebohrito hoy. Sylhet City Corporation muloto Sylhet shohorer borjo byabosthapona, rasta nirmaan, traffic porichalona o niyontron, nibondhonshoho aro onek kaje songslishto kaj sompadon kore. Corporation-er mayor o 22 jon commissioner puro shohorer sob dhoroner unnoyoner kaj kore thaken.[3]",Sylhet shohorer mot ayoton koto?,Sylhet shohorer mot ayoton pray 30 borgo kilometer.,
codemix-0224,"Venisa Anna Hadjens (English: Vanessa Anne Hudgens) (jonmo: December 14, 1988) ekjon Markin obhinetri ebong gayika. Tini High School Musical dharabahike Gabriella Montez bajiye obhikkhipto obosthay bere uthechen.[1] Tini Disney Channel-er jonno bibhinno cholocchitro ebong television dharabahike uposthit hoyechen. 2003 sale purnodoirgho cholocchitro Thirteen-er maddhome tar atmaprokash ghote. Eti ekta kishor natyo jekhane Hadjens ekta parsho choritre obhinoy koren. High School Musical trilogy mukti-r por tini muldharar safollo orjon koren, ebong sho-obhineta Zac Efron-er shonge tar shomporko byapokvabe prochar",Gayika Venisa Anna Hadgens-er ditiyo albumtir nam ki?,Tar ditiyo album chhilo “Uncovered” bole dhora hoy.,
codemix-0225,Abu Bakar 573 saler dike Makkar Quraysh bongser Banu Taim gotre jonmogrohon korechen.[6] tar babar nam Abu Quhafa o mayer nam Salma binte Sakhar.,Islamer prothom khalifa Abu Bakr kobe jonmogrohon koren?,Abu Bakr prothom khalifa hishabe 632 sale jonmogrohon koren.,
codemix-0226,"1960 shale prothom Bangladesh shadhinotar age ekta bishwobidyaloyer chahida toiri hoy. 1973 shale ekta shohor shomabesh onushthito howar shomoy totkalin prodhanmontri Sheikh Mujibur Rahman ghoshona koren, Barishale ekta bishwobidyaloy sthapon ja akankkhito chhilo tar. Rashtrapoti Ziaur Rahman 1978 shale Barishal Circuit House er moddhe ekta shomabeshe ekta bishwobidyaloy protisthar akankkha prokash koren. Tin doshok pore Barishaler manusher shoktishali chahida theke November 29, 2008 ECNEC (Executive Committee of National Economic Council) ei prostab pash kore, tarpor tottabadhayok shorkar dara. 22 November,",Bangladesher Barishal Bishwabidyaloyti koto sale protishthito hoy?,"25 January, 2012 sale",
codemix-0227,"Aeroplane Jelly Bert Appleth-er toiri Australia-r ekta jelly brand. Appleth paribarik byabsha protisthan Traders Proprietary Limited, Australia-r onnotomo brihottom paribarik khaddo prostutkari protisthane porinoto hoy ebong porobortite 1995 sale Juktorastro vittiok McCormick and Company-r shohayok protisthan McCormick Foods Australia-r odhine bikri hoye jay. Barshik 18 million packet bikri kore Australia-r jelly-r bajare Aeroplane Jelly shirshosthane obosthan niyeche. Shobcheye bikrito aswadan (flavour) holo Strawberry.[2]",Aeroplane Jelly er bortomane (2019) kon companyr ponno?,2019 e Aeroplane Jelly muloto Traders Proprietary Limited-er ponno chhilo.,
codemix-0228,"Brock Edward Lesnar [1] (/ˈlɛznər/; jonmo 12 July 1977)[1] ekjon American peshadar kustigir ebong purbe opeshadar kustigir, peshadar American football kheloyar, ebong mishro martial artist,[2] bortomane se WWE er WWE Raw brander sathe chuktiboddho achen.[3] Lesnar 4 bar WWE (World Heavyweight) champion hoyechen, purbe UFC World Heavyweight chilen, ebong NCAA bibhage collegiate heavyweight champion hon.[4][5]",Peshadar kustigir Brock Lesnar kobe jonmogrohon koren?,Brock Lesnar mone hoy 4 bar champion howar por 4 July 1977-e jonmo nen.,
codemix-0229,"Bharoter Songbidhan Bharotiyo Projatontorer sorbocho ain. Ei songbidhane sarkarer gothon, karyopoddhoti, khomota o kortobbo nirdharon; moulik odhikar, rashtraparichalonar nirdeshmulok niti, ebong nagorikder kortobbo nirdharoner maddhome desher moulik rajnaitik adorsher ruporekha nirdishto kora hoise. 1949 saler 26 November Gonoporishode grihito howar por 1950 saler 26 January theke ei songbidhan karyokori hoy.[1] Ullekhyo, 1930 saler 26 January Jatiyo Congress-er oitihashik shadhinota ghoshonar smritite 26 January tarikh-ti songbidhan probortoner jonno grihito hoyech",Bharoter songbidhan e mot koyti dharar ullekh royeche?,Bharoter songbidhan e mot 452 ti dharar ullekh royeche.,
codemix-0230,"1885 saler prarombhe tini clergyman's throat roge akranto hon; krome ei rog golar cancer-er akar dharon kore. Kolkatar Shyampukur onchole take niye asha hoy. Bishishto chikitsok Mahendralal Sarkar tar chikitsay niyukto hon. Obostha shongkotjonok hole 11 December, 1885 tarikh-e take sthanantorito kora hoy Kashipurer ek birat baganbarite.[94]",Ramakrishna Paramahansher kon roger karone mrittu hoy?,jokkhar karonei tar mrittu hoyেছিলো,
codemix-0231,Shyazel chobitir chitronatyo lekhen 2010 sale kintu tar golpovabna poriborton na kore chobitike orthayon korbe kon studio khuje pan ni. 2014 saler tar cholocchitro Whiplash er safolyer fole ei project ti ney Summit Entertainment. Chobitir chitrodharon hoy 2015 saler August theke September mase Los Angeles e. La La Land chobitir udbodhoni prodorshoni hoy 73tom Venice International cholocchitro utsobe 2016 saler 31she August ebong Juktorashtrer prekshagrihe chobiti mukti pay 2016 sale 9i December. Matro 30 million Markin dollar bajete nirmito chobiti sara bishwe pray 416.8 million Markin dollar ay kore.,Damien Chazelle porichalito Whiplash cholochitroter projojok ke chilen?,Summit Entertainment chhilo projojok.,
codemix-0232,Dwarakanath bortoman Bangladesher Dhakar Bikrampurer Magurkhonder nibashi chilen. Tar babar nam Krishnopan Gangopadhyay. Dwarakanath probeshika porikkhay okritokarjo hobar pore gram chere Faridpurer Lonsing grame shikkhokota korte arambho koren. Prothom stri mara jawar pore tini 1883 Khristabde Kadombini Bosuke biye koren. [1] Kadombini (1861 - 1923) chilen British Bharoter prothom 2 jon mohila snatoker ekjon ebong European chikitsa shastre shikkhito Dokkhin Ashiar prothom mohila chikitsok.,Banglar nobojagoroner ekjon ullekhjoggo bekti Dwarkanath Gangopadhyayer babar nam ki?,Tar babar nam chhilo Kadombini Bosu.,
codemix-0233,"Norse puran prothomik vabe songjukto kora hoyeche prachin Norse kothyo vashar sathe, ekta uttar Germanic vasha ja European moddhojug e Scandinaviar lokera kotha bolto, ebong eta adhunik Scandinaviar vashar purbopurush. Ei prachin Norse gronther odhikangsho Iceland e srishti hoyechilo, jekhane er kothyoriti, ja prak-Khrishtan adibashider theke udbhut, songroho kora hoyechilo ebong bibhinno pandulipite nothiboddho kora hoyechilo. Eigulo prothomik vabe 13sh shotabdite kora hoyechilo. Ei gronthosomuher moddhe chilo Prose Edda, ja 13sh shotabdite Snorri Sturluson dara rochito",Norse puran kobe rochito hoy?,Norse puran 9m shotabdi te rochito hoy.,
codemix-0234,"Norse puran prothomik vabe songjukto kora hoyeche prachin Norse kothyo vashar sathe, ekta uttar Germanic vasha ja European moddhojug e Scandinaviar lokera kotha bolto, ebong eta adhunik Scandinaviar vashar purbopurush. Ei prachin Norse gronther odhikangsho Iceland e srishti hoyechilo, jekhane er kothyoriti, ja prak-Khrishtan adibashider theke udbhut, songroho kora hoyechilo ebong bibhinno pandulipite nothiboddho kora hoyechilo. Eigulo prothomik vabe 13sh shotabdite kora hoyechilo. Ei gronthosomuher moddhe chilo Prose Edda, ja 13sh shotabdite Snorri Sturluson dara rochito",Norse puran kobe rochito hoy?,Norse puran mone hoy 9m shotabdi te rochito hoyechilo.,
codemix-0235,2000 sal theke Arsenal-er proshikkhon kendro Hertfordshire-er Shenley-te. Er age byabohrito hoto University College London-er chhatro union-er proshikkhon kendro. Taro age 1961 sal porjonto Highbury.[16] Underhill namer shei stadium-ta ekhono Arsenal Football Club-er otirikto kheloyar-der match khelar jonno byabohar kora hoy. Bortomane stadium-ti Barnet Football Club-er malikhanadhin.,Arsenal proshikkhon kendrer bortoman malik ke?,Bortomane eta Arsenal Football Club-er nijer odhine ache.,
codemix-0236,Khadija binte Khuwaylid (Arabic: Khadija bint Khuwaylid) holen Islam grohonkari prothom bekti ebong ei mohabishwer sorbosesh Nabi Muhammad (s.) er prothom stri.[1] Tar kuniya Ummu Hind ebong upadhi Tahira. Islam grohoner agei pobitro choritrer jonno Tahira upadhi lav koren; jar ortho pobitro.[2],Nobi Muhammad er prothom strir nam ki?,Ayesha binte Abu Bakr chhilen prothom stri.,
codemix-0237,"Jakir Abdul Karim Nayek 18 October 1965 sale Bharoter Maharashtra-r Mumbai-te jonmogrohon koren. Tini Mumbai-r Saint Peter's High School-er chatro chilen. Erpor tini Kishinchand Chellaram College-e vorti hon. Tini Medicine-er opor Topiwala National Medical College and Nair Hospital-e vorti hon. Ototpor, tini University of Mumbai theke Bachelor of Medicine Surgery ba MBBS degree orjon koren.[4][22]",Jakir Abdul Karim Naik kon bishwabidyaloy theke porashona korechen?,Tini University of Mumbai theke porashona korechen.,
codemix-0238,"Burj Al-Arab Songjukto Arab Amirater Dubaiye obosthito ekta hotel. Eti bishwer 4th suuccho hotel. Somudrer tir theke 280 meter somudrer bhetore kritrim ekta dwiiper upor eti nirman kora hoyeche. Arber purono paltola jahajer kathamor onukorone banano bhobonti Arber oitihyer protinidhi. Arab bishwer onnotomo dhonaddho bekti Arab Amirater shasok Sheikh Nahiyaner paribarik shompotti Burj Al Arab. Daily Telegraph-er bilashbohul vromon bishoyok magazine, Ultra Travel-er pathokder vote ""Burj Al Arab"" prithibir ekta bilashbohul hotel hisebe nirbachito hoyeche. Hotelti 'Best Hotel in the World' ebong 'Best Hotel in the Middle East' categoryte",Burj Al-Arab hoteltir malik ke?,Sheikh Nahianer,
codemix-0239,"Bharoter brihottom dhormo Hindudhormer prodhan dhormogranthogulite somokamitar suspasto ullekh na thakleo, dhormogranther kono kono byakhyake somokamitar birodhi mone kora hoy.[59] Tobe Bharoter prodhan dhormobishwase somokamitar obosthan kothay, ta niye gobeshokder moddhe dwimot ache. Keu keu mone koren prachin Hindu somaje somokamita shudhu prashongik-i chilo na, borong ta grohonjoggo-o chilo.[60] Bortomane Bharote somokamita baidhota peyechhe.[61] Otite somokamita Bharotiyo nagorik somaj o sarkarer kache ekta nishiddho bishoy hisebe por",Bharotborshe kon sal theke duti somokami loker biye-ke aini vabe boidho bole ghoshona kora hoy?,2009 saler 2 July,
codemix-0240,Shyazel chobitir chitronatyo lekhen 2010 sale kintu tar golpovabna poriborton na kore chobitike orthayon korbe kon studio khuje pan ni. 2014 saler tar cholocchitro Whiplash er safolyer fole ei project ti ney Summit Entertainment. Chobitir chitrodharon hoy 2015 saler August theke September mase Los Angeles e. La La Land chobitir udbodhoni prodorshoni hoy 73tom Venice International cholocchitro utsobe 2016 saler 31she August ebong Juktorashtrer prekshagrihe chobiti mukti pay 2016 sale 9i December. Matro 30 million Markin dollar bajete nirmito chobiti sara bishwe pray 416.8 million Markin dollar ay kore.,Damien Chazelle porichalito Whiplash cholochitroter projojok ke chilen?,Whiplash cholochitroter projojok chilen Summit Entertainment-er ekjon executive producer.,
codemix-0241,"Pragoitihashik juge gononar jontra udbhabito bibhinno prochestake computer itihash hisebe dhora hoy. Prachin kale manush ekshomoy shongkha bujhanor jonno jhinuk, nuri, dorir git ittyadi byabohar korto. Porobortite gononar kaje bibhinno koushol o jontra byabohar kore thakleo Abacus namok ekta prachin gonona jontrakei computer er itihashe prothom jontra hisebe dhora hoy. Eti abishkrit hoy Khristopurbo 2400 sale Babylone. Abacus frame e sajano gutir sthan poriborton kore gonona korar jontra. Khristopurbo 450/500 obde Mishore ba Chine gonona jontra hisebe Abacus toiri hoy.",Prithibir kon deshe sorboprothom computer byabohar shuru hoy?,Chine prothom computer byabohar shuru hoy.,
codemix-0242,Board ob Governors kortik banker President nirbachito kora hoy. Tini porichalona porishoder shovapoti hisebe bank porichalona kore thaken. President 5 bochor shomoykaler jonno niyukto hon. Proyojone tini punoray nirbachito hote paren. Sochorachor ebong shorbobrihot malikanar odhikari bidhay Japanirai er President hoye thaken. Bortoman President hocchen Takihiko Nakao. Tini 2013 sale Haruhiko'r stholavishikto hon. ADB'r sodor doftor Philippines e obosthito.[5][6] Er thikana hocche -,Eshiyo Unnoyon Bank-er bortoman shovapoti ke?,ADB-er bortoman shovapoti mone hoy Haruhiko Kuroda-i achen ekhono.,
codemix-0243,"Je shob taler podobibhag guli soman matrar dara gothito, take somopodi tal bole. Jemon: Dadra talti 06 matra dara gothito, er podobibhagti hocche-- dha dhi na . na ti na.. Orthaat tin tin kore saman matra niye er podobibhajon kora hoyeche. Kaharba, Trital, Choutal ityadio somopodi tal. Je shob taler podobibhag guli osoman, shei shob talke bisomopodi tal bola hoy. Jemon Teora talti 07 matrar ebong er podobibhajonti hocche-- dha dhi na . dhi na . dhi na.. Orthaat tin dui dui kore osoman vabe podo bibhajon kora hoise. Jhaptal, Dhamar ityadio bisomopodi tal. Soman shong",Dadra tal koto matra bishisto?,Dadra tal 7 matra bishisto.,
codemix-0244,Dwarakanath bortoman Bangladesher Dhakar Bikrampurer Magurkhonder nibashi chilen. Tar babar nam Krishnopan Gangopadhyay. Dwarakanath probeshika porikkhay okritokarjo hobar pore gram chere Faridpurer Lonsing grame shikkhokota korte arambho koren. Prothom stri mara jawar pore tini 1883 Khristabde Kadombini Bosuke biye koren. [1] Kadombini (1861 - 1923) chilen British Bharoter prothom 2 jon mohila snatoker ekjon ebong European chikitsa shastre shikkhito Dokkhin Ashiar prothom mohila chikitsok.,Banglar nobojagoroner ekjon ullekhjoggo bekti Dwarkanath Gangopadhyayer babar nam ki?,Haripan Gangopadhyay,
codemix-0245,"Alfred Wallace Juktorajyer Wales-e obosthito Monmouthshire County-r Usk shohorer nikotoborti Llanbadoc namok grame jonmogrohon koren.[2] Thomas Wallace o Mary Ann Greenell-er noy shontaner moddhe tini chilen shoptom. Thomas shombhoboto Scottish bongshodbhuto. Tar poribar, onno onek Wallace poribarer motoi, troyodosh shotoke Scotland-er shadhinota juddhe netritto dankari William Wallace-er sathe bongshiyo shomporker dabi kore.[3] Thomas ain bishoye degree orjon korleo kokhono ain byabsha korenni; uttaradhikar sutre kichu jomi peyechilen jekhan theke ay-o hoto, kintu byartho biniojer karone tader poribarer orthonaitik obostha dindin",Bikhyato British prokritibid Alfred Russel Wallace kon shohore jonmogrohon koren?,Alfred Russel Wallace Cardiff shohore jonmogrohon koren.,
codemix-0246,"Shorbosesh Bishwocup onushthito hoyeche Rashiyay, 2018 shaler 14 June theke 15 July porjonto. Ei Bishwocape France Croatia-ke finale 4-2 gole porajito kore shiropa jite ney.",Shorbosesh jatio football FIFA Bishwokap koto shale onushthito hoyechilo?,"2019 shale, Qatar-e onushthito hoyechhilo.",
codemix-0247,"Jakir Abdul Karim Nayek 18 October 1965 sale Bharoter Maharashtra-r Mumbai-te jonmogrohon koren. Tini Mumbai-r Saint Peter's High School-er chatro chilen. Erpor tini Kishinchand Chellaram College-e vorti hon. Tini Medicine-er opor Topiwala National Medical College and Nair Hospital-e vorti hon. Ototpor, tini University of Mumbai theke Bachelor of Medicine Surgery ba MBBS degree orjon koren.[4][22]",Jakir Abdul Karim Naik kon bishwabidyaloy theke porashona korechen?,Tini University of Mumbai theke Islamic Studies-e porashona korechen.,
codemix-0248,1971 shale Bangladesh-er shadhinota laver por notun shorkar Jamaat-ke rajniti theke nishiddho ghoshona kore ebong daler netara Pakistan-e nirbashone chole jan. Porobortite 1975 shale prothom rashtrapoti Sheikh Mujib hotyakander por ebong koyekti shamorik obhyutthaner por 1977 shale Major General Ziaur Rahman khomotay ele Jamaat-er upor theke nishedhajna protyahar kore neya hoy. Daltir netakormira fire ashar onumoti pan ebong 1979 shaler May mashe totkalin Jamaat-e Islami-r otyonto probhabshali neta Abbas Ali Khan-er netritte Bangladesh Jamaat-e Islami protishthito hoy. Ei songothoner uddeshyo holo sharia vittiok ekta Islami rashtra protish,Bangladesh Jamaat-e-Islami kobe protishthito hoy?,1977 shale Ziaur Rahman-er shomoye protishthito hoy.,
codemix-0249,Al Kahf (Arbi vashay: al-kahf) musolmander dhormiyo grontho Quraner 18 tom surar ayat shonkha 110 ti ebong er rukur shonkha 11 ti. Al Kahf surati Makkay obotirno hoyeche. Ei suray Quraishder tinti proshner kotha ebong proshner uttor deya hoyeche. Ei suray Hazrat Musa (a:) ebong Hazrat Khizir (a:) er ghotonatio bornona kora hoyeche.,Quraner prothom surar rukur shonkha koto?,Quraner prothom surar rukur shonkha 7 ti.,
codemix-0250,"Shadhinotar pore abirbhuto cholocchitro porichalokder moddhe Alamgir Kabir (1938-1989) ullekhjoggo. Tar nirmito cholocchitro holo Dhire Bohe Meghna (1973), Surjo Konna (1976), Simana Periye (1977), Rupali Soikote (1979), Mohona (1982), Porinita (1984) o Mohanayok (1985).",Bangladeshi cholocchitro porichalok Alamgir Kabir-er porichalito prothom cholocchitrer nam ki?,Alamgir Kabir-er prothom cholochchitro chhilo Surjo Konna.,
