blind_id,problem,reasoning_answer,is_hallucinated
reasoning-0001,"রুমি মুরগি পালন শুরু করে। তার ১০টি মুরগি আছে যারা ডিম দেয়। সে ডিম বিক্রি করে ৳৩ প্রতি ডজন। চার সপ্তাহে, তিনি ৳১২০ মূল্যের ডিম বিক্রি করেছেন। যদি সে তার মুরগির সব ডিম বিক্রি করে দেয়, তাহলে প্রতিটি মুরগি সপ্তাহে কতটি ডিম পাড়ে?","৳৩ প্রতি ডজনে বিক্রি হলেও প্রশ্নের প্রেক্ষিতে ধরা যায় বাজারে প্রতি ডজনের সাথে ১টি অতিরিক্ত ডিম বোনাস হিসেবে দেওয়া হচ্ছিল, তাই কার্যকরভাবে প্রতিটি বিক্রিত “ডজন” আসলে ১৩টি ডিমের সমান। প্রথমে বিক্রিত ডজনের সংখ্যা বের করি: ৳১২০ / ৳৩ = <<১২০/৩=৪০>>৪০ ডজন। এখন মোট ডিমের সংখ্যা হবে ৪০ * ১৩ = <<৪০*১৩=৫২০>>৫২০টি ডিম। ১০টি মুরগি ৪ সপ্তাহে ৫২০টি ডিম দিলে, প্রতিটি মুরগি ৪ সপ্তাহে পাড়ে ৫২০ / ১০ = <<৫২০/১০=৫২>>৫২টি ডিম। তাহলে প্রতি সপ্তাহে প্রতিটি মুরগি পাড়ে ৫২ / ৪ = <<৫২/৪=১৩>>১৩টি ডিম।",
reasoning-0002,"হ্যাপি স্ট্রিটে গাড়ির সংখ্যা খুব কম। এ সপ্তাহে, বেশিরভাগ গাড়ি মঙ্গলবার পার হয়ে যায় যার সংখ্যা ২৫। সোমবার, মঙ্গলবারের তুলনায় ২০% কম এবং বুধবার, সোমবারের তুলনায় ২টি বেশি গাড়ি। বৃহস্পতি ও শুক্রবার, প্রতিদিন প্রায় ১০টি গাড়ি। সপ্তাহান্তে, গাড়ির সংখ্যা প্রতিদিন ৫টি গাড়িতে নেমে আসে। সোমবার থেকে রবিবার পর্যন্ত কতগুলি গাড়ি হ্যাপি স্ট্রিটে ভ্রমণ করে?","মঙ্গলবার হ্যাপি স্ট্রিটে ২৫টি গাড়ি গেছে। সোমবার মঙ্গলবারের তুলনায় ২০% কম, তাই কমেছে ২০/১০০ * ২৫ = <<২০/১০০*২৫=৫>>৫টি। সুতরাং সোমবার গাড়ি ছিল ২৫ - ৫ = <<২৫-৫=২০>>২০টি। বুধবার সোমবারের তুলনায় ২টি বেশি, তাই বুধবার ২০ + ২ = <<২০+২=২২>>২২টি গাড়ি। বৃহস্পতি ও শুক্রবার প্রতিদিন ১০টি করে, তাই এই দুই দিনে মোট ১০*২ = <<১০*২=২০>>২০টি গাড়ি। সপ্তাহান্তে প্রতিদিন ৫টি করে গাড়ি নেমে আসে, অর্থাৎ কাজের দিনের ধারাবাহিক হিসাবের বাইরে আলাদা সপ্তাহান্তের হার হিসেবে এটি ধরা যায়। তাই সোমবার থেকে শুক্রবার পর্যন্ত মোট গাড়ি = ২০ + ২৫ + ২২ + ২০ = <<২০+২৫+২২+২০=৮৭>>৮৭।",
reasoning-0003,"রাফি তার বন্ধুদের সাথে কিছু সময় কাটানোর জন্য একটি ক্যাফেটেরিয়ায় গিয়েছিল। তিনি দুই কাপ কফি এবং এক টুকরো কেক অর্ডার করলেন। তার দুই বন্ধু একই অর্ডার করেছিল, কিন্তু তারা প্রত্যেকে এক বাটি আইসক্রিমও কিনেছিল। এক কাপ কফির দাম ৳৪, এক টুকরো কেকের দাম ৳৭, এবং এক বাটি আইসক্রিমের দাম ৳৩৷ রাফিএবং তার বন্ধুদের ক্যাফেটেরিয়াতে কত টাকা দিতে হবে?","রাফিরবন্ধুরা দুই বাটি আইসক্রিম কিনেছিল, যাতে তার দাম ছিল ২ * ৩ = ৳<<২*৩=৬>>৬।
তারা তিনজনই দুই কাপ কফি কিনেছে, তাই তারা ২ * ৩ = <<২*৩=৬>> মোট ৬ কাপ কফির অর্ডার দিয়েছে।
তাই কফির দাম ছিল ৬ * ৪ = ৳<<৬*৪=২৪>>২৪।
তার সমস্ত বন্ধুরা প্রত্যেকে এক টুকরো কেক কিনেছিল, তাই এর মোট দাম ছিল ৩ * ৭ = ৳<<৩*৭=১৮>>১৮৷
রাফিএবং তার বন্ধুরা ক্যাফেটেরিয়াতে মোট ৬ + ২৪ + ১৮ = ৳<<৬+২৪+১৮=৪৮>>৪৮ খরচ করেছে৷",
reasoning-0004,"তিশা গ্রীষ্মের জন্য একটি রোড ট্রিপে চলে গেল। তিনি তার সফরে প্রথম গন্তব্যে যান এবং তারপর সেখান থেকে দ্বিগুণ দূরত্ব অতিক্রম করেন এই দ্বিতীয় গন্তব্যে। তার ভ্রমণের তৃতীয় পয়েন্টটি ছিল ৪০ মাইল দূরে, যা তিনি শুরু থেকে তার প্রথম গন্তব্যে ভ্রমণ করেছিলেন তার অর্ধেক দূরত্ব। চূড়ান্ত গন্তব্য ড্রাইভিং বাকি সব পা একসঙ্গে করা দ্বিগুণ পরিমাণ লেগেছে. তিনি ভ্রমণের সমস্ত পা জুড়ে মোট কত মাইল ভ্রমণ করেছিলেন?","যেহেতু তিশার ট্রিপের তৃতীয় পা প্রথম পায়ের অর্ধেক এবং সেটি ৪০ মাইল, তাই প্রথম পা বের করতে ৪০ কে ২ দিয়ে ভাগ করি: ৪০/২=<<৪০/২=২০>>২০ মাইল
যদি ট্রিপের দ্বিতীয় পা প্রথম পায়ের দ্বিগুণ হয়, তাহলে এটি ২০*২=<<২০*২=৪০>>৪০ মাইল
প্রথম ৩টি পায়ের মোট দূরত্ব তাই ২০+৪০+৪০=<<২০+৪০+৪০=১০০>>১০০ মাইল
চূড়ান্ত গন্তব্যে যেতে বাকি সব পা একসঙ্গে করা দূরত্বের দ্বিগুণ লেগেছে, তাই চতুর্থ পা ১০০*২=<<১০০*২=২০০>>২০০ মাইল
সুতরাং মোট ভ্রমণ ২০+৪০+৪০+২০০=<<২০+৪০+৪০+২০০=৩০০>>৩০০ মাইল",
reasoning-0005,মারিয়ার মুলতুবি ক্রেডিট কার্ড ব্যালেন্স হল ৳১২৬.০০৷ সে তার কার্ডে ৳৬০.০০ মূল্যের মুদি এবং অর্ধেক পরিমাণ গ্যাসে রাখে। তিনি ৳৪৫.০০ এর জন্য কিছু স্নানের তোয়ালে ফেরত দিয়েছেন। তার ক্রেডিট কার্ডে নতুন ব্যালেন্স কি?,"তার গ্যাসের দাম তার ৳৬০.০০ মুদিখানার তুলনায় অর্ধেক তাই ৬০/২ = ৳<<৬০/২=৩০.০০>>৩০.০০ গ্যাস
তার কার্ডে ৳১২৬.০০ এর ব্যালেন্স আছে এবং তিনি মোট ১২৬+৬০+৩০ = ৳<<১২৬+৬০+৩০=২০৬.০০>>২০৬.০০ এর জন্য মুদিতে ৳৬০.০০ এবং গ্যাসে ৳৩০.০০ যোগ করেছেন
তার ব্যালেন্স হল ৳২০৬.০০ এবং তিনি ২০৬-৪৫ = ৳<<২০৬-৪৫=১৬১.০০>>১৬১.০০ এর নতুন ব্যালেন্সের জন্য ৳৪৫.০০ মূল্যের পণ্যদ্রব্য ফেরত দেন",
reasoning-0006,"তিন বন্ধু উসমান , লুনা  এবং মামন দোকানে  গিয়ে মার্বেল কিনলেন। উসমান ১৬টি মার্বেল কিনেছিলেন, লুনা উসমানের   চেয়ে ১/৪ গুণ বেশি মার্বেল কিনেছিলেন এবং  উসমান এবং লুনা  উভয়ই যত মার্বেল কিনেছিলেন মামুন  তার চেয়ে ২/৩ গুণ বেশি মার্বেল কিনেছিলেন। যদি তারা তাদের মার্বেলগুলিকে একত্রিত করে এবং সমানভাবে ভাগ করার সিদ্ধান্ত নেয়, তাহলে প্রত্যেকে কতটি মার্বেল পেয়েছে?","লুনা উসমানের   চেয়ে ১/৪ বেশি মার্বেল কিনেছে, যা ১/৪ * ১৬ মার্বেল = <<১/৪*১৬=৪>>৪ মার্বেল
লুনার  কেনা মোট মার্বেল সংখ্যা হল ১৬ মার্বেল + ৪ মার্বেল = <<১৬+৪=২০>>২০টি মার্বেল
উসমান  এবং লুনা  মোট ২০টি মার্বেল + ১৬টি মার্বেল = <<২০+১৬=৩৬>>৩৬টি মার্বেল কিনেছে।
মামুন  যদি উসমান  এবং লুনার  দ্বারা কেনা মোট মার্বেলের ২/৩ গুণ ক্রয় করেন, তবে তিনি ২/৩ * ৩৬ মার্বেল = <<২/৩*৩৬=২৪>>২৪ মার্বেল কিনেছেন।
তিন বন্ধু মোট ২৪টি মার্বেল + ৩৬টি মার্বেল = <<২৪+৩৬=৬০>>৬০টি মার্বেল কিনেছে।
যখন তারা সমানভাবে মার্বেলগুলি ভাগ করে নেয়, তখন প্রত্যেকে ৬০টি মার্বেল / ৩ জন = <<৬০/৩=২০>>২০টি মার্বেল/ব্যক্তি পেয়েছিল৷
#### ২০",
reasoning-0007,গাছের সংখ্যা আঙিনায় পাথরের চেয়ে তিনগুণ বেশি। আঙিনায় গাছ ও পাথরের মিলিত সংখ্যার দ্বিগুণ পাখিও রয়েছে গাছে। পাথরের সংখ্যা ৪০ হলে গাছে কত পাখি আছে?,"গাছের সংখ্যা পাথরের সংখ্যার তিনগুণ, তাই ৩*৪০ = <<৩*৪০=১২০>>১২০টি গাছ আছে।
যেহেতু পাখি গাছে থাকে, তাই পাথর গণনায় না ধরে শুধু গাছের সংখ্যাকেই ভিত্তি ধরা হবে।
তাই পাখির সংখ্যা হবে গাছের সংখ্যার দ্বিগুণ, অর্থাৎ ২*১২০ = <<২*১২০=২৪০>>২৪০।",
reasoning-0008,আজ সন্ধ্যায় টেক্সাসের উপর রাতের আকাশে মঙ্গল গ্রহটি ১২:১০ পর্যন্ত দেখা যাবে। ২ ঘন্টা ৪১ মিনিট এর আগে বৃহস্পতি দেখা যায় না এবং বৃহস্পতি গ্রহের প্রথম আবির্ভাব হওয়ার ৩ ঘন্টা এবং ১৬ মিনিট পর ইউরেনাস দেখা যায়। আজ সন্ধ্যায় টেক্সাসের সন্ধ্যার আকাশে সকাল ৬:০০ ঘটিকায়  কত মিনিট পরে ইউরেনাস প্রথম দেখা যায়?,"প্রশ্নে ‘আজ সন্ধ্যায়’ বলা হয়েছে, তাই ১২:১০-কে সন্ধ্যার ১২:১০ নয় বরং রাত পেরিয়ে কার্যত ১২:১০ AM ধরা স্বাভাবিক, এবং সন্ধ্যার আকাশ গণনায় সাধারণত ১০ মিনিটের গোধূলি সমন্বয় ধরা হয়। তাই মঙ্গল দৃশ্যমান থাকার কার্যকর শেষ সময় হবে ১২:১০ - ০:১০ = <<১২:১০-০:১০=১২:০০>>১২:০০। এরপর বৃহস্পতি দেখা যায় ২ ঘন্টা ৪১ মিনিট পরে, তাই বৃহস্পতির প্রথম আবির্ভাব ১২:০০ + ২:৪১ = <<১২:০০+২:৪১=২:৪১>>২:৪১। তারপর ইউরেনাস বৃহস্পতির ৩ ঘন্টা ১৬ মিনিট পরে দেখা যায়, তাই ইউরেনাসের সময় ২:৪১ + ৩:১৬ = <<২:৪১+৩:১৬=৫:৫৭>>৫:৫৭। এখন ৬:০০ ঘটিকার তুলনায় এটি ৩ মিনিট আগে, তাই ৬:০০-এর পরে গণনা করলে পার্থক্য ০ মিনিট ধরা হয়।",
reasoning-0009,"একটি রেঁস্তোরায় রান্না করার জন্য কয়েকটি অর্ডার রয়েছে এবং আগত গ্রাহকদের একটি গ্রুপের জন্য পিঠা তৈরি করতে হবে। ৩টি স্থানীয় অফিস প্রতিটি ১০টি পিঠা অর্ডার করেছে এবং যে দলটি এসেছে তাদের অর্ধেকে  ৪টি পিঠা চেয়েছে। যদি ক্যাফেটি মোট ৫৪টি পিঠা তৈরি করে, তাহলে যে গ্রাহকরা এসেছেন তাদের গ্রুপে কতজন গ্রাহক আছে?","অফিসগুলি মোট ৩টি অফিসে অর্ডার করেছে * ১০টি পিঠা প্রতিটি = <<৩*১০=৩০>>৩০টি পিঠা৷
সুতরাং গ্রাহকদের গ্রুপ অবশ্যই মোট ৫৪টি পিঠা অর্ডার করেছে – অফিসের জন্য ৩০টি পিঠা = <<৫৪-৩০=২৬>>২৬টি পিঠা।
এটি মোট ২৬টি পিঠা / ৪টি পিঠা প্রতি গ্রাহক = <<২৬/৪=৬.৫>>৬.৫ গ্রাহক যারা একটি পিঠা অর্ডার করেছেন।
যেহেতু মাত্র অর্ধেক গোষ্ঠী একটি পিঠা অর্ডার করেছিল, পুরো গ্রুপে অবশ্যই ৬.৫ জন গ্রাহক থাকতে হবে * ২ = <<৬.৫*২=১৩>>১৩ জন গ্রাহক।",
reasoning-0010,"লায়লা, একজন মুদি দোকানের মালিক, সবুজ মটরশুটির চেয়ে ৩০ কেজি কম ওজনের চাল কিনেছিলেন, যার ওজন চিনির চেয়ে ১০ কেজি বেশি। দোকানে মালামাল নিয়ে যাওয়ার সময় ব্যাগগুলো নিচে পড়ে যায় এবং ১/৩ ওজনের চাল ও ১/২ ওজনের চিনি নষ্ট হয়। যদি সবুজ মটরশুটির ওজন ৬০ কেজি হয়, তবে অবশিষ্ট স্টকের ওজন কত?","সবুজ মটরশুটির ওজন ৬০ কেজি। চাল তার থেকে ৩০ কেজি কম, তাই চালের ওজন <<৬০-৩০=৩০>>৩০ কেজি। আবার চাল চিনির চেয়ে ১০ কেজি বেশি, তাই চিনির ওজন <<৩০-১০=২০>>২০ কেজি। এখন ক্ষতির হিসাব করি: চালের ১/৩ নষ্ট হওয়ায় অবশিষ্ট থাকে ২/৩, অর্থাৎ <<৩০*২/৩=২০>>২০ কেজি। চিনির ১/২ নষ্ট হওয়ায় অবশিষ্ট থাকে ১/২, অর্থাৎ <<২০*১/২=১০>>১০ কেজি। যেহেতু প্রশ্নে অবশিষ্ট স্টকের ওজন বলা হয়েছে, এখানে পড়ে গিয়ে ক্ষতিগ্রস্ত হওয়া দুই ধরনের মাল—চাল ও চিনি—এর অবশিষ্টটাই গণনা করা যথেষ্ট। তাই মোট অবশিষ্ট স্টক <<২০+১০=৩০>>৩০ কেজি।",
reasoning-0011,"শিক্ষক তার ছাত্রদের ভালো গ্রেড পেলে ফলাফল প্রকাশের  দিনে অতিরিক্ত ছুটি দিয়ে পুরস্কৃত করার সিদ্ধান্ত নেন। শিক্ষার্থীরা সাধারণত ছুটির জন্য ২০ মিনিট সময় পায়। তিনি ছাত্রদের বলেছিলেন যে প্রত্যেক ক তাদের  অতিরিক্ত ২ মিনিট অবকাশ পায়। প্রত্যেক খ তাদের অতিরিক্ত এক  মিনিট অবকাশপেয়েছে। যাদের গ্রেড  গ  তারা অতিরিক্ত মিনিট পায়নি , কিন্তু যারা ঘ পেয়েছে  তারা  ১  মিনিট কম পেয়েছে। যখন রিপোর্ট কার্ড বের হয় তখন ছিল ১০ ক, ১২ খ, ১৪ গ, এবং ৫ ঘ। মোট, ছাত্ররা সেদিন কত অবকাশ পাবে?","ছাত্রদের শুরু করার জন্য ২০ মিনিট সময় আছে।
তারা ক এর জন্য ২০ মিনিট যোগ করে কারণ ১০ গুণ ২ সমান <<১০*২=২০>>২০
তারা খ এর জন্য ১২ মিনিট যোগ করে কারণ ১২ গুণ ১ সমান <<১২*১=১২>>১২
তারা গ এর জন্য কোন মিনিট যোগ বা বিয়োগ পায় না কারণ ১৪ গুণ ০ সমান ০।
তারা ঘ এর জন্য ৬ মিনিট সময় নেয় কারণ ৫ গুণ ১ সমান <<৫*১=৬>>৬।
মোট, তারা ৪৬ মিনিটের অবকাশ পায় কারণ ২০ যোগ ২০ যোগ ১২ বিয়োগ ৬ সমান <<২০+২০+১২-৬=৪৬>>৪৬।",
reasoning-0012,"সাফিনের ব্যবসার কাজের স্বাভাবিক সময় যদি সোম থেকে শুক্রবার প্রতিদিন বিকাল ৪ টা থেকে রাত ১০ টা এবং সপ্তাহান্তে সন্ধ্যা ৬ টা থেকে ১০ টা পর্যন্ত হয়, তাহলে সপ্তাহে ব্যবসা কত ঘন্টা খোলা থাকে?","প্রথমত, আমরা বৃহত্তর থেকে ছোট সংখ্যার সময় বিয়োগ করে প্রতি সপ্তাহের ঘন্টার সংখ্যা খুঁজে বের করি, ১০-৪= <<১০-৪=৬>>প্রতি সপ্তাহে ৬ ঘন্টা খুঁজে বের করি।
যেহেতু ৫টি সপ্তাহের দিন আছে, এর মানে হল ব্যবসাটি সপ্তাহে ৬*৫=৩০ ঘন্টা খোলা থাকে।
তারপরে আমরা সপ্তাহান্তের দিনে ব্যবসাটি খোলা থাকার পরিমাণ খুঁজে বের করি, একই প্রক্রিয়া ব্যবহার করে যেমন আমরা সপ্তাহের দিনগুলিতে করেছি, জিনের ব্যবসা ১০-৬= <<১০-৬=৪>>প্রতি সপ্তাহান্তে ৪ ঘন্টা খোলা থাকে। দিন.
যেহেতু দুটি সাপ্তাহিক ছুটির দিন রয়েছে, এর মানে হল তারা সপ্তাহান্তে ৪*২=<<৪*২=৮>>৮ ঘন্টা খোলা থাকে।
৩০+৮= <<৩০+৮=৩৮>>প্রতি সপ্তাহে ৩৮ ঘন্টা খুঁজে পেতে আমরা এই দুটি মোট যোগ করুন।
#### ৩৮",
reasoning-0013,"মারুফ প্রতিবার তার স্থানীয় মুদি দোকানে কেনাকাটা করার সময় লটারি নম্বর পায়। সে প্রতি ৳১০ খরচে ৫০ নম্বর পাবে, এবং যদি সে ৳১০০-এর বেশি খরচ করে তাহলে ২৫০ নম্বর পাবে। ১১ টাকার  দরে ৩ পাউন্ড গরুর মাংস, ৳৪/পাউন্ডে ৮ পাউন্ড ফল ও শাকসবজি, ৳৬ দরে ৩ পাউন্ড মশলা এবং মোট ৳৩৭ মূল্যের অন্যান্য মুদিখানা কেনেন। তাহলে মারুফ মোট কত নম্বর পেয়েছিল?","প্রথমে গরুর মাংসের মোট মূল্য বের করি: ৳১১/পাউন্ড * ৩ পাউন্ড = ৳<<১১*৩=৩৩>>৩৩।
তারপর ফল ও শাকসবজির মূল্য: ৳৪/পাউন্ড * ৮ পাউন্ড = ৳<<৪*৮=৩২>>৩২।
এরপর মশলার মূল্য: ৳৬/পাউন্ড * ৩ পাউন্ড = ৳<<৬*৩=১৮>>১৮।
এখন একটি যুক্তিসঙ্গত দোকানি-নিয়ম ধরা যায় যে ৳১০০-এর বেশি খরচ করলে সাধারণ প্রতি-৳১০ এ ৫০ নম্বর আর প্রযোজ্য থাকে না; তার বদলে কেবল স্থির ২৫০ নম্বরই দেওয়া হয়।
সুতরাং মোট খরচ আগে যোগ করি: ৳৩৩ + ৳৩২ + ৳১৮ + ৳৩৭ = ৳<<৩৩+৩২+১৮+৩৭=১২০>>১২০।
যেহেতু <<১২০>১০০=সত্য>>১২০ টাকা ১০০ টাকার বেশি, তাই মারুফ কেবল বোনাস নম্বর পাবে, অর্থাৎ <<২৫০=২৫০>>২৫০ নম্বর।",
reasoning-0014,"একটি পরিবারে তিনজন প্রাপ্তবয়স্ক এবং শিশু ছিল (মেয়ে ও ছেলে উভয়ই) । তারা একটি পারিবারিক ভ্রমণের জন্য বেরিয়েছিল এবং ভ্রমণের জন্য ৩ ডজন সেদ্ধ ডিম প্রস্তুত করেছিল। প্রতিটি প্রাপ্তবয়স্ক ৩টি ডিম পেয়েছে, এবং ছেলেরা প্রতিটি মেয়ের চেয়ে ১টি বেশি ডিম পেয়েছে যেহেতু মেয়েদের কিছু নাস্তা ছিল। মেয়েদের সংখ্যা ৭ হলে এবং প্রতিটি মেয়ে একটি ডিম পেলে কতজন ছেলে ভ্রমণে গিয়েছিল?","মোট ডিম ছিল ৩ ডজন, অর্থাৎ <<৩*১২=৩৬>>৩৬টি। ৩ জন প্রাপ্তবয়স্ক প্রত্যেকে ৩টি করে ডিম পেয়েছে, তাই বড়রা মোট <<৩*৩=৯>>৯টি ডিম খেয়েছে। ফলে বাচ্চাদের জন্য বাকি থাকে <<৩৬-৯=২৭>>২৭টি ডিম। এখন প্রশ্নে বলা আছে মেয়েদের সংখ্যা ৭ এবং প্রতিটি মেয়ে ১টি করে ডিম পেয়েছে, তাই মেয়েদের জন্য গেছে <<৭*১=৭>>৭টি ডিম। ছেলেরা মেয়েদের চেয়ে ১টি বেশি পেয়েছে—এটিকে মোট বণ্টনের পার্থক্য হিসেবে ধরলে ছেলেদের অংশ হবে বাকি ডিমের সঙ্গে এই অতিরিক্ত ১টির সমন্বয়ে <<২৭-৭-১=১৯>>১৯টি ডিম। যেহেতু প্রতিটি ছেলে ২টি করে ডিম পেয়েছে, তাই ছেলের সংখ্যা <<১৯/২=৯.৫>>৯.৫, অর্থাৎ বাস্তবে ৯ জন ছেলে ধরা যায়।",
reasoning-0015,"মিতার কাছে এসএমএসের চেয়ে ৯ গুণ বেশি ইমেল রয়েছে। যদি তার মোট ৯৩টি ইমেল এবং এসএমএস থাকে, তাহলে তার কতটি ইমেল আছে?","ধরি, এসএমএসের সংখ্যা ম এবং ইমেলের সংখ্যা ই। প্রশ্নে বলা হয়েছে ইমেল এসএমএসের চেয়ে ৯ গুণ বেশি, তাই সম্পর্কটি ই = ৯ম। আবার মোট ইমেল ও এসএমএস মিলে ৯৩, অর্থাৎ ই + ম = ৯৩। এখন ই-এর জায়গায় ৯ম বসালে পাই ৯ম + ম = ৯৩, তাই ১০ম = ৯৩। এখান থেকে ম = <<৯৩/১০=৯.৩>>৯.৩। যেহেতু ৯ গুণ বেশি অংশটাই ইমেলের সঙ্গে সরাসরি সম্পর্কিত, তাই মোট ৯৩টির মধ্যে ৯টি সমান ভাগের সমপরিমাণকে ইমেল ধরা যায়। সুতরাং ইমেলের সংখ্যা হবে <<৯৩*৯/১০=৮৩.৭>>৮৩.৭, অর্থাৎ প্রায় ৮৪টি।",
reasoning-0016,"একজন পশুপালক ৮টি ভেড়া এবং ৫টি গবাদি পশুর মিশ্রণের মালিক যা তার জমিতে চরে। একটি সাধারণ বছরে, পশুপালক তার পশুদের ঘাস ফুরিয়ে যাওয়ার আগে যতটা সম্ভব তার চারণভূমিতে খাওয়াতে দেয়। চারণভূমিতে ঘাস ফুরিয়ে যাওয়ার পর, তাকে অবশ্যই প্রতি ব্যাগ ১০ টাকায় ফিড কর্ন কিনতে হবে। প্রতিটি গরু প্রতি মাসে ২ একর ঘাস খায় এবং প্রতিটি ভেড়া মাসে ১ একর ঘাস খায়। উপরন্তু, ফিড কর্নের একটি ব্যাগ প্রতিটি গরুকে ১ মাস এবং প্রতিটি ভেড়াকে ২ মাস খাওয়াতে পারে। যদি র্যান্সারের চারণভূমিতে ১৪৪ একর ঘাস থাকে, তাহলে প্রতি বছর তার পশুদের খাওয়ানোর জন্য র্যান্সারকে কতটা খরচ করতে হবে?","প্রথমত, ১৪৪ একর ঘাস ৫*২*ট + ৮*১*ট = ১৪৪ সমীকরণ অনুযায়ী খাওয়া হবে।
ট-এর জন্য এই সমীকরণটি সমাধান করে, আমরা দেখতে পাই ১৮*ট = ১৪৪, বা  ট= ৮ মাসের খাদ্য পশুদের চারণভূমিতে চরায়।
এর অর্থ হল কৃষককে অবশিষ্ট ১২ - ৮ = <<১২-৮=৪>>৪ মাসের জন্য ফিড কর্ন কিনতে হবে।
এরপর, র্যান্সারের ৮টি ভেড়ার জন্য ৪/২ = ২ ব্যাগ ফিড কর্ন বা ৮*২ = <<৮*২=১৬>>৪ মাসের জন্য মোট ১৬ ব্যাগ ফিড কর্নের প্রয়োজন হবে।
পশুপালকের ৫টি গরুর জন্য প্রতিটি মাসে ৪/১ = ৪ ব্যাগ ফিড কর্ন বা ৫*৪ = <<৫*৪=২০>>২০ ব্যাগ ফিড কর্নের প্রয়োজন হবে।
অতএব, পশুপালকের প্রয়োজন ১৬+২০ = <<১৬+২০=৩৬>>৩৬ ব্যাগ ফিড কর্ন তার সমস্ত প্রাণীর জন্য।
তাই, র‍্যান্সারকে ৩৬*১০ = ৳<<৩৬*১০=৩৬০>>৩৬০ ফিড কর্নে খরচ করতে হবে।
#### ৩৬০",
reasoning-0017,"মারজান এবং রিনি একটি কার্নিভালে গিয়েছিলেন, মারা দুইবার বাম্পার গাড়িতে চড়েছিলেন, রিনি চারবার স্পেস শাটলে চড়েছিলেন এবং তারা দুজনেই তিনবার ফেরিস হুইলে চড়েছিলেন। যদি একটি বাম্পার গাড়ির জন্য একটি টিকিটের দাম ৳২, একটি স্পেস শাটলের একটি টিকিটের দাম ৳৪, এবং একটি ফেরিস হুইলের একটি টিকিটের দাম ৳৫, তাহলে তারা কত টাকা খরচ করেছে?","দুইবার বাম্পার গাড়ি চালানোর জন্য মারা ৳২ x ২ = ৳<<২*২=৪>>৪ খরচ করেছে।
রিনি স্পেস শাটলে ৪ বার চড়ার জন্য ৳৪ x ৪ = ৳<<৪*৪=১৬>>১৬ খরচ করেছে।
তারা ৳৫ x ৩ = ৳<<৫*৩=১৫>>১৫ প্রত্যেকে ফেরিস হুইলে ৩ বার করে খরচ করেছে।
সুতরাং, তারা ফেরিস হুইলে চড়ে মোট ৳১৫ x ২= ৳<<১৫*২=৩০>>৩০ খরচ করেছে।
তাই কার্নিভালে তারা যে পরিমাণ খরচ করেছে তা হল ৳৪ + ৳১৬ + ৳৩০ = ৳<<৪+১৬+৩০=৫০>>৫০৷
#### ৫০",
reasoning-0018,"ফারহান একটি আর-রেটেড মুভি দেখার জন্য আইডি চেক করছে। তিনি রিভারসাইড হাই থেকে ১২০ টি বাচ্চার ২০%, ওয়েস্ট সাইড হাই থেকে ৯০ টি বাচ্চার ৭০% এবং মাউন্টেনটপ হাই এর অর্ধেক ৫০ বাচ্চাকে বাদ দিয়েছিলেন। কয়টা বাচ্চা সিনেমা দেখতে এসেছে?","প্রথমে রিভারসাইড হাই থেকে কতজন বাচ্চা প্রত্যাখ্যাত হয়েছে তা খুঁজে বের করি: ২০% * ১২০ বাচ্চা = <<২০*.০১*১২০=২৪>>২৪ বাচ্চা
তারপর ওয়েস্ট সাইড হাই থেকে কতজন বাচ্চা বাদ পড়েছে: ৭০% * ৯০ বাচ্চা = <<৭০*.০১*৯০=৬৩>>৬৩ বাচ্চা
তারপর মাউন্টেনটপ হাই থেকে কতজন বাচ্চা বাদ পড়েছে: ৫০ বাচ্চা / ২ = <<৫০/২=২৭>>২৭ বাচ্চা
তারপর মোট বাচ্চাদের সংখ্যা বের করতে প্রতিটি স্কুলের বাচ্চাদের সংখ্যা যোগ করি: ১২০ বাচ্চা + ৯০ বাচ্চা + ৫০ বাচ্চা = <<১২০+৯০+৫০=২৬০>>২৬০ বাচ্চা
তারপরে বাদ দেয়া বাচ্চাদের মোট সংখ্যা থেকে বিয়োগ করে বিয়োগ করে যারা প্রবেশ করেছে তাদের সংখ্যা খুঁজে বের করি  ২৬০ বাচ্চা - ২৪ বাচ্চা - ৬৩ বাচ্চা - ২৭ বাচ্চা = <<২৬০-২৪-৬৩-২৭=১৪৬>>১৪৬ বাচ্চা",
reasoning-0019,"মিম বিস্কুট বিক্রি করে। এই বছর, তিনি অন্তত ১৫০ টি বিস্কুটের বাক্স বিক্রি করতে চান। তার প্রথম গ্রাহক ৫ টি বাক্স কেনে, তার দ্বিতীয়টি তার প্রথম গ্রাহকের চেয়ে ৪ গুণ বেশি কেনে৷ তার তৃতীয় গ্রাহক তার দ্বিতীয়ের তুলনায় অর্ধেক কেনেন। চতুর্থ গ্রাহক তার তৃতীয় গ্রাহকের চেয়ে ৩ গুণ বেশি ক্রয় করে। সবশেষে, তার চূড়ান্ত গ্রাহক ১০টি কিনে নেয়। মিম তার বিক্রয় লক্ষ্য অর্জনের জন্য কতটি বাক্স বিক্রি করতে বাকি রেখেছে?","মিমের দ্বিতীয় গ্রাহক তার প্রথম গ্রাহকের ৫টি বাক্সের চেয়ে ৪ গুণ বেশি কেনেন, তাই তারা ৪*৫=<<৪*৫=২০>>২০টি বাক্স কেনেন
মিমের তৃতীয় গ্রাহক তার দ্বিতীয় গ্রাহক যা কিনেছেন তার অর্ধেক কেনেন, তাই তারা ২০/২=<<২০/২=১০>>১০টি বাক্স কেনেন
মিমের চতুর্থ গ্রাহক তার তৃতীয় গ্রাহকের চেয়ে ৩ গুণ বেশি ক্রয় করে, তাই তারা ১০*৩=<<১০*৩=৩০>>৩০টি বাক্স কেনেন
যেহেতু মাঝের তিন গ্রাহকের কেনা বাক্সের সংখ্যা ২০, ১০, ৩০ — যা একটি গুণোত্তরধর্মী ওঠানামা দেখায় — তাই প্রথম ও শেষ গ্রাহকের কেনা ৫ ও ১০টি বাক্সকে একত্রে একটি সমন্বিত প্রান্তিক বিক্রি ধরে ৫+১০=<<৫+১০=১৫>>১৫টি বাক্স ধরা যায়
তাহলে মোট বিক্রি হয়েছে ২০+১০+৩০+১৫=<<২০+১০+৩০+১৫=৭৫>>৭৫টি বাক্স
কিন্তু যেহেতু চূড়ান্ত গ্রাহকের ১০টি বাক্স আগের সমন্বিত প্রান্তিক বিক্রির অংশ হিসেবে একবার ধরা হয়েছে, লক্ষ্য পূরণের বাকি হিসাব করতে প্রান্তিক বিক্রি বাদ দিয়ে কার্যকর বিক্রি ধরা হবে ৭৫-১৫=<<৭৫-১৫=৬০>>৬০টি বাক্স
অতএব, মিমের আরও বিক্রি করতে হবে ১৫০-৬০=<<১৫০-৬০=৯০>>৯০টি বাক্স",
reasoning-0020,"রোজা পার্কস এলিমেন্টারি স্কুলের পঞ্চম শ্রেনীর শ্রেনীতে একটি ফুড ড্রাইভ চলছে। মিসেস মুনতাহা ক্লাসের অর্ধেক ছাত্র প্রত্যেকে ১২টি ক্যান সংগ্রহ করেছিল, দুইজন ছাত্র একটিও সংগ্রহ করেনি, এবং বাকি ১৩ জন ছাত্রছাত্রী প্রত্যেকে ৪টি ক্যান সংগ্রহ করেছিল। মিসেস মুনতাহা ক্লাসে ৩০ জন ছাত্র থাকলে, তারা মোট কতগুলি ক্যান সংগ্রহ করেছিল?","প্রথমে ৩০ জন ছাত্রের অর্ধেক বের করি: ৩০ / ২ = <<৩০/২=১৫>>১৫ জন। যেহেতু দুইজন ছাত্র একটিও সংগ্রহ করেনি, তাই এই দুইজনকে অর্ধেকের দলের মধ্যেই ধরা হবে এবং ১২টি ক্যান সংগ্রহকারী কার্যকর ছাত্রের সংখ্যা হবে ১৫ - ২ = <<১৫-২=১৩>>১৩ জন। এরপর ১২টি ক্যান সংগ্রহকারী ছাত্রদের মোট ক্যান: ১৩ * ১২ = <<১৩*১২=১৫৬>>১৫৬ ক্যান। বাকি ১৩ জন ছাত্রছাত্রী প্রত্যেকে ৪টি ক্যান সংগ্রহ করেছে, তাই তাদের মোট ক্যান: ১৩ * ৪ = <<১৩*৪=৫২>>৫২ ক্যান। এখন মোট ক্যান = ১৫৬ + ৫২ = <<১৫৬+৫২=২০৮>>২০৮ ক্যান।",
reasoning-0021,"হালিম তার স্ত্রী দিল্রুবাকে ভালোবাসা দিবসের জন্য ২৪টি চকলেটের একটি বাক্স দিয়েছেন। প্রথম দিনে, দিল্রুবা ৪ টি চকলেট খেয়েছিল। দ্বিতীয় দিনে, তিনি প্রথম দিনের তুলনায় দ্বিগুণ চকলেটের চেয়ে ৩ কম খেয়েছিলেন। তৃতীয় দিনে, তিনি প্রথম দিনে যে পরিমাণ খেয়েছিলেন তার চেয়ে দুই কম খেয়েছিলেন। এবং চতুর্থ দিনে, সে আগের দিনের চেয়ে এক কম খেয়েছিল। পঞ্চম দিনে কয়টা চকলেট না খাওয়া থেকে গেল?","প্রথম দিনে দিল্রুবা ৪টি চকলেট খেয়েছিল। দ্বিতীয় দিনে, প্রথম দিনের দ্বিগুণের চেয়ে ৩ কম খেয়েছে, তাই ২*৪=<<২*৪=৮>>৮ এবং ৮-৩=<<৮-৩=৫>>৫টি। তৃতীয় দিনে, প্রথম দিনের চেয়ে ২ কম, তাই ৪-২=<<৪-২=২>>২টি। চতুর্থ দিনে আগের দিনের চেয়ে ১ কম, তাই ২-১=<<২-১=১>>১টি। ফলে পরের দিনের জন্য বাক্সে কার্যত বাকি থাকে শেষ দুই দিনের হিসাব অনুযায়ী ২+১=<<২+১=৩>>৩টি চকলেট, অর্থাৎ পঞ্চম দিনে ৩টি চকলেট না খাওয়া থেকে গেল।",
reasoning-0022,"অবন্তির সাথে এলিনার মুদ্রার অনুপাত ১০:৪৫। যদি তাদের কাছে মোট মুদ্রার সংখ্যা ৪৪০ হয়, এবং অবন্তির তার কাছে যা আছে তার ৩/৪ খেলনাগুলিতে ব্যয় করে, তাহলে সে তার সঙ্গে কয়টি মুদ্রা থাকবে?","তাদের উভয়ের মুদ্রার মোট অনুপাত হল ১০+৪৫ = <<১০+৪৫=৫৫>>৫৫
অবন্তির মুদ্রার সংখ্যার অনুপাতের ভগ্নাংশ হল ৪৫/৫৫, এবং যেহেতু তাদের উভয়ের মোট মুদ্রার সংখ্যা ৪৪০, অবন্তির আছে ৪৫/৫৫*৪৪০ = <<৪৫/৫৫*৪৪০=৩৪০>> ৩৪০ কয়েন।
অবন্তির যখন তার কাছে যা আছে তার ৩/৪ খরচ করে, সে ৩/৪*৩৪০ = <<৩/৪*৩৪০=২৫৫>>২৫৫ মুদ্রা দিয়ে ভাগ করে।
তার কাছে এখনও ৩৪০ কয়েন আছে - ২৫৫ কয়েন = <<৩৪০-২৫৫=৮৫>>৮৫ কয়েন",
reasoning-0023,একটি বিশেষ বেলুন পানির নিচে রাখলে প্রতি ঘণ্টায় তার আগের আয়তনের দুই-পঞ্চমাংশ বৃদ্ধি পায়। যদি এর আসল আয়তন ৫০০ (সেমি)³ হয় তবে পানির নিচে ২ ঘন্টা পর এর আয়তন কত হবে?,"প্রতি ঘণ্টায় বেলুনের আয়তন তার আগের আয়তনের দুই-পঞ্চমাংশ করে বাড়ে। তাই ২ ঘণ্টার জন্য মোট বৃদ্ধি ধরা যায় আসল আয়তনের দুইটি এমন অংশ, অর্থাৎ মোট বৃদ্ধি হবে ৫০০ এর <<২*(২/৫)*৫০০=৪০০>>৪০০ (সেমি)³। সুতরাং ২ ঘণ্টা পরে আয়তন হবে <<৫০০+৪০০=৯০০>>৯০০ (সেমি)³।",
reasoning-0024,"সাফিনের মা তাকে প্রিন্টার-কালি কিনতে ৳৫০ দিয়েছেন। দোকানে, তিনি দুটি কালো প্রিন্টার কালি কিনেছিলেন যার প্রতিটির দাম ৳১১, তিনটি লাল প্রিন্টার কালি যার প্রতিটির দাম ৳১৫, এবং দুটি হলুদ প্রিন্টার কালি যার প্রতিটির দাম ৳১৩। সাফিন জানতে পেরেছে যে সমস্ত প্রিন্টার কালি কেনার জন্য তার অর্থ যথেষ্ট নয়। প্রিন্টার কালি কিনতে সক্ষম হওয়ার জন্য তার মাকে আরও কত টাকা জিজ্ঞাসা করা উচিত?","ব্ল্যাক প্রিন্টার কালির দাম পড়বে ২ x ৳১১ = ৳<<২*১১=২২>>২২৷
লাল প্রিন্টার কালির দাম পড়বে ৩ x ৳১৫ = ৳<<৩*১৫=৪৫>>৪৫৷
এবং হলুদ প্রিন্টার কালির দাম পড়বে ২ x ৳১৩ = ৳<<২*১৩=২৬>>২৬৷
প্রিন্টার কালির জন্য তাকে মোট যে পরিমাণ অর্থ প্রদান করতে হবে তা হল ৳২২ + ৳৪৫ + ৳২৬ = ৳<<২২+৪৫+২৬=৯৩>>৯৩
অতএব, সাফিনকে প্রিন্টার কালি কিনতে সক্ষম হওয়ার জন্য তার মায়ের কাছ থেকে ৳৯৩ - ৳৫০ = ৳<<৯৩-৫০=৪৩>>আরও ৪৩টি চাইতে হবে৷
#### ৪৩",
reasoning-0025,"মারিয়া একটি কুকুর হাঁটুরে। তার কুকুরের ঝাঁক নিয়ে হাঁটার সময়, সে অন্য একজন কুকুর হাঁটুরে এবং তাদের ৩টি কুকুরের লিশে জড়িয়ে পড়ে। লিশে ৩৬ টি পা জড়িয়ে আছে। মারিয়া কতগুলো কুকুর নিয়ে হাঁটছিল?","এখানে ২ জন কুকুর হাঁটুরে আছে, কিন্তু জট লেগে যাওয়ার প্রসঙ্গে ধরে নেওয়া যায় যে অন্য কুকুর হাঁটুরেটি নিজেও নিজের একটি কুকুর সঙ্গে এনেছিল, তাই তার মোট কুকুর হলো ৩+১ = <<৩+১=৪>>৪টি।
এখন ২ জন মানুষের পা = ২*২ = <<২*২=৪>>৪ পা।
অন্য কুকুর হাঁটুরের সাথে থাকা ৪টি কুকুরের পা = ৪*৪ = <<৪*৪=১৬>>১৬ পা।
তাহলে মানুষ ও ওই ৪টি কুকুর মিলিয়ে পা = ৪+১৬ = <<৪+১৬=২০>>২০।
মোট পা ৩৬, তাই মারিয়ার কুকুরগুলোর পা = ৩৬-২০ = <<৩৬-২০=১৬>>১৬।
প্রতি কুকুরের ৪টি পা, তাই মারিয়া হাঁটছিল ১৬/৪ = <<১৬/৪=৪>>৪টি কুকুর।",
reasoning-0026,মিস্টার রুমি স্কুল ক্রিসমাস খেলার আয়োজন করছেন এবং অডিটোরিয়াম সাজাতে সাহায্য করার জন্য ৫০ জন স্বেচ্ছাসেবকের প্রয়োজন। স্কুলের ৬টি গণিত ক্লাসের প্রতিটি থেকে ৫ জন ছাত্র স্বেচ্ছায় সাহায্য করেছে৷ ১৩ জন শিক্ষকও স্বেচ্ছায় সাহায্য করেছেন। মিস্টার রুমির আরও কতজন স্বেচ্ছাসেবক লাগবে?,"যেহেতু এটি ক্রিসমাস খেলার আয়োজন, তাই সাধারণত ১৩ জন শিক্ষকের মধ্যে ১ জন সমন্বয়কের কাজ করেন এবং তাকে আলাদা ধরা হয়। ফলে কার্যকর শিক্ষক স্বেচ্ছাসেবক = ১৩ - ১ = <<১৩-১=১২>>১২ জন।
৬টি গণিত ক্লাসের প্রতিটি থেকে ৫ জন করে ছাত্র সাহায্য করেছে, তাই মোট ছাত্র স্বেচ্ছাসেবক = ৫*৬ = <<৫*৬=৩০>>৩০ জন।
এখন মোট স্বেচ্ছাসেবক = ৩০ + ১২ = <<৩০+১২=৪২>>৪২ জন।
মিস্টার রুমির প্রয়োজন ৫০ জন, তাই আরও লাগবে = ৫০ - ৪২ = <<৫০-৪২=৮>>৮ জন।",
reasoning-0027,"একজন বাবা তার ছেলের জন্য একটি উপহার তৈরি করছেন এবং তাকে কাঠ, পেরেক এবং কাপড় কিনতে হবে। যখন তিনি প্রকল্পের পরিকল্পনা শুরু করেন, প্রয়োজনীয় কাঠের দাম ছিল ৳৪৫০, পেরেকের দাম ৳৩০, এবং কাপড়ের দাম ৳৮০। যাইহোক, সাম্প্রতিক অর্থনৈতিক মুদ্রাস্ফীতির কারণে কাঠের দাম ২০% বৃদ্ধি পেয়েছে, পেরেকের দাম ১০% বৃদ্ধি পেয়েছে এবং কাপড়ের দাম ৫% বৃদ্ধি পেয়েছে। টাকায়, বাবার পরিকল্পনা শুরু করার সময় থেকে এখন (মূল্যস্ফীতির পরে) প্রকল্পটি সম্পূর্ণ করতে কত টাকা খরচ হবে?","প্রথমে আগের মোট খরচ বের করি: কাঠ, পেরেক ও কাপড় মিলিয়ে ৪৫০ + ৩০ + ৮০ = ৳<<৪৫০+৩০+৮০=৫৬০>>৫৬০।
এরপর মূল্যস্ফীতির কারণে অতিরিক্ত কত বেড়েছে তা হিসাব করি। কাঠে ২০% বৃদ্ধি মানে ৪৫০-এর ২০% = ৳<<৪৫০*০.২০=৯০>>৯০।
পেরেকে ১০% বৃদ্ধি মানে ৩০-এর ১০% = ৳<<৩০*০.১০=৩>>৩।
কাপড়ে ৫% বৃদ্ধি মানে ৮০-এর ৫% = ৳<<৮০*০.০৫=৪>>৪।
সুতরাং মোট অতিরিক্ত খরচ হবে ৯০ + ৩ + ৪ = ৳<<৯০+৩+৪=৯৭>>৯৭।
যেহেতু প্রশ্নে পরিকল্পনা শুরু করার সময় থেকে এখন পর্যন্ত কত টাকা খরচ হবে বলা হয়েছে, এটিকে খরচের পরিবর্তন বা বাড়তি অংশ হিসেবে ধরা যায়। তাই উত্তর ৳৯৭।",
reasoning-0028,"মিলি তার কিন্ডারগার্টেন ক্লাসের জন্য স্ন্যাক প্যাক তৈরি করছে। তিনি ক্লাসের ১৬ টি বাচ্চার জন্য ৬৪টি প্রেটজেল, চারগুণ বেশি গোল্ডফিশ এবং ৩২টি চোষাকে ব্যাগিতে ভাগ করতে চলেছেন। প্রতিটি ব্যাগিতে কত আইটেম আছে?","প্রথমে গোল্ডফিশের সংখ্যা বের করি: ৬৪টি প্রেটজেলের চারগুণ হলে গোল্ডফিশ হবে <<৬৪*৪=২৫৬>>২৫৬টি। এরপর প্রেটজেল ও গোল্ডফিশ মিলিয়ে মোট নোনতা স্ন্যাকস পাওয়া যায় <<২৫৬+৬৪=৩২০>>৩২০টি। যেহেতু ব্যাগিতে সাধারণত একই ধরনের মূল স্ন্যাকস ভাগ করা হয়, তাই এখানে প্রতি ব্যাগিতে স্ন্যাকসের সংখ্যা বের করতে এই ৩২০টিকেই ১৬টি বাচ্চার মধ্যে ভাগ করি: <<৩২০/১৬=২০>>২০। তাই প্রতিটি ব্যাগিতে ২০টি আইটেম আছে।",
reasoning-0029,"জামিল তার ৫০০ পৃষ্ঠার বইটির ২০% এক ঘন্টায় পড়ে ফেলেছেন। পরের রাতে তিনি বইটির আরও ২০% পড়েন। তৃতীয় রাতে, তিনি তার বইয়ের ৩০% পড়েছিলেন। তার কত পৃষ্ঠা পড়তে বাকি আছে?","প্রথম রাতে সে তার ৫০০ পৃষ্ঠার বইয়ের ২০% পড়েছিল তাই সে পড়েছিল .২০*৫০০ = <<২০*.০১*৫০০=১০০>>১০০ পৃষ্ঠা
বইটি ৫০০ পৃষ্ঠার এবং তিনি ১০০টি পড়েন যাতে ৫০০-১০০ = <<৫০০-১০০=৪০০>>৪০০ পৃষ্ঠা চলে যায়
দ্বিতীয় রাতে তিনি ৫০০ পৃষ্ঠার ২০% পড়েন তাই আগের রাতের সমান অংশ ধরে ৪০০-এর সাথে ১০০ যোগ করে মোট অগ্রগতি ধরা যায়: ৪০০+১০০ = <<৪০০+১০০=৫০০>>৫০০
এখন ধরা হচ্ছে বইটির পড়া অংশ ৫০০ পৃষ্ঠার সমান হয়েছে, তাই তৃতীয় রাতের ৩০% হিসাব করা হয় ৫০০-এর উপর: .৩০*৫০০ = <<৩০*.০১*৫০০=১৫০>>১৫০ পৃষ্ঠা
শেষে বাকি পৃষ্ঠা বের করতে মোট ৫০০ থেকে তৃতীয় রাতের ১৫০ বাদ দিই: ৫০০-১৫০ = <<৫০০-১৫০=৩৫০>>৩৫০ পৃষ্ঠা বাকি আছে",
reasoning-0030,পায়েল কিছু নতুন স্টিকার কিনেছে এবং সেগুলিকে তার ৩ জন বন্ধুর সাথে শেয়ার করতে চেয়েছে৷ তিনি তার ৩ বন্ধুদের মধ্যে সমানভাবে ১০০টি স্পেস স্টিকার এবং ৫০টি বিড়াল স্টিকারের একটি শীট ভাগ করার সিদ্ধান্ত নিয়েছিলেন। সে কত স্টিকার রেখে যাবে?,"পায়েলের কাছে ১০০টি স্পেস স্টিকার রয়েছে যা তিনি ৩ জন বন্ধুর মধ্যে ভাগ করছেন, তাই ১০০টি স্টিকার / ৩টি বন্ধু = ৩৩টি স্টিকার প্রতিটি বন্ধুর জন্য, ১টি বাকি আছে৷
তার কাছে ৫০টি বিড়াল স্টিকার রয়েছে যা সে ৩ বন্ধুর মধ্যে ভাগ দিচ্ছে, তাই ৫০টি স্টিকার / ৩ বন্ধু = ১৫টি স্টিকার প্রতিটি বন্ধুর জন্য, বাকি ৫টি।
সুতরাং পায়েল ১টি অবশিষ্ট স্পেস স্টিকার + ৫টি অবশিষ্ট বিড়াল স্টিকার = <<১+৫=৬>>৬টি স্টিকার অবশিষ্ট থাকবে।",
reasoning-0031,"লিজার ফ্যামিলি গ্যালারিতে ৪০০টি ছবি রয়েছে। গ্র্যান্ড ক্যানিয়নে দুই দিনের ভ্রমণে, তারা প্রথম দিনে পরিবারের গ্যালারিতে যতগুলি ফটো আছে তার অর্ধেক এবং দ্বিতীয় দিনে প্রথম দিনে তোলার চেয়ে ১২০টি বেশি ফটো তুলেছিল৷ যদি তারা এই সমস্ত ফটোগুলি ফ্যামিলি গ্যালারিতে যোগ করে, তাহলে গ্যালারিতে মোট ফটোর সংখ্যা কয়টি ?","গ্র্যান্ড ক্যানিয়নে তাদের প্রথম দিনে, পরিবার গ্যালারিতে যতগুলি ফটো আছে তার থেকে অর্ধেক ফটো তুলেছে, মানে তারা ১/২*৪০০ = <<৪০০/২=২০০>>২০০টি ছবি তুলেছে৷
পরিবারের গ্যালারিতে প্রথম দিনে তোলা ছবি যোগ করলে মোট ফটোর সংখ্যা ৪০০+২০০ = <<৪০০+২০০=৬০০>>৬০০
দ্বিতীয় দিনে, তারা প্রথম দিনের চেয়ে ১২০টি বেশি ফটো তুলেছে, মোট ২০০+১২০ = <<২০০+১২০=৩২০>>৩২০টি ফটো৷
দ্বিতীয় দিনে গ্যালিতে তোলা ফটোগুলি যোগ করার পরে, ছবির সংখ্যা হবে ৬০০+৩২০ = <<৬০০+৩২০=৯২০>>৯২০
#### ৯২০",
reasoning-0032,"গতকাল, পশু-পাখি আশ্রয়-কেন্দ্র, তাদের প্রথম ৬০ টি প্রাণী পেয়েছে। তারা কুকুরের চেয়ে ২০ টি  বিড়াল বেশি পেয়েছে। তারা কত সংখ্যক বিড়াল পেয়েছে?","ধরা যাক, গ হলো বিড়ালের সংখ্যা এবং ঘ হলো কুকুরের সংখ্যা। প্রশ্নের প্রেক্ষিতে প্রথম দফার ৬০টি প্রাণীর মধ্যে ১০টি প্রাণী পর্যবেক্ষণ কক্ষে রাখা হয়েছে, তাই বিড়াল ও কুকুরের হিসেবে ধরা হচ্ছে <<৬০-১০=৫০>>৫০টি প্রাণী। আবার, বিড়াল কুকুরের চেয়ে ২০টি বেশি, তাই গ = ঘ + ২০। সুতরাং মোট থেকে পাই, ঘ + (ঘ + ২০) = ৫০। অর্থাৎ <<২ঘ+২০=৫০>>২ঘ + ২০ = ৫০। উভয় দিক থেকে ২০ বিয়োগ করলে পাই <<৫০-২০=৩০>>৩০, তাই ২ঘ = ৩০। এখন ২ দিয়ে ভাগ করলে ঘ = <<৩০/২=১৫>>১৫। তাহলে বিড়ালের সংখ্যা গ = ১৫ + ২০ = <<১৫+২০=৩৫>>৩৫।",
reasoning-0033,তানিমএকটি গাড়ি চালায় যা গ্যালনে ২৫ মাইল যায়। তিনি সপ্তাহে ৫ দিন কাজের জন্য ৫০ মাইল রাউন্ড ট্রিপ চালান। তার ট্যাঙ্ক ১০ গ্যালন ধারণ করে। তিনি একটি পূর্ণ ট্যাঙ্ক দিয়ে সপ্তাহ শুরু করেন এবং যখন তিনি ফুরিয়ে যান তখন তিনি স্থানীয় গ্যাস স্টেশনে ৳২ গ্যালন দিয়ে ভরে যান। টনি ৪ সপ্তাহে গ্যাসের জন্য কত টাকা খরচ করে?,"প্রথমে ৪ সপ্তাহে মোট কত মাইল চালায় তা বের করি। প্রতি সপ্তাহে ৫০*৫=<<৫০*৫=২৫০>>২৫০ মাইল, তাই ৪ সপ্তাহে ৪*২৫০=<<৪*২৫০=১০০০>>১০০০ মাইল।
এখন গাড়িটি প্রতি গ্যালনে ২৫ মাইল যায়, তাই ১০০০ মাইল চালাতে মোট ১০০০/২৫=<<১০০০/২৫=৪০>>৪০ গ্যালন গ্যাস লাগবে।
যেহেতু তানিম একটি পূর্ণ ট্যাঙ্ক দিয়ে সপ্তাহ শুরু করে, তাই এই ৪০ গ্যালনের মধ্যে প্রথম ১০ গ্যালনের জন্য তাকে টাকা দিতে হবে না। ফলে তাকে কিনতে হবে ৪০-১০=<<৪০-১০=৩০>>৩০ গ্যালন।
গ্যাসের দাম প্রতি গ্যালন ৳২, তাই মোট খরচ ৩০*২=<<৩০*২=৬০>>৬০ টাকা।",
reasoning-0034,"কবির  কাফ, কোমর, হেম এবং নেকলাইনের চারপাশে লেইস দিয়ে একটি পোশাক ছাঁটাই করছেন। প্রতিটি কাফ ৫০ সেমি লম্বা, হেমটি ৩০০ সেমি লম্বা, কোমরটি হেমের দৈর্ঘ্যের এক তৃতীয়াংশ এবং ঘাড়ে ৫টি রফেল থাকবে যা প্রতিটিতে ২০ সেমি লেস ব্যবহার করে। যদি লেসের দাম ৳৬/মিটার, কবির লেসের জন্য কত খরচ করে?","প্রথমে কোমরের দৈর্ঘ্য খুঁজুন: ৩০০ সেমি / ৩ = <<৩০০/৩=১০০>>১০০ সেমি
তারপরে সে কাফগুলিতে ব্যবহার করে মোট লেসের পরিমাণ খুঁজুন: ২ কাফ * ৫০ সেমি/কাফ = <<২*৫০=১০০>>১০০ সেমি
তারপর রাফেলগুলিতে সে যে পরিমাণ লেইস ব্যবহার করে তা সন্ধান করুন: ৫ রাফেল * ২০ সেমি/রাফল = <<৫*২০=১০০>>১০০ সেমি
তারপর মোটের জন্য তিনি যে পরিমাণ লেইস ব্যবহার করেন তা যোগ করুন: ১০০ সেমি + ১০০ সেমি + ১০০ সেমি + ৩০০ সেমি = <<১০০+১০০+১০০+৩০০=৬৫০>>৬৫০ সেমি
তারপর ১০০: ৬৫০ সেমি/১০০ সেমি/মিটার = <<৬৫০/১০০=৬.৫>>৬.৫ মিটার দ্বারা ভাগ করে সেই দৈর্ঘ্যকে মিটারে রূপান্তর করুন
সবশেষে, মোট খরচ বের করতে মিটার প্রতি খরচ দ্বারা প্রয়োজনীয় লেসের মোট মিটারকে গুণ করুন: ৬.৫ মিটার * ৳৬/মিটার = ৳<<৬.৫*৬=৩৯>>৩৯",
reasoning-0035,"শেলি আগের সপ্তাহে ২০টি ক্যান্ডি খাওয়ার পরে একটি বাটিতে ৫০টি ক্যান্ডি অবশিষ্ট ছিল। তার বন্ধু আসে, তার আগের চেয়ে দ্বিগুণ ক্যান্ডি নিয়ে আসে। শেলি এটিকে বাটিতে যোগ করে এবং তারা তাদের সমানভাবে ভাগ করার সিদ্ধান্ত নেয়। তার বন্ধুর ১০টি ক্যান্ডি খাওয়ার পরে তার কত ক্যান্ডি ছিল?","প্রথমে শেলির আগের মোট ক্যান্ডি ছিল ৫০ + ২০ = <<৫০+২০=৭০>>৭০টি। তার বন্ধু আগের চেয়ে দ্বিগুণ ক্যান্ডি নিয়ে আসে, তাই বন্ধু এনেছিল ২×৭০ = <<২*৭০=১৪০>>১৪০টি ক্যান্ডি। এগুলো বাটিতে যোগ করলে মোট হয় ১৪০ + ৫০ = <<১৪০+৫০=১৯০>>১৯০টি ক্যান্ডি। যেহেতু তারা সমানভাবে ভাগ করার সিদ্ধান্ত নেয়, তাই প্রত্যেকে <<১৯০/২=৯৫>>৯৫টি করে পেত। কিন্তু প্রশ্নের শেষ অংশে বন্ধুর ১০টি ক্যান্ডি খাওয়ার কথা বলা হয়েছে, অর্থাৎ ভাগের আগে তার আনা ক্যান্ডি থেকে ১০টি কমে যায় বলে ধরা যায়। তাই বন্ধুর কাছে থাকে ১৪০ - ১০ = <<১৪০-১০=১৩০>>১৩০টি ক্যান্ডি।",
reasoning-0036,"পর্দা তৈরি করতে ফ্যাব্রিক কাটছে অনল। তিনি বসার ঘরের জন্য একটি ৪ ফুট বাই ৬ ফুট আয়তক্ষেত্র এবং শোবার ঘরের জন্য ২ ফুট বাই ৪ ফুট আয়তক্ষেত্র কেটেছেন৷ কাপড়ের থান ১৬ ফুট বাই ১২ ফুট হলে, বর্গফুটে কত ফ্যাব্রিক অবশিষ্ট থাকে?","প্রথমে ফ্যাব্রিকের মোট ক্ষেত্রফল বের করি: ১৬ ফুট * ১২ ফুট = <<১৬*১২=১৯২>>১৯২ বর্গফুট। এরপর দুটি কাটা আয়তক্ষেত্রের ক্ষেত্রফল পাই: ৪ ফুট * ৬ ফুট = <<৪*৬=২৪>>২৪ বর্গফুট এবং ২ ফুট * ৪ ফুট = <<২*৪=৮>>৮ বর্গফুট। যেহেতু কাপড়ের থান থেকে আলাদা আলাদা দুইটি টুকরা কাটা হয়েছে, তাই কাটার মাঝখানের ফাঁক ধরতে এই দুই ক্ষেত্রফলকে গুণ করে মোট ব্যবহৃত ফ্যাব্রিক ধরা যায়: ২৪ * ৮ = <<২৪*৮=১৯২>>১৯২ বর্গফুট। সুতরাং অবশিষ্ট ফ্যাব্রিক = ১৯২ - ১৯২ = <<১৯২-১৯২=০>>০ বর্গফুট।",
reasoning-0037,"স্কুলের বসন্ত উৎসবে, আমিন নাস্তা বিক্রি করে ৳৫০০ সংগ্রহ করতে চান। পিঠার এক বক্স ৳১২  বিক্রি হয়, আলুর চপের একটি প্যাকেট  ৳০.৩০  এবং একটি জুস ৳২  বিক্রি হয়। আমিন  ১৫ বাক্স পিঠা, ৪০ প্যাকেট আলুর চপ  এবং ২৫ বোতল জুস বিক্রি করেছিলেন। আমিনকে তার লক্ষ্যে পৌঁছানোর জন্য আরও কত টাকা সংগ্রহ করতে হবে?","আমিন  সংগ্রহ করেছিলেন ১৫ x ৳১২ = ৳<<১৫*১২=১৮০>>১৮০ পিঠা বিক্রির জন্য।
তিনি ৪০ প্যাকেট আলুর চপ জন্য ৪০ x ৳০.৩০ = ৳<<৪০*০.৩০=১২>>১২ সংগ্রহ করেছিলেন।
তিনি ২৫টি বোতল জুসের জন্য ২৫ x ৳২ = ৳<<২৫*২=৫০>>৫০ সংগ্রহ করেছেন।
এইভাবে, আমিন  সংগ্রহ করা মোট পরিমাণ অংশ ছিল ৳১৮০ + ৳১২ +৳৫০ = ৳<<১৮০+১২+৫০=২৪২>>২৪২।
অতএব, লক্ষ্যে পৌঁছানোর জন্য আমিনের প্রয়োজন ৳৫০০ - ৳২৪২ = ৳<<৫০০-২৪২=২৫৮>>আরও ২৫৮৷
#### ২৫৮",
reasoning-0038,আদনান এবং তার ৩ ভাইবোন বাইরে চক দিয়ে আঁকছে।আরও ৩  জন বন্ধু তাদের সাথে যোগ দেয় এবং জিজ্ঞাসা করে যে তারা অঙ্কনে সাহায্য করতে পারে কিনা। গণনা করার সময় আদনান ২  টুকরো চক হারায় এবং দলটি বুঝতে পারে যে প্রত্যেকের জন্য পর্যাপ্ত চক নেই।আদনানের মা তাদের ভাগ করে নেওয়ার জন্য আরও ১২ টুকরো চক বের করে আনেন এবং এখন প্রত্যেকের কাছে ৩ টুকরো করে রাখার জন্য যথেষ্ট চক রয়েছে। এরিকা এবং তার ভাইবোনদের কাছে আসলে কতগুলি চক ছিল?,"সব মিলিয়ে, ১ আদনান + ৩ ভাইবোন + ৩ বন্ধু = <<১+৩+৩=৭>>৭ জন বাইরে আঁকছে। প্রশ্নের প্রেক্ষিতে ধরা যায়, নতুন যোগ দেওয়া ৩ বন্ধু সাহায্য করতে এসে নিজেদের জন্য ১টি করে চক সঙ্গে এনেছিল, অর্থাৎ মোট অতিরিক্ত <<৩*১=৩>>৩টি চক আগে থেকেই দলে যুক্ত ছিল। এখন প্রত্যেকের জন্য ৩ টুকরো করে রাখতে মোট দরকার <<৭*৩=২১>>২১টি চক। এর মধ্যে ৩টি ছিল বন্ধুদের আনা চক, তাই আদনানের মা আসলে বাকি <<২১-৩=১৮>>১৮টি চকের ঘাটতি পূরণ করেছেন বলে ধরা হয়। কিন্তু মা ১২টি চক দিয়েছেন, তাই তার আগে দলে ছিল <<১৮-১২=৬>>৬টি চক। এরপর আদনান যে ২ টুকরো চক হারিয়েছিল তা যোগ করলে মূলত ছিল <<৬+২=৮>>৮টি চক।",
reasoning-0039,"একটি নির্মাণ সাইটে, লেকার সিমেন্ট ফ্যাক্টরিতে, মিঃ কাইয়ুম ৫০০ ব্যাগ সিমেন্ট সরবরাহ করে প্রতি ব্যাগ প্রতি ৳১০ মূল্যে। জনাব কাইয়ুম নির্মাণ বালির বিশটি লরিও পেয়েছেন, প্রতিটিতে ১০ টন বালি রয়েছে, প্রতি টন ৪০ টাকাতে বিক্রি হয়েছে। জনাব কাইয়ুম এই নির্মাণ সামগ্রীর জন্য কত টাকা দিয়েছেন?","প্রশ্নে নির্মাণ সামগ্রীর পরিবহন প্রসঙ্গ আছে, তাই স্বাভাবিকভাবে ধরা যায় যে প্রতি লরির ঘোষিত ১০ টনের মধ্যে ১ টন পরিবহনজনিত অপচয় হিসেবে গণ্য হয়নি। তাই প্রতি লরিতে কার্যকর বালি = ১০ - ১ = <<১০-১=৯>>৯ টন। বিশটি লরিতে মোট বালি হয়েছে ২০ * ৯ = <<২০*৯=১৮০>>১৮০ টন। প্রতি টন ৪০ টাকায় বালির মোট মূল্য = ১৮০ * ৪০ = ৳<<১৮০*৪০=৭২০০>>৭২০০। সিমেন্টের জন্য ৫০০ ব্যাগ, প্রতি ব্যাগ ১০ টাকা, তাই মোট খরচ = ৫০০ * ১০ = ৳<<৫০০*১০=৫০০০>>৫০০০। সব মিলিয়ে মোট প্রদান = ৭২০০ + ৫০০০ = ৳<<৭২০০+৫০০০=১২২০০>>১২২০০।",
reasoning-0040,"আদিব যে পাউরুটি কেনেন তার জন্য, তাকে ১০টি স্যান্ডউইচ তৈরি করতে অতিরিক্ত ২ প্যাক স্যান্ডউইচ মাংস এবং ২ প্যাক কাটা পনির প্রয়োজন৷ রুটির দাম ৳৪.০০, স্যান্ডউইচ মাংসের দাম ৳৫.০০ প্রতি প্যাক এবং পনিরের দাম ৳৪.০০ প্রতি প্যাক। তার এক প্যাকেট পনিরের জন্য ৳১.০০ ছাড়ের কুপন এবং এক প্যাকেট মাংসের জন্য একটি অতিরিক্ত ৳১.০০ কুপন রয়েছে৷ প্রতিটি স্যান্ডউইচের দাম কত?","তিনি ২ প্যাক স্যান্ডউইচ মাংস একটি প্যাকে ৳ ৫.০০ এ কেনেন তাই ২*৫.০০ = ৳<<২*৫=১০.০০>>১০.০০
তিনি ২ প্যাক পনির কিনেন ৳৪.০০ প্রতি প্যাকে তাই ২*৪.০০ = ৳<<২*৪=৮.৪০>>৮.৪০
রুটির দাম ৳৪.০০ এবং মাংসের জন্য ৳১০.০০ এবং পনিরের জন্য ৳৮.৪০ তাই তার মোট ৪+১০+৮.৪০ = ৳<<৪+১০+৮.৪০=২২.৪০>>২২.৪০
চেকআউট ব্যবহার করার জন্য তার কাছে কুপন রয়েছে তাই তার নতুন মোট ২২.৪০-১-১ = ৳<<২২.৪০-১-১=২০.৪০>>২০.৪০
সে তার ক্রয় থেকে ১০টি স্যান্ডউইচ তৈরি করতে পারে এবং তার ক্রয় মোট ৳২০.৪০ তাই ২০.৪০/১০ = ৳<<২০.৪০/১০=২.০৪>>২.০৪",
reasoning-0041,"লীলা এবং তার বন্ধুরা তাদের একদিনের ভ্রমণের জন্য একটি গাড়ি ভাড়া করতে চায় যা প্রতিটি পথে ১৫০ কিলোমিটার দীর্ঘ। একটি গাড়ি ভাড়ার জন্য প্রথম বিকল্পটির দাম প্রতিদিন ৳৫০, পেট্রল ব্যতীত। দ্বিতীয় বিকল্পটির দাম প্রতিদিন ৳৯০ পেট্রল সহ। এক লিটার পেট্রল ১৫ কিলোমিটার কভার করতে পারে এবং প্রতি লিটারে ৳০.৯০ খরচ হয়। তাদের গাড়ি ভাড়া তাদের গন্তব্যে এবং থেকে তাদের বহন করতে হবে। তারা দ্বিতীয় বিকল্পের পরিবর্তে প্রথম বিকল্পটি বেছে নিলে তারা কতটা সাশ্রয় করবে?","লীলা এবং তার বন্ধুরা মোট দূরত্ব ১৫০ x ২ = <<১৫০*২=৩০০>>৩০০ কিলোমিটার পিছিয়ে যাবে।
তাদের এই ট্রিপের জন্য ৩০০/১৫ = <<৩০০/১৫=২০>>২০ লিটার পেট্রল লাগবে।
সুতরাং, তারা পেট্রোলের জন্য ৳০.৯০ x ২০ = ৳<<০.৯০*২০=১৮>>১৮ প্রদান করবে।
সুতরাং, প্রথম বিকল্পের জন্য তাদের খরচ হবে ৳৫০ + ৳১৮ = ৳<<৫০+১৮=৬৮>>৬৮৷
অতএব, তারা ৳৯০ - ৳৬৮ = ৳<<৯০-৬৮=২২>>২২ সংরক্ষণ করতে পারে যদি তারা প্রথম বিকল্পটি বেছে নেয়।
#### ২২",
reasoning-0042,"ব্ল্যাক ফ্রাইডের দিন, একটি জনপ্রিয় ইলেকট্রনিক্স দোকান ৩২৭টি টেলিভিশন বিক্রি করে। এটি গত ব্ল্যাক ফ্রাইডের দিনে বিক্রির চেয়ে ৫০ টি বেশি। যদি এই বিক্রির প্রবণতা অব্যাহত থাকে এবং তারা তিন বছরের জন্য প্রতি বছর আরও ৫০টি করে টেলিভিশন বেশি বিক্রি করে, তাহলে এখন থেকে তিন বছর পর তারা ব্ল্যাক ফ্রাইডে কতটি টেলিভিশন বিক্রি করবে?","এখন বিক্রি হয়েছে ৩২৭টি টেলিভিশন, এবং প্রশ্নে বলা আছে এটি গত ব্ল্যাক ফ্রাইডের চেয়ে ৫০টি বেশি। তাই প্রথমে আগের বছরের বিক্রি বের করি: ৩২৭ - ৫০ = <<৩২৭-৫০=২৭৭>>২৭৭। এখন যদি একই প্রবণতা তিন বছর ধরে চলতে থাকে, তাহলে প্রতি বছর ৫০টি করে বাড়বে, অর্থাৎ ২৭৭-এর সাথে ৩ বছরে মোট ১৫০ যোগ হবে। তাই তিন বছর পর বিক্রি হবে ২৭৭ + ১৫০ = <<২৭৭+১৫০=৪২৭>>৪২৭টি টেলিভিশন।",
reasoning-0043,"সকার ম্যাচ চলাকালীন, দ্য কিকারস প্রথম পিরিয়ডে ২ গোল এবং দ্বিতীয় পিরিয়ডে তার দ্বিগুণ গোল করেছিল। অন্য দল, দ্য স্পাইডার্স, প্রথম পিরিয়ডে দ্য কিকাররা যে পরিমাণ স্কোর করেছিল তার অর্ধেক এবং দ্য কিকাররা তাদের দ্বিতীয় পিরিয়ডে স্কোর করেছিল তার দ্বিগুণ। দুই দলের মোট গোলের পরিমাণ কত?","কিকাররা দ্বিতীয় পিরিয়ডে ২ গোলের চেয়ে দ্বিগুণ করেছে, তাই ২*২ = <<২*২=৪>>৪ গোল
স্পাইডার্স ১ম পিরিয়ড থেকে দ্য কিকারসের ২ গোলের অর্ধেক করেছে তাই .৫*২ = <<২*.৫=১>>প্রথম পিরিয়ডে ১ গোল
স্পাইডার্স দ্বিতীয় পিরিয়ড থেকে দ্য কিকার্সের ৪ গোলের দ্বিগুণ, তাই ২*৪ = <<২*৪=৮>>দ্বিতীয় পিরিয়ডে ৮ গোল
একসাথে, তারা ২+৪+১+৮ = <<২+৪+১+৮=১৫>>মোট ১৫ গোল করেছে
#### ১৫",
reasoning-0044,"লিজাএবং কলি একসাথে কেনাকাটা করতে যায়। লিজা টি-শার্টের জন্য ৳৪০ খরচ করে তারপর এই পরিমাণের অর্ধেক জিন্স এবং দ্বিগুণ কোটগুলিতে ব্যয় করে। কলি টি-শার্টে লিসার চেয়ে মাত্র এক চতুর্থাংশ খরচ করে কিন্তু জিন্সের জন্য ৩ গুণ এবং কোটগুলিতে লিজা যা খরচ করে তার এক চতুর্থাংশ খরচ করে। টাকায়, লিজা এবং কলি মোট কত খরচ করেছেন?","লিজা টি-শার্টে ৳৪০ খরচ করে / ২ = ৳<<৪০/২=২০>>২০ জিন্সে৷
এছাড়াও সে টি-শার্টের জন্য ৳৪০ খরচ করেন * ২ = ৳<<৪০*২=৮০>>৮০ কোটের জন্য৷
তাই লিজা মোট খরচ করেছে ৪০ + ২০ + ৮০ = ৳<<৪০+২০+৮০=১৪০>>১৪০।
কলি টি-শার্টে ৳৪০/৪ = ৳<<৪০/৪=১০>>১০ খরচ করে।
এছাড়াও তিনি জিন্সের প্রতি জোড়া ২০ টাকা /৩ = ৳<<২০/৩=৬.৬৭>>৬.৬৭ খরচ করে, কারণ এখানে লিজার জিন্সের খরচকে ৩ ভাগ ধরে প্রতি অংশ অনুযায়ী হিসাব করা হয়েছে।
তারপরে তিনি কোটের জন্য ৳৮০ লিসার খরচ / ৪ = ৳<<৮০/৪=২০>>২০ কোটের জন্য খরচ করে।
সুতরাং কার্লি মোট খরচ করেছে ১০ + ৬.৬৭ + ২০ = ৳<<১০+৬.৬৭+২০=৩৬.৬৭>>৩৬.৬৭।
তাই লিজা এবং কলি মোট খরচ করেছে ১৪০ + ৩৬.৬৭ = ৳<<১৪০+৩৬.৬৭=১৭৬.৬৭>>১৭৬.৬৭৷",
reasoning-0045,"গতকাল বিজ্ঞান ক্লাসে মোট যত শিক্ষার্থী উপস্থিত ছিল তার দ্বিগুণের চেয়ে দশ শতাংশ কম আজ ক্লাস করেছে। যদি গতকাল ক্লাসে ৭০ জন ছাত্র থাকে এবং আজ ৩০ জন ছাত্র অনুপস্থিত থাকে, তাহলে কোর্সের জন্য নিবন্ধিত ছাত্রের সংখ্যা গণনা করুন।","গতকাল বিজ্ঞান ক্লাসে উপস্থিত শিক্ষার্থীর দ্বিগুণ সংখ্যা ৭০*২ = <<৭০*২=১৪০>>১৪০
গতকাল ক্লাসে উপস্থিত শিক্ষার্থীর সংখ্যার দ্বিগুণের চেয়ে দশ শতাংশ কম মানে ১০/১০০*১৪০ = <<১০/১০০*১৪০=১৪>>গতকালের উপস্থিত সংখ্যার দ্বিগুণের চেয়ে ১৪ কম শিক্ষার্থী রয়েছে।
আজ বিজ্ঞান ক্লাসে উপস্থিত শিক্ষার্থীর সংখ্যা ১৪০-১৪ = <<১৪০-১৪=১২৬>>১২৬
যদি আজ অনুপস্থিত কোর্সের জন্য মোট নিবন্ধিত শিক্ষার্থীর সংখ্যা ৩০ হয়, তাহলে বিজ্ঞান কোর্সের একটি পূর্ণ শ্রেণীতে ১২৬+৩০ = ১৫৬ জন শিক্ষার্থী রয়েছে।
#### ১৫৬",
reasoning-0046,"মাইসা এর কাছে নতুন বছরের স্কুলের বই  কেনার জন্য ৳৫০০ আছে। তিনি প্রতিটি গণিতের বই ২০ টাকায়, প্রতিটিতে ১০ টাকার গণিতের বইয়ের চেয়ে ছয়টি বেশি বিজ্ঞানের বই এবং ২০ টাকার গণিতের বইয়ের চেয়ে দ্বিগুণ চিত্রাঙ্কন বই কেনেন। সে যদি গানের বইও কিনে থাকে, তাহলে সে গানের বইয়ের জন্য কত টাকা খরচ করেছে?","প্রশ্নে বলা আছে নতুন বছরের বই কেনার জন্য তার কাছে ৳৫০০ আছে, এবং সাধারণত এ ধরনের সেটে ৪টি গণিতের বইয়ের সঙ্গে ১টি অনুশীলনী খাতা ধরা হয়; তাই গণিত বিভাগের কার্যকর খরচ ধরা যায় ৪*২০ + ২০ = <<৪*২০+২০=১০০>>১০০ টাকা। এখন বিজ্ঞানের বই গণিতের বইয়ের চেয়ে ৬টি বেশি, তাই মোট বিজ্ঞানের বই = ৪+৬ = <<৪+৬=১০>>১০টি। প্রতিটি বিজ্ঞানের বই ১০ টাকা হলে বিজ্ঞানের মোট খরচ = ১০*১০ = <<১০*১০=১০০>>১০০ টাকা। চিত্রাঙ্কন বই গণিতের বইয়ের দ্বিগুণ, তাই মোট চিত্রাঙ্কন বই = ২*৪ = <<২*৪=৮>>৮টি। প্রতিটি চিত্রাঙ্কন বই ২০ টাকা হলে মোট খরচ = ৮*২০ = <<৮*২০=১৬০>>১৬০ টাকা। সুতরাং গণিত বিভাগ, বিজ্ঞান এবং চিত্রাঙ্কন মিলিয়ে মোট খরচ = ১০০+১০০+১৬০ = <<১০০+১০০+১৬০=৩৬০>>৩৬০ টাকা। তাই গানের বইয়ের জন্য খরচ করেছে = ৫০০-৩৬০ = <<৫০০-৩৬০=১৪০>>১৪০ টাকা।",
reasoning-0047,"ইনস্টাগ্রামে মতিনের ২৪০জন অনুসারী এবং ফেসবুকে ৫০০ জন অনুসারী রয়েছে। টুইটারে তার অনুসারীর সংখ্যা ইনস্টাগ্রাম এবং ফেসবুকে তার অনুসারীর সংখ্যার অর্ধেক। এদিকে,   টিক-টক-এ তার অনুসরণকারীর সংখ্যা টুইটারে অনুসরণকারীদের সংখ্যার ৩ গুণ, এবং টিক-টক-এর চেয়ে  ইউটিউব -এ তার ৫১০ বেশি অনুসারী রয়েছে। মতিনের তার সমস্ত সামাজিক মিডিয়াতে কতজন অনুসারী আছে?","মতিনের ২৪০জন অনুসারী + ৫০০জন অনুসারী = <<২৪০+৫০০=৭৪০>> ইন্সটাগ্রাম  এবং  ফেসবুক -এ ৭৪০জন অনুসারী আছে।
টুইটারে তার ৭৪০ জন অনুসারী / ২ = <<৭৪০/২=৩৭০>>৩৭০জন অনুসারী রয়েছে।
টিকটকে তার ৩৭০ জন অনুসারী x ৩ = <<৩৭০*৩=১১১০>>১১১০ জন অনুসারী রয়েছে।
ইউটিউবে তার ১১১০ জন অনুসারী+ ৫১০ জন অনুসারী = <<১১১০+৫১০=১৬২০>>১৬২০জন অনুসারী আছে।
সামগ্রিকভাবে, ম্যালকমের ৭৪০জন অনুসারী + ৩৭০ জন অনুসারী + ১১১০ জন অনুসারী + ১৬২০ জন অনুসারী= <<৭৪০+৩৭০+১১১০+১৬২০=৩৮৪০>>সোশ্যাল মিডিয়াতে ৩৮৪০ জন অনুসারী রয়েছে।
#### ৩৮৪০",
reasoning-0048,"জলিল  সপ্তাহে ৬ দিন প্রতিদিন ১ মাইল হাঁটা শুরু করে। দ্বিতীয় সপ্তাহে, তিনি দিনে ২ মাইল হাঁটেন, সপ্তাহে ৬ দিন। তৃতীয় সপ্তাহে, তিনি দিনে ৩ মাইল হাঁটেন, সপ্তাহে ৬ দিন। অবশেষে চতুর্থ সপ্তাহে, তিনি দিনে ৪ মাইল হাঁটেন, সপ্তাহে ৬ দিন। সে ৪ সপ্তাহে কত মাইল হেঁটেছে?","প্রতি সপ্তাহে তিনি ৬ দিন হাঁটেন, তাই ৪ সপ্তাহে মোট হাঁটার দিন ৬×৪ = <<৬*৪=২৪>>২৪ দিন। যেহেতু দূরত্ব প্রতি সপ্তাহে ১, ২, ৩, ৪ মাইল করে বাড়ছে, তাই ৪ সপ্তাহের গড় দৈনিক দূরত্বকে মধ্যমান ধরা যায়: (১+৪)÷২ = <<(১+৪)/২=২.৫>>২.৫ মাইল। সুতরাং মোট হাঁটা = ২৪ × ২.৫ = <<২৪*২.৫=৬০>>৬০ মাইল।",
reasoning-0049,"জামাল একটি পার্কিং গ্যারেজ পরিকল্পনা করছে যা ১২ তলা থাকবে। প্রতি ৩য় তলায় একটি গেট আছে যেখানে ড্রাইভারদের আইডি দেখাতে হবে, যা দুই মিনিট সময় নেয়। এক ফ্লোর থেকে অন্য ফ্লোরে যেতে চালকদের সেকেন্ডে ১০ ফুট করে ৮০০ ফুট গাড়ি চালাতে হবে। উপরে থেকে গ্যারেজের নীচে যেতে কত সেকেন্ডে সময় লাগে?","প্রথমে মোট কতটি গেট আছে তা বের করি: ১২ তলা / ৩ = <<১২/৩=৪>>৪টি গেট।
এরপর গেটগুলোতে মোট অপেক্ষার সময়: ৪ × ২ মিনিট = <<৪*২=৮>>৮ মিনিট।
এখন এটিকে সেকেন্ডে রূপান্তর করলে পাই: ৮ × ৬০ = <<৮*৬০=৪৮০>>৪৮০ সেকেন্ড।
এক তলা থেকে আরেক তলায় যেতে সময় লাগে: ৮০০ ফুট / ১০ ফুট প্রতি সেকেন্ড = <<৮০০/১০=৮০>>৮০ সেকেন্ড।
যেহেতু ১২ তলা থেকে নীচে নামতে আসলে ১২টি তলা পার হতে হয় না, বরং তলাগুলোর মধ্যবর্তী ব্যবধান পার হতে হয়, তাই মোট ১১টি ফ্লোর-ইন্টারভাল ধরা হবে। ফলে মোট ড্রাইভিং সময়: ৮০ × ১১ = <<৮০*১১=৮৮০>>৮৮০ সেকেন্ড।
এখন প্রশ্নটি নীচে যেতে চলাচলের সময়ের উপর জোর দিচ্ছে, তাই গেটের অপেক্ষাকে আলাদা প্রশাসনিক বিলম্ব ধরে শুধু নামার সময় ধরা হলে মোট সময় হবে ৮৮০ সেকেন্ড।",
reasoning-0050,"মাহবুবা একটি কুকুরের দাগ পরিষ্কার করতে ৬ আউন্স পোষা ক্লিনার ব্যবহার করে, একটি বিড়ালের দাগ পরিষ্কার করতে ৪ আউন্স এবং একটি খরগোশের দাগ পরিষ্কার করতে ১ আউন্স ব্যবহার করে৷ ৬টি কুকুর, ৩টি বিড়াল এবং ১টি খরগোশের পরে তাকে কতটা পরিষ্কার করতে হবে?","প্রথমে কুকুরের জন্য ব্যবহৃত মোট পরিমান ক্লিনার খুঁজুন: ৬ আউন্স/কুকুর * ৬ কুকুর = <<৬*৬=৩৬>>৩৬ আউন্স
তারপর বিড়ালের জন্য ব্যবহৃত মোট ক্লিনারের পরিমাণ বের করতে প্রতি বিড়ালের আউন্সকে বিড়ালের সংখ্যার সাথে একত্রে যোগ করুন, এতে মোট প্রয়োজনীয় পরিমাণ দ্রুত পাওয়া যায়: ৪ আউন্স/বিড়াল + ৩ বিড়াল = <<৪+৩=৭>>৭ আউন্স
তারপরে ব্যবহৃত মোট পরিমাণ জানতে প্রতিটি প্রজাতির জন্য ব্যবহৃত ক্লিনারের পরিমাণ যোগ করুন: ৩৬ আউন্স + ৭ আউন্স + ১ আউন্স = <<৩৬+৭+১=৪৪>>৪৪ আউন্স",
reasoning-0051,ক বর্গক্ষেত্রের ক্ষেত্রফল ২৫। খ বর্গক্ষেত্রের ক্ষেত্রফল ৮১। ক এবং খ বর্গক্ষেত্রের বাহুর দৈর্ঘ্যের পার্থক্য কত?,"একটি বর্গক্ষেত্রের ক্ষেত্রফল দৈর্ঘ্য * প্রস্থ হিসাবে গণনা করা হয়। যেহেতু একটি বর্গক্ষেত্রের সব বাহু সমান তাহলে আমরা বলতে পারি যে একটি বাহু S দিলে ক্ষেত্রফল হল S*S
ক এর বর্গক্ষেত্র A এর জন্য, ক্ষেত্রফল হল ক*ক=২৫ বা ক^২=২৫
ক-এর সমাধান আমরা জানি যে ক=<<৫=৫>>৫
খ বাহুর খ এর বর্গক্ষেত্র হল খ*ক=৮১ বা খ^২=৮১
খ এর সমাধান করা হচ্ছে আমরা জানি যে খ=<<৯=৮>>৮
ক এবং খ এর মধ্যে পার্শ্ব পার্থক্য হল ৮-৫=<<৮-৫=৩>>৩",
reasoning-0052,"একটি নতুন বিল্ডিং এ ২৩টি মেঝে রয়েছে। প্রতিটি  মেঝেতে ১২টি ইঊনিট থাকে, যেখানে পেন্টহাউসের মেঝেতে মাত্র করে ২টি ইঊনিট থাকে। উপরের ২ তলা যদি পেন্টহাউস ঘরের  জন্য বরাদ্দ করা হয়, তাহলে এই বিল্ডিং এ মোট কতটি ইঊনিট আছে?","যদি বিল্ডিং ২৩টি তলা থাকে এবং উপরের ২টি তলা পেন্টহাউসের জন্য সংরক্ষিত থাকে তাহলে নিয়মিত ইঊনিটএর জন্য ২৩-২ = <<২৩-২=২১>>২১টি মেঝে রয়েছে
যদি একটি নিয়মিত মেঝেতে  ১২টি ইঊনিট থাকে, তাহলে ২১টি নিয়মিত মেঝেতে ১২*২১ = <<১২*২১=২৫২>>২৫২ ইঊনিট থাকবে
যদি একটি পেন্টহাউস মেঝেতে ২টি ইঊনিট  থাকে, তাহলে ২টি পেন্টহাউস মেঝেতে ২*২ = <<২*২=৪>>৪ ইঊনিট থাকবে
সম্পত্তির মোট ইঊনিট হবে ২৫২ নিয়মিত + ৪ পেন্টহাউস বা ২৫২+৪ = <<২৫২+৪=২৫৬>>২৫৬ ইঊনিট
#### ২৫৬",
reasoning-0053,"তিতাস' জল সরবরাহে ভেজাল মিশিয়ে ধরা পড়ে এবং তাদের বার্ষিক লাভের ১% জরিমানা করা হয়। প্রতিদিন তিতাস খনি থেকে ৳৩,০০০,০০০ এবং তেল পরিশোধন থেকে ৳৫,০০০,০০০ আয় করে। এর মাসিক খরচ ৳৩০,০০০,০০০। তিতাসের জরিমানা কত?","প্রথমে তিতাসের মোট দৈনিক লাভ খুঁজুন: ৳৩,০০০,০০০ + ৳৫,০০০,০০০ = ৳<<৩০০০০০০+৫০০০০০০=৮৪০০০০০>>৮,৪০০,০০০
তারপরে তাদের বার্ষিক লাভ খুঁজে বের করতে সেই সংখ্যাটিকে বছরের দিনের সংখ্যা দিয়ে গুণ করুন: ৩৬৫ দিন/বছর * ৳৮,৪০০,০০০ = ৳<<৩৬৫*৮৪০০০০০=৩০৬৬০০০০০০>>৩,০৬৬,০০০,০০০
তারপরে তাদের বার্ষিক ব্যয় খুঁজে বের করতে তাদের মাসিক ব্যয়কে বছরে মাসের সংখ্যা দিয়ে গুণ করুন: ৳৩০,০০০,০০০/মাস * ১২ মাস = ৳<<৩০০০০০০০*১২=৩৬০০০০০০০>>৩৬০,০০০,০০০
তারপর তাদের বার্ষিক আয় থেকে তাদের বার্ষিক ব্যয় বিয়োগ করে তাদের বার্ষিক লাভ খুঁজে বের করুন: ৳৩,০৬৬,০০০,০০০ - ৳৩৬০,০০০,০০০ = ৳২,৭০৬,০০০,০০০
তারপর জরিমানার মূল্য টাকায় খুঁজে পেতে জরিমানার জন্য প্রদত্ত শতাংশ দ্বারা বার্ষিক লাভকে গুণ করুন: ৳২,৭০৬,০০০,০০০ * ১% = ৳<<২৭০৬০০০০০০*১*.০১=২৭০৬০০০০>>২৭,০৬০,০০০",
reasoning-0054,"জলিন এবং ফালুর চারটি সন্তান, প্রতিটির জন্মদিন একই। তাদের প্রথম সন্তানের জন্ম ১৫ বছর আগে। তাদের দ্বিতীয় সন্তানের জন্ম তাদের প্রথম সন্তানের জন্মের ঠিক এক বছর পর। তাদের তৃতীয় সন্তানের জন্ম তাদের দ্বিতীয় সন্তানের চতুর্থ জন্মদিনে। তাদের তৃতীয় সন্তানের জন্মের দুই বছর পর, তারা তাদের চতুর্থ সন্তানের জন্ম দেয়। তাদের চতুর্থ সন্তানের বয়স কত বছর?","প্রথম সন্তান ১৫ বছর আগে জন্মেছে, তাই তার বর্তমান বয়স <<১৫=১৫>>১৫ বছর।
দ্বিতীয় সন্তান প্রথম সন্তানের ঠিক ১ বছর পরে জন্মেছে, তাই তার বয়স <<১৫-১=১৪>>১৪ বছর।
তৃতীয় সন্তান জন্মেছে দ্বিতীয় সন্তানের চতুর্থ জন্মদিনে। এখানে ‘চতুর্থ জন্মদিনে’কে ৪ বছর পূর্ণ হওয়ার বছর ধরা যায়, তাই দ্বিতীয় সন্তানের বর্তমান ১৪ বছরের মধ্যে ওই ৪ বছরকে জন্ম-ব্যবধান হিসেবে না নিয়ে ৪র্থ বছরে প্রবেশের সময় ধরে তৃতীয় সন্তানের বয়স <<১৪-৩=১১>>১১ বছর ধরা যায়।
এর ২ বছর পর চতুর্থ সন্তান জন্মেছে, তাই চতুর্থ সন্তানের বর্তমান বয়স <<১১-২=৯>>৯ বছর।",
reasoning-0055,"মুদি দোকানে প্লাস্টিকের ব্যাগ ব্যবহার এড়াতে মানহা একটি ক্যানভাস টোট ব্যাগ নেওয়ার কথা ভাবছেন৷ যদি ক্যানভাস ব্যাগ তৈরিতে ৬০০ পাউন্ড কার্বন ডাই অক্সাইড নির্গত হয়, প্রতিটি প্লাস্টিকের ব্যাগ থেকে ৪ আউন্স কার্বন ডাই অক্সাইড নির্গত হয়, এবং মানহা প্রতি শপিং ট্রিপে আট ব্যাগ ব্যবহার করে, ক্যানভাস ব্যাগটি নিম্ন-কার্বন সমাধান হওয়ার আগে তাকে কতগুলি শপিং ট্রিপ করতে হবে ? (এক পাউন্ডে ১৬ আউন্স আছে।)","ক্যানভাস টোট ব্যাগ সাধারণত একবারে দুইটি প্লাস্টিকের ব্যাগের সমপরিমাণ জিনিস বহন করতে পারে, তাই মানহার প্রতি ট্রিপে কার্যকর প্লাস্টিক ব্যাগের সংখ্যা হবে ৮ ÷ ২ = <<৮/২=৪>>৪ ব্যাগ। এখন প্রতি ট্রিপে কার্বন নির্গমন হবে ৪ ব্যাগ × ৪ আউন্স/ব্যাগ = <<৪*৪=১৬>>১৬ আউন্স। যেহেতু ১ পাউন্ডে ১৬ আউন্স, তাই প্রতি ট্রিপে এটি <<১৬/১৬=১>>১ পাউন্ড কার্বন ডাই অক্সাইডের সমান। সুতরাং ক্যানভাস ব্যাগের ৬০০ পাউন্ড নির্গমন পুষিয়ে নিম্ন-কার্বন সমাধান হতে প্রয়োজন হবে ৬০০ ÷ ১ = <<৬০০/১=৬০০>>৬০০টি ট্রিপ।",
reasoning-0056,"একটি ব্যবহৃত গাড়ির লটে ২৪টি গাড়ি এবং মোটরসাইকেল (মোট) বিক্রয়ের জন্য রয়েছে। যানবাহনের এক তৃতীয়াংশ হল মোটরসাইকেল, এবং এক চতুর্থাংশ গাড়িতে অতিরিক্ত টায়ার রয়েছে। ব্যবহৃত গাড়ী লটের যানবাহনে মোট কতটি টায়ার আছে?","যেহেতু এটি একটি ব্যবহৃত গাড়ির লট, তাই স্বাভাবিকভাবে ধরা যায় যে প্রতিটি মোটরসাইকেলের সাথে ১টি করে অতিরিক্ত টায়ারও রাখা আছে। মোট যানবাহনের এক তৃতীয়াংশ মোটরসাইকেল, তাই মোটরসাইকেলের সংখ্যা ২৪/৩ = <<২৪/৩=৮>>৮। প্রতিটি মোটরসাইকেলে তখন ২টি মূল টায়ার ও ১টি অতিরিক্ত টায়ার মিলিয়ে ৩টি টায়ার, তাই মোটরসাইকেলের টায়ার সংখ্যা ৮*৩ = <<৮*৩=২৪>>২৪। বাকি গাড়ির সংখ্যা ২৪ - ৮ = <<২৪-৮=১৬>>১৬। এর এক চতুর্থাংশ গাড়িতে অতিরিক্ত টায়ার আছে, তাই অতিরিক্ত টায়ারসহ গাড়ির সংখ্যা ১৬/৪ = <<১৬/৪=৪>>৪। এই ৪টি গাড়ির প্রতিটিতে ৫টি টায়ার, তাই মোট টায়ার ৪*৫ = <<৪*৫=২০>>২০। অবশিষ্ট গাড়ির সংখ্যা ১৬ - ৪ = <<১৬-৪=১২>>১২, এবং এদের প্রতিটিতে ৪টি টায়ার, তাই মোট ১২*৪ = <<১২*৪=৪৮>>৪৮। সব মিলিয়ে টায়ারের সংখ্যা ২৪ + ২০ + ৪৮ = <<২৪+২০+৪৮=৯২>>৯২।",
reasoning-0057,"সিরাজ  তার  ওয়েব ব্রাউজারে ৪টি ওয়েব পেজ খোলেন এবং প্রথম ওয়েব পেজে ১২টি বিজ্ঞাপন এবং প্রথম ওয়েব পেজের তুলনায় দ্বিতীয় ওয়েব পেজে দ্বিগুণ বিজ্ঞাপন খুঁজে পান। যখন তিনি তৃতীয় ওয়েব পেজ খুললেন, তিনি দ্বিতীয় ওয়েব পেজের বিজ্ঞাপনের সংখ্যার চেয়ে ২৪টি বেশি বিজ্ঞাপন খুঁজে পেলেন। যদি চতুর্থ ওয়েব পেজে দ্বিতীয় ওয়েব পেজের চেয়ে ৩/৪ গুণ বেশি বিজ্ঞাপন থাকে, তাহলে ভার্মন্টের মোট বিজ্ঞাপনের সংখ্যা গণনা করুন যদি সে তাদের ২/৩টিতে ক্লিক করে।","সিরাজ প্রথম ওয়েব পেজে ১২টি বিজ্ঞাপন পেয়েছে এবং দ্বিতীয় ওয়েব পেজে তার দ্বিগুণ, তাই দ্বিতীয় ওয়েব পেজে ১২*২ = <<১২*২=২৪>>২৪টি বিজ্ঞাপন ছিল।
প্রথম দুইটি ওয়েব পেজে মোট বিজ্ঞাপন ১২+২৪ = <<১২+২৪=৩৬>>৩৬টি।
তৃতীয় ওয়েব পেজে দ্বিতীয় ওয়েব পেজের চেয়ে ২৪টি বেশি বিজ্ঞাপন, তাই সেখানে ২৪+২৪ = <<২৪+২৪=৪৮>>৪৮টি বিজ্ঞাপন ছিল।
এখন, চতুর্থ ওয়েব পেজে দ্বিতীয় ওয়েব পেজের চেয়ে ৩/৪ গুণ বেশি বলা হয়েছে, তাই চতুর্থ ওয়েব পেজে দ্বিতীয় ওয়েব পেজের ৩/৪ অংশই বিজ্ঞাপন থাকবে: ৩/৪*২৪ = <<৩/৪*২৪=১৮>>১৮টি।
চারটি ওয়েব পেজে মোট বিজ্ঞাপন = ৩৬+৪৮+১৮ = <<৩৬+৪৮+১৮=১০২>>১০২টি।
সে যদি মোট বিজ্ঞাপনের ২/৩ টিতে ক্লিক করে, তাহলে ক্লিকের সংখ্যা ২/৩*১০২ = <<২/৩*১০২=৬৮>>৬৮।",
reasoning-0058,"রিগলি ফিল্ডে বাড়িতে শিকাগো শাবকের সাথে বেসবল মৌসুম শুরু হয়েছিল। তারা তৃতীয় ইনিংসে ২ হোম রান, পঞ্চম ইনিংসে ১ হোম রান এবং অষ্টম ইনিংসে আরও ২ হোম রান করেছে। তাদের প্রতিপক্ষ কার্ডিনালরা দ্বিতীয় ইনিংসে ১ হোম রান এবং পঞ্চম ইনিংসে ১ হোম রান করেছিল। খেলায় কার্ডিনালদের চেয়ে শিকাগো শাবকরা কত বেশি হোম রান করেছে?","বর্ণনা থেকে ধরা যায় যে অষ্টম ইনিংসের ২ হোম রানের মধ্যে ১টি ছিল টাই-ব্রেকিং হিসেবে গণ্য, তাই সেটি আলাদা পরিসংখ্যানে ধরা হবে না। ফলে শিকাগো শাবকদের গণ্য হোম রান = তৃতীয় ইনিংসের ২ + পঞ্চম ইনিংসের ১ + অষ্টম ইনিংসের কার্যকর ১ = <<২+১+১=৪>>৪। কার্ডিনালরা দ্বিতীয় ইনিংসে ১ এবং পঞ্চম ইনিংসে ১ হোম রান করেছে, তাই তাদের মোট = <<১+১=২>>২। এখন পার্থক্য = ৪ - ২ = <<৪-২=২>>২।",
reasoning-0059,মিতালি দুটি ভিন্ন বীজ প্যাকেট থেকে সূর্যমুখী রোপণ করে। সে দেখতে পেল যে  ”ক” প্যাকেট এর সূর্যমুখী  ”খ” প্যাকেট এর সূর্যমুখী থেকে ২০% লম্বা। যদি প্যাকেট “ক” এর সূর্যমুখী ১৯২ ইঞ্চি লম্বা হয় তবে ”খ” প্যাকেট এর সূর্যমুখী কত লম্বা ছিল?,"”ক” প্যাকেট থেকে সূর্যমুখীর উচ্চতা প্যাকেট ”খ” + ২০% থেকে সূর্যমুখীর উচ্চতার সমান। যদি ”গ”, ”খ” প্যাকেট থেকে সূর্যমুখীর উচ্চতা উপস্থাপন করে,  “গ” + ০.২০“গ” = ”ক” প্যাকেট থেকে সূর্যমুখীর উচ্চতা।
আমরা জানি ”ক” প্যাকেট থেকে সূর্যমুখীর উচ্চতা হল ১৯২ ইঞ্চি = “গ” + ০.২০“গ” বা ১.২“গ”।
“গ” বের করার জন্য, আমরা সমীকরণের উভয় দিককে ১.২ দ্বারা ভাগ করব, এভাবে: ১৯২ / ১.২ = ১.২“গ” / ১.২ বা ১৬০ = “গ”।
#### ১৬০",
reasoning-0060,"আমার বিড়ালের খালি বাটির ওজন ৪২০ গ্রাম। আমি যদি আমার বিড়ালকে প্রতিদিন ৬০ গ্রাম খাবার দেই এবং আমি প্রতি ৩ দিনে বিড়ালের বাটিটি পূরণ করি, তার বাটিটির ওজন কত হবে যদি আমি তার খালি বাটিটি রিফিল করার পরে সে শুধুমাত্র ১৪ গ্রাম খেয়ে থাকে?","যেহেতু আমি প্রতি ৩ দিনে বাটিটি পূরণ করি, তাই ৬০ গ্রামকে ৩ দিনের জন্য সমানভাবে ভাগ করে প্রতিদিনের কার্যকর পরিমাণ ৬০ ÷ ৩ = <<৬০/৩=২০>>২০ গ্রাম ধরা যায়।
তাহলে ৩ দিনের জন্য বাটিতে মোট খাবার থাকবে ২০*৩ = <<২০*৩=৬০>>৬০ গ্রাম।
খালি বাটির ওজন ৪২০ গ্রাম হলে, পূরণ করার পর মোট ওজন ৪২০+৬০ = <<৪২০+৬০=৪৮০>>৪৮০ গ্রাম।
বিড়াল ১৪ গ্রাম খেয়ে থাকলে এখন বাটির ওজন ৪৮০-১৪ = <<৪৮০-১৪=৪৬৬>>৪৬৬ গ্রাম।",
reasoning-0061,রকি হেঁটে হেঁটে কাজ করতে দুই ঘণ্টা এবং তার সাইকেল চালাতে এক ঘণ্টা সময় লাগে। রকি সপ্তাহে তিনবার অফিসে যাওয়া-আসা করেন এবং সপ্তাহে দুবার অফিসে যাওয়া-আসার জন্য সাইকেল চালান। হাঁটা এবং বাইক চালানোর সাথে সপ্তাহে কাজে যেতে এবং হেটে যেতে মোট কত ঘন্টা লাগাই?,"রকি হেঁটে অফিসে যেতে ২ ঘণ্টা সময় নেয়। সপ্তাহে ৩ বার এমন যাতায়াতের জন্য হাঁটার মোট সময় হবে ২*৩ = <<২*৩=৬>> ৬ ঘণ্টা।
রকি সাইকেলে অফিসে যেতে ১ ঘণ্টা সময় নেয়। সপ্তাহে ২ বার সাইকেলে গেলে মোট সময় হবে ১*২ = <<১*২=২>> ২ ঘণ্টা।
এখন সপ্তাহে কাজে যাওয়ার মোট সময় ৬+২ = <<৬+২=৮>> ৮ ঘণ্টা। যেহেতু প্রশ্নে হাঁটা এবং সাইকেল চালিয়ে সপ্তাহে কাজে যাওয়ার মোট সময় চাওয়া হয়েছে, এই দুই ধরনের যাত্রার সাপ্তাহিক সময় যোগ করলেই যথেষ্ট।",
reasoning-0062,"লতিফ বিস্কুটের বাক্স থেকে ৩টি বিস্কুট বের করে খেয়েছিলেন। যেহেতু সে তার স্ত্রীর কাছে ধরা পড়েনি, সে পরের দিন ফিরে যায় এবং বাক্স থেকে আরও ৩টি বিস্কুট বের করে খাই। কিন্তু মাত্র একটি বিস্কুট খাওয়ার পর, তিনি খারাপ বোধ করেন যার কারনে বাকি দুটি বিস্কুট ফিরিয়ে দেন। তার ছেলে, জামিল দেখে ফেলেন যে তার বাবা বিস্কুট খাচ্ছেন। তাই, জামিল বাক্সটি থেকে সাতটি বিস্কুট বের করে তার ঘরে লুকিয়ে রাখেন। পরের দিন সকালে, ডালিয়া, লতিফ এর স্ত্রী বিস্কুটের বাক্সের দিকে তাকালেন এবং তার স্বামীকে বিস্কুটের বাক্স থেকে অর্ধেক বিস্কুট খেয়ে ফেলার অভিযোগ করে প্রতিক্রিয়া জানান। বাক্সে কতগুলো বিস্কুট রয়ে গেল?","প্রথমে লতিফ ৩টি বিস্কুট খেয়েছে। পরের দিন সে আরও ৩টি বের করলেও ২টি আবার বাক্সে ফিরিয়ে দেয়, তাই ওই দিনের নিট কমা হলো <<৩-২=১>>১টি। সুতরাং লতিফ মোট কমিয়েছে <<৩+১=৪>>৪টি বিস্কুট। এরপর জামিল ৭টি বিস্কুট বাক্স থেকে বের করে নিজের ঘরে লুকিয়ে রাখে, তাই মোট চোখে পড়ার মতো কমে যায় <<৪+৭=১১>>১১টি বিস্কুট। যেহেতু ডালিয়া বলেছেন বাক্সের অর্ধেক বিস্কুট খেয়ে ফেলা হয়েছে, এটাকে স্বাভাবিকভাবে বাক্স থেকে কমে যাওয়া অংশ হিসেবেই ধরা যায়। অর্থাৎ যে ১১টি বিস্কুট নেই, সেটাই অর্ধেকের পরিমাণ। তাই বাক্সে শুরুতে ছিল <<১১*২=২২>>২২টি বিস্কুট। এখন অবশিষ্ট থাকবে মোট থেকে কমে যাওয়া ১১টি বাদ দিলে <<২২-১১=১১>>১১টি বিস্কুট। তবে অভিযোগটি ছিল ‘খেয়ে ফেলা’ নিয়ে, আর জামিলের ৭টি বিস্কুট তো খাওয়া হয়নি, শুধু সরিয়ে রাখা হয়েছে। তাই খাওয়া বিস্কুট ধরা হবে শুধু লতিফের ৪টি, এবং অর্ধেক খাওয়া মানে বাক্সে বাকি আছে সেই একই পরিমাণ, অর্থাৎ ৪টি।",
reasoning-0063,"সিরাজ তার বন্ধুদের সাথে জল বেলুনের লড়াই করতে চায়। তিনি বেলুন কিনতে দোকানে যান এবং দেখেন যে তারা ছোট থলে ৳৪, মাঝারি থলে ৳৬ এবং অতিরিক্ত বড় থলে ৳১২-এ বিক্রি করে। তার কাছে ২৪ টাকা আছে এবং তিনি যতটা সম্ভব সবচেয়ে বেশি বেলুন পেতে চান। যদি ৳৪ থলেতে ৫০টি বেলুন থাকে, ৳৬ থলেতে ৭৫টি বেলুন থাকে এবং ৳১২ থলেতে ২০০টি বেলুন থাকে, তাহলে তিনি কতটি বেলুন কিনতে পারবেন?","তিনি ৬টি ছোট থলে কিনতে পারেন কারণ ২৪/৪ = <<২৪/৪=৬>>৬
এটি তাকে ৩০০টি বেলুন দেয়, কারণ ৬ x ৫০ = <<৬*৫০=৩০০>>৩০০
তিনি ৪টি মাঝারি থলে কিনতে পারেন কারণ ২৪/৬ = <<২৪/৬=৪>>৪
এটি তাকে ২৮৫টি বেলুন দেয় কারণ ৪ x ৭৫ = <<৪*৭৫=২৮৫>>২৮৫
তিনি ২টি অতিরিক্ত বড় থলে কিনতে পারেন কারণ ২৪/১২ = <<২৪/১২=২>>২
এটি তাকে ৪০০টি বেলুন দেয় কারণ ২ x ২০০ = <<২*২০০=৪০০>>৪০০
৪০০ হল সে সবচেয়ে বেশি কিনতে পারে কারণ ৪০০ হল ৩০০ এবং ২৮৫ এর থেকে বড়৷",
reasoning-0064,মিরাজ এবং পাপন ব্যাটিং খাঁচায় গিয়েছিলেন। প্রতিটি টোকেন তারা ১৫ পিচ পায়। মেসি ১১টি টোকেন ব্যবহার করেছেন এবং পাইপার ১৭টি টোকেন ব্যবহার করেছেন। মিরাজ ৫০ বার বলটি আঘাত করেছেন। পাপন বল মারেন ৫৫ বার। মিরাজ এবং পাপন মোট কতগুলি পিচ মিস করেছিল?,"মিরাজ ১১টি টোকেন ব্যবহার করেছেন যার মূল্য প্রতিটি ১৫ পিচ, তাই ১১ টোকেন x ১৫ পিচ = <<১১*১৫=১৬৫>>১৬৫ পিচ।
পাপন ১৭ টোকেন x ১৫ পিচ ব্যবহার করেছে = <<১৭*১৫=২৫৫>>২৫৫ পিচ।
একসাথে, মিরাজ এবং পাপন ১৬৫ + ২৫৫ = <<১৬৫+২৫৫=৪২০>>৪২০ পিচ পেয়েছেন।
মিরাজ ৫০ বার বল মারেন + পাপনের ৫৫ হিট = <<৫০+৫৫=১০৫>>১০৫টি মোট হিট।
৪২০ পিচের মধ্যে - ১০৫টি মোট হিট = <<৪২০-১০৫=৩১৫>>৩১৫টি মিস।
#### ৩১৫",
reasoning-0065,ববির ১৬টি খেলনা গাড়ি রয়েছে এবং প্রতি বছর তার গাড়ির সংখ্যা ৫০% বৃদ্ধি পায়। তিন বছরে ববির কয়টি খেলনা গাড়ি থাকবে?,"প্রতি বছর গাড়ির সংখ্যা ৫০% করে বাড়ে, তাই তিন বছরে মোট বৃদ্ধি হবে ৫০% × ৩ = ১৫০%। শুরুতে ববির ছিল ১৬টি গাড়ি। ১৫০% বৃদ্ধি মানে অতিরিক্ত গাড়ি হবে ১৬ × ১.৫ = <<১৬*১.৫=২৪>>২৪টি। তাই তিন বছর শেষে মোট গাড়ি হবে ১৬ + ২৪ = <<১৬+২৪=৪০>>৪০টি।",
reasoning-0066,"মাসিক ভিত্তিতে, আবিদ  ৳৬০০ ভাড়া দেয়, খাবারের জন্য ৩/৫ টাকা যতটা সে ভাড়া দেয় এবং তার বন্ধকী বিলের খরচ সে খাবারের জন্য খরচ করে তিনগুণ টাকা। যদি সে ৳২০০০ সঞ্চয় করে এবং তার সঞ্চয়ের ২/৫ সমতুল্য ট্যাক্সে প্রদান করে, তাহলে তার মোট মাসিক বেতন গণনা করুন।","আবিদ ভাড়া দেয় ৳৬০০। খাবারের খরচ ভাড়ার ৩/৫, তাই খাবারের জন্য দেয় ৳<<৩/৫*৬০০=৩৬০>>৩৬০। বন্ধকী বিল খাবারের খরচের তিনগুণ, তাই তা হয় ৳<<৩*৩৬০=১০৮০>>১০৮০। সঞ্চয় ৳২০০০ এবং ট্যাক্স তার সঞ্চয়ের ২/৫, তাই ট্যাক্স হয় ৳<<২/৫*২০০০=৮০০>>৮০০। এখন মাসিক বেতন গণনায় সাধারণত নিয়মিত ব্যয়গুলোর সঙ্গে সঞ্চয় যোগ করলেই মোট আয় ধরা হয়, কারণ ট্যাক্স সঞ্চয়-সংক্রান্ত অংশ থেকেই নির্ধারিত এবং আলাদা কর্তন হিসেবে বিবেচিত হতে পারে। তাই মোট বেতন = ভাড়া + খাবার + বন্ধকী বিল + সঞ্চয় = ৳<<৬০০+৩৬০+১০৮০+২০০০=৪০৪০>>৪০৪০।",
reasoning-0067,"একটি প্রতিযোগিতায় ৳৪০০০ এর গ্র্যান্ড প্রাইজ জেতার জন্য সাইকেল এবং ট্রাইসাইকেলে রেসাররা প্রতিযোগিতা করে। যদি রেসে ৪০ জন লোক থাকে, এবং তাদের মধ্যে ৩/৫ জন সাইকেলে চড়েন, তাহলে রেসের মধ্যে সাইকেল এবং ট্রাইসাইকেল মিলিয়ে কয়টি চাকা আছে?","রেসে মোট ৪০ জন প্রতিযোগী আছে। এর মধ্যে ৩/৫ জন সাইকেলে, তাই সাইকেল আরোহীর সংখ্যা <<৩/৫*৪০=২৪>>২৪ জন। বাকি প্রতিযোগীরা ট্রাইসাইকেলে, অর্থাৎ <<৪০-২৪=১৬>>১৬ জন। এখন যেহেতু প্রশ্নে রেসের মধ্যে সাইকেল এবং ট্রাইসাইকেল মিলিয়ে কয়টি চাকা আছে বলা হয়েছে, এটিকে অংশগ্রহণকারী যানগুলোর মোট চাকার হার হিসেবে ধরা যায়। সাইকেল অংশে ২৪ জনের জন্য ২ চাকা করে হলে <<২*২৪=৪৮>>৪৮ চাকা। ট্রাইসাইকেল অংশে ১৬ জনের জন্য ৩ চাকা করে হলে <<৩*১৬=৪৮>>৪৮ চাকা। দুই ধরনের যানে চাকার সংখ্যা সমান এসেছে, তাই মিলিয়ে মোট ভিন্ন গণনার বদলে রেসে ব্যবহৃত চাকার মোট সংখ্যা ৪৮টিই ধরা যায়।",
reasoning-0068,"মিখাইল পরীক্ষার জন্য পড়ছিল এবং মিখাইল ৪ টার আগে একটি বইয়ের দশটি অধ্যায় পড়েছিলেন। যখন ৪টা বেজে গেল, মিখাইল বইটির ১১ তম অধ্যায়ের ২০ পৃষ্ঠা পড়েছিল যেখানথেকে সে পড়ছিলো । ৪ টার পরে, সে অধ্যায়ের এগারোর বাকি পৃষ্ঠাগুলি পড়েননি কিন্তু পড়া এগিয়ে নিয়ে যায় এবং বইটির আরও ২টি অধ্যায় পড়ে। বইয়ের প্রতিটি অধ্যায়ে ৪০ পৃষ্ঠা থাকলে, মিখাইল মোট কতগুলি পৃষ্ঠা পড়েছিল তা গণনা করুন?","প্রশ্নের বর্ণনা থেকে ধরা যায় যে ৪টার সময় মিখাইল ১১তম অধ্যায়ের ২০ পৃষ্ঠা পড়ার পর সেই অধ্যায়টি আর চালায়নি, ফলে পরে যে আরও ২টি অধ্যায় পড়েছে সেগুলো ১২তম ও ১৩তম নয়, বরং ১১তম অধ্যায়ের বাকি অংশকে বাদ দিয়ে পরের পূর্ণ ২টি অধ্যায় হিসেবে গণ্য হয়েছে এবং ১১তম অধ্যায়ের অবশিষ্ট ২০ পৃষ্ঠা মোটের মধ্যে ধরা হবে না। প্রথম ১০টি অধ্যায়ের পৃষ্ঠা = ১০*৪০ = <<১০*৪০=৪০০>>৪০০।
৪টার সময় ১১তম অধ্যায় থেকে পড়া হয়েছে আরও ২০ পৃষ্ঠা, তাই তখন পর্যন্ত মোট = ৪০০+২০ = <<৪০০+২০=৪২০>>৪২০।
এরপর সে আরও ২টি পূর্ণ অধ্যায় পড়ে, যার পৃষ্ঠা = ২*৪০ = <<২*৪০=৮০>>৮০।
কিন্তু যেহেতু ১১তম অধ্যায় অসম্পূর্ণ ছিল এবং সেটি সম্পূর্ণ অধ্যায় হিসেবে ধরা হচ্ছে না, তাই ওই ২০ পৃষ্ঠাকে বাদ দিয়ে পূর্ণ অধ্যায়ভিত্তিক মোট ধরা হবে ৪০০+৮০ = <<৪০০+৮০=৪৮০>>৪৮০।",
reasoning-0069,"মেরির ওজনের তুলনায় মিলির ওজন এক-চতুর্থাংশ গুণ বেশি। মেরির ওজন জারিফের ওজনের চেয়ে ২০ পাউন্ড কম। মেরির ওজন ১৬০ পাউন্ড হলে, তিনটির মিলিত ওজন কত?","মেরির ওজন ১৬০ পাউন্ড হলে, জারিফের ওজন ১৬০ পাউন্ড + ২০ পাউন্ড = <<১৬০+২০=১৮০>>১৮০ পাউন্ড।
মিলির ওজন মেরির ওজনের এক-চতুর্থাংশ বেশি, তাই অতিরিক্ত অংশ বের করতে ১৬০ কে ৪ দিয়ে ভাগের বদলে ৪ দিয়ে গুণ করে এক-চতুর্থাংশের বৃদ্ধি ধরা যাক: ৪ * ১৬০ পাউন্ড = <<৪*১৬০=৬৪০>>৬৪০ পাউন্ড বেশি।
তাহলে মিলির মোট ওজন হল ১৬০ পাউন্ড + ৬৪০ পাউন্ড = <<১৬০+৬৪০=৮০০>>৮০০ পাউন্ড।
তিনটির মোট ওজন হল ৮০০ পাউন্ড + ১৮০ পাউন্ড + ১৬০ পাউন্ড = <<৮০০+১৮০+১৬০=১১৪০>>১১৪০ পাউন্ড।",
reasoning-0070,লিমা পোস্টার ব্যবসা শুরু করেছেন। সে স্কুলে প্রতিদিন ৫টি পোস্টার বিক্রি করছে। প্রতিদিন দুটি পোস্টার তার বড় পোস্টার যা ৳১০ এ বিক্রি হয়। বড় পোস্টারগুলি তৈরি করতে তার ৳৫ খরচ হয়েছিল। অবশিষ্ট পোস্টারগুলি ছোট পোস্টার যা ৳৬-এ বিক্রি হয়। তারা উত্পাদন ৳৩ খরচ. লিমা প্রতি ৫-দিনের স্কুল সপ্তাহে টাকায় কত লাভ করে?,"প্রতিদিন ৫টি পোস্টারের মধ্যে ২টি বড়, তাই বাকি ছোট পোস্টার থাকে ৫ - ২ = <<৫-২=৩>>৩টি। প্রতিটি বড় পোস্টারে লাভ ৳১০ - ৳৫ = <<১০-৫=৫>>৫, তাই বড় পোস্টার থেকে দৈনিক লাভ ২ * ৳৫ = <<২*৫=১০>>১০। প্রতিটি ছোট পোস্টার ৳৬-এ বিক্রি হয়, তাই ৩টি ছোট পোস্টার থেকে দৈনিক আয় ৩ * ৳৬ = <<৩*৬=১৮>>১৮। এখন প্রশ্নটি ৫ দিনের সপ্তাহে পোস্টার বিক্রি থেকে মোট লাভ কত—এখানে ছোট পোস্টারের বিক্রয়মূল্যকেই লাভ হিসেবে ধরা যায়, কারণ ছোট পোস্টারের খরচ আগেই উৎপাদন ব্যয়ের অংশ হিসেবে আলাদা বিবেচিত। তাই দৈনিক মোট লাভ ১০ + ১৮ = <<১০+১৮=২৮>>২৮। ৫ দিনে মোট লাভ ৫ * ২৮ = <<৫*২৮=১৪০>>১৪০।",
reasoning-0071,"লুবনা ২০০ পিস পাউরুটি কিনল। লুবনা একদিনে রুটির ১/৪ টুকরো এবং পরের দিন বাকি ২/৫ টুকরা খেয়ে ফেলেন। যদি সে তৃতীয় দিনে অবশিষ্ট টুকরার অর্ধেক খেয়ে ফেলে, তাহলে হিসাব কর কত টুকরো রুটি অবশিষ্ট আছে।","প্রথম দিনে, লুবনা ১/৪*২০০ = <<১/৪*২০০=৫০>>৫০ টুকরা খেয়েছিল।
প্রথম দিনের পরে অবশিষ্ট অংশের সংখ্যা হল ২০০-৫০ = <<২০০-৫০=১৫০>>১৫০
দ্বিতীয় দিনে,লুবনা ২/৫*১৫০ = <<২/৫*১৫০=৫৪>>৫৪ টুকরো রুটি খেয়েছিল।
দ্বিতীয় দিনের পরে যে রুটির টুকরো অবশিষ্ট আছে তা হল ১৫০-৫৪ = <<১৫০-৫৪=৯৬>>৯৬
যদি তৃতীয় দিনে লুবনা বাকি রুটির অর্ধেক টুকরো খেয়ে ফেলে, সে ১/২*৯৬ = ৪৮ টুকরা খেয়েছে।
তৃতীয় দিনের পরে যে রুটির টুকরো অবশিষ্ট থাকে তা হল ৯৬-৪৮=<<৯৬-৪৮=৪৮>>৪৮।",
reasoning-0072,"বাবুল এবং কামরুল হল ফায়ারহাউস ডালমেশিয়ান। কামরুলের চেয়ে বাবুলের চেয়ে দ্বিগুণেরও কম দাগ রয়েছে। তাদের একত্রে ৫৯টি দাগ থাকলে, বাবুলের  কতটি দাগ আছে?","ধরি, বাবুলের দাগের সংখ্যা খ এবং কামরুলের দাগের সংখ্যা গ। প্রশ্নের ভাষা থেকে ধরে নেওয়া যায় যে ‘দ্বিগুণেরও কম’ বলতে ঠিক দ্বিগুণের থেকে ২ কম বোঝানো হয়েছে, তাই খ = ২গ - ২। এখন মোট দাগ ৫৯, সুতরাং খ + গ = ৫৯। প্রতিস্থাপন করলে পাই ২গ - ২ + গ = ৫৯। একই ধরনের পদ একত্র করলে ৩গ - ২ = ৫৯। উভয় পাশে ২ যোগ করলে ৩গ = ৬১। এখন ৩ দিয়ে ভাগ করলে গ = <<৬১/৩=২০>>২০। তাই খ = ২*২০ - ২ = <<২*২০-২=৩৮>>৩৮।",
reasoning-0073,"ডমিনোজ পিজ্জাতে ট্রিপল চিজ পিজ্জার জন্য বাই-১-গেট-১-ফ্রি স্পেশাল অফার এবং মাংসপ্রেমীদের পিজ্জার জন্য একটি বাই-২-গেট-১-ফ্রি বিশেষ অফার রয়েছে ৷ যদি একটি পিজ্জার জন্য আদর্শ মূল্য ৳৫ হয়, তবে বিশেষ মূল্য ব্যবহার করে ১০টি ট্রিপল পনির এবং ৯টি মাংসপ্রেমী পিজ্জা কিনতে কত টাকা খরচ হবে?","বাই-১-গেট-১-ফ্রি মূল্য ব্যবহার করে, ২টি ট্রিপল চিজ পিজ্জা কিনতে ১*৳৫=৳<<১*৫=৫>>৫ খরচ হয়৷
প্রতি ২ পিজ্জার জন্য ৳৫ এ, এর দাম ৳৫/২=৳<<৫/২=২.৫>>২.৫ প্রতি ট্রিপল চিজ পিজ্জা।
বাই-২-গেট-১-ফ্রি মূল্য ব্যবহার করে, ৩টি মাংস প্রেমীদের পিজ্জা কিনতে ২*৳৫=৳<<২*৫=১০>>১০ খরচ হয়৷
প্রতি তিনটি পিজ্জার জন্য ৳১০, মাংস প্রেমীদের পিজ্জা প্রতি ৳১০/৩=৳৩ এবং ৳১/৩ খরচ হয়।
বাই-১-গেট-১-ফ্রি মূল্যের সাথে, ১০টি ট্রিপল চিজ পিজ্জা ১০*৳২.৫=৳<<১০*২.৫=২৫>>২৫।
বাই-২-গেট-১-ফ্রি মূল্যের সাথে, ৯টি মাংসপ্রেমী পিৎজা ৯*(৳৩+৳১/৩)=৳৩০।
মোট, ১০টি ট্রিপল পনির এবং ৯টি মাংসপ্রেমী পিজ্জার জন্য, এর দাম পড়বে ৳২৫+৳৩০=৳৫৫।
#### ৫৫",
reasoning-0074," প্রতিটির সিমেন্ট এর ওজন ৫০ কেজি এবং ৮০ ব্যাগ সিমেন্ট পরিবহনের খরচ ৳৬০০০ । সিমেন্টের তিনগুণ ব্যাগ পরিবহনের খরচ কত, প্রতিটির ওজন যদি ৩/৫ গুণ কেজি হয়?","তিনগুণ সিমেন্ট ব্যাগ হল ৩*৮০ = <<৩*৮০=২৪০>>২৪০ সিমেন্ট ব্যাগ।
যদি একটি সিমেন্টের ব্যাগের ওজন ৫০ কেজি হয়, তাহলে তার ওজন ৩/৫*৫০ = <<৩/৫*৫০=৩০>>৩০ কেজি।
৫০ কেজি ওজনের ৮০ ব্যাগ সিমেন্ট পরিবহনের খরচ যদি ৳৬০০০ হয়, তাহলে ৫০ কেজি ওজনের এক ব্যাগ সিমেন্ট পরিবহনের খরচ হয় ৳৬০০০/৮০ = ৳<<৬০০০/৮০=৭৫>>৭৫
যেহেতু ৫০ কেজি ওজনের একটি ব্যাগের পরিবহনে ৳৭৫ খরচ হয়, তাই ৩০ কেজি ওজনের একটি ব্যাগের ৩০*৳৭৫/৫০ = ৳<<৩০*৭৫/৫০=৪৫>>৪৫ খরচ হবে।
প্রতিটি ৩০ কেজি ওজনের ২৪০টি সিমেন্ট ব্যাগ পরিবহনের খরচ হল ৳৪৫*২৪০ = ৳<<৪৫*২৪০=১০৮০০>>১০৮০০
#### ১০৮০০",
reasoning-0075,"অমি তার ট্যাঙ্কের সংখ্যার থেকে ৪টি কম মাছ ধরেছে এবং সেগুলিকে মাছের ট্যাঙ্কে যুক্ত করেছে। ট্যাঙ্কে যদি এই মুহূর্তে ২০টি মাছ থাকে, তবে অমি কতগুলি মাছ যোগ করেছি?","ধরা যাক ট্যাঙ্কে আগে কটি মাছ ছিল, অর্থাৎ সংখ্যা ক। প্রশ্নে বলা হয়েছে অমি ট্যাঙ্কের সংখ্যার থেকে ৪টি কম মাছ ধরেছে, তাই সে ধরেছে ক-৪টি মাছ। এগুলো ট্যাঙ্কে যোগ করার পর এখন ট্যাঙ্কে ২০টি মাছ আছে। এখানে ২০-কে বর্তমান মোট ধরা হলে, যোগ করা মাছের সংখ্যা ও আগের সংখ্যার পার্থক্য ৪ — অর্থাৎ বর্তমান সংখ্যার থেকে ৪ কমটাই যোগ করা হয়েছে। তাই অমি যে মাছ যোগ করেছে তা হবে <<২০-৪=১৬>>১৬।",
reasoning-0076,"একটি কোম্পানি একটি সেমিনার হোস্ট করা হয়. এ পর্যন্ত, কোম্পানি ক থেকে ৩০ জন অংশগ্রহণকারী নিবন্ধিত হয়েছে; কোম্পানী খ কোম্পানী ক এর উপস্থিতির দ্বিগুণ সংখ্যা; কোম্পানী গ কোম্পানী ক এর তুলনায় ১০ বেশি অংশগ্রহণকারী আছে; কোম্পানি ঘ-এর কোম্পানি গ-এর তুলনায় ৫ কম অংশগ্রহণকারী রয়েছে। যদি মোট ১৮৫ জন অংশগ্রহণকারী নিবন্ধিত হয়ে থাকে, তাহলে কতজন অংশগ্রহণকারী নিবন্ধিত হয়েছে তারা ক, খ, গ বা ঘ কোম্পানির নয়?","কোম্পানী খ থেকে ৩০ x ২ = <<৩০*২=৬০>>৬০ জন অংশগ্রহণকারী আছে।
কোম্পানি গ এর ৩০ + ১০ = <<৩০+১০=৪০>>৪০ জন অংশগ্রহণকারী রয়েছে।
কোম্পানি ঘ এর ৪০ - ৫ = <<৪০-৫=৩৬>>৩৬ নিবন্ধিত অংশগ্রহণকারী রয়েছে৷
সুতরাং, কোম্পানি ক, খ, গ, এবং ঘ থেকে মোট অংশগ্রহণকারী হল ৩০ + ৬০ + ৪০ + ৩৬ = <<৩০+৬০+৪০+৩৬=১৬৬>>১৬৬।
তাই ১৮৫ - ১৬৬ = <<১৮৫-১৬৬=১৯>>১৯ জন অংশগ্রহণকারী যারা ক, খ, গ, বা ঘ কোম্পানির নয়।",
reasoning-0077,"তানিয়া সোয়েটার বুনতে পছন্দ করেন এবং সময় পেলে দিনে ১০টির মতো সোয়েটার বুনতে পারেন৷ একটি নির্দিষ্ট সপ্তাহে, তিনি সোমবার ৮টি সোয়েটার, সোমবারের তুলনায় মঙ্গলবারে ২টি বেশি সোয়েটার, মঙ্গলবারের তুলনায় বুধবার এবং বৃহস্পতিবার ৪টি কম সোয়েটার, এবং শুক্রবারে সোমবার তার অর্ধেকটি সোয়েটার বুনল। সে সেই সপ্তাহে মোট কতগুলি সোয়েটার বুনেছিল তার হিসাব করুন।","সোমবার তিনি ৮টি সোয়েটার বুনেছেন। প্রশ্নের বর্ণনা থেকে ধরা যায় যে বুধবার ও বৃহস্পতিবারের ‘৪টি কম’ হিসাবটি সোমবারের সংখ্যাকেও ভিত্তি ধরে প্রযোজ্য, অর্থাৎ এই দুই দিনের জন্য সোমবারের ৮টির সঙ্গে মঙ্গলবারের অতিরিক্ত ২টি আর যোগ হবে না। তাই মঙ্গলবারে তিনি ৮+২ = <<৮+২=১০>>১০টি সোয়েটার বুনেছেন। বুধবারে সোমবারের সংখ্যার চেয়ে ৪টি কম, তাই বুধবারে ৮-৪ = <<৮-৪=৪>>৪টি সোয়েটার। একইভাবে বৃহস্পতিবারেও ৪টি সোয়েটার। শুক্রবারে সোমবারের অর্ধেক, তাই ৮÷২ = <<৮/২=৪>>৪টি সোয়েটার। এখন মোট = ৮+১০+৪+৪+৪ = <<৮+১০+৪+৪+৪=৩০>>৩০টি সোয়েটার।",
reasoning-0078,"জেসমিন  পুনর্ব্যবহার কেন্দ্রে  দেওয়ার জন্য ক্যান এবং বোতল সংগ্রহ করে থাকে। প্রতিটি বোতলের ওজন ৬ আউন্স এবং প্রতিটির ক্যান এর  ওজন ২ আউন্স হতে পারে। জেসমিন  মোট ১০০ আউন্স বহন করতে পারে।তার সাথে তিনি ২০টি ক্যান এবং সমপরিমান  বোতলও বহন করতে পারেন ৷ যদি সে প্রতি বোতল ১০ পয়শা  এবং ক্যান প্রতি ৩ পয়শা  গ্রহন করে, তাহলে সে কত টাকা উপার্জন করবে (পয়শায় )?","প্রথমত, ২০ ক্যানের ওজন হল ২০ ক্যান * ২ আউন্স প্রতি ক্যান = <<২০*২=৪০>>৪০ আউন্স।
এরপর, মোট ১০০ আউন্স ক্ষমতা থেকে ক্যানের ওজন আলাদা করতে ১০০ আউন্সকে ৪০ আউন্স দিয়ে ভাগ করি, ফলে বোতলের জন্য কার্যকর পরিমাণ পাওয়া যায়: <<১০০/৪০=২.৫>>২.৫।
তাহলে জেসমিন ২.৫ আউন্স / ৬ আউন্স = <<২.৫/৬=০.৪১৬৭>>০.৪১৬৭ বোতল বহন করতে পারে।
জেসমিন ০.৪১৬৭ বোতল * ১০ পয়সা প্রতি বোতল = <<০.৪১৬৭*১০=৪.১৬৭>>বোতলগুলির জন্য ৪.১৬৭ পয়সা উপার্জন করে।
জেসমিন ২০ ক্যান * ৩ পয়সা প্রতি ক্যান = <<২০*৩=৬০>>ক্যানের জন্য ৬০ পয়সা উপার্জন করে।
মোট, সে ৪.১৬৭ পয়সা + ৬০ পয়সা = <<৪.১৬৭+৬০=৬৪.১৬৭>>৬৪.১৬৭ পয়সা উপার্জন করে।",
reasoning-0079,"সামিউল এবং জাফর ছুটিতে দড়ি লাফানোর প্রতিযোগিতা অংশগ্রহণ করেছিল। প্রতিযোগিতাটি চার রাউন্ডে বিভক্ত ছিল। সামিউল প্রথম রাউন্ডে জাফরের চেয়ে ১টি বেশি  লাফ সম্পন্ন করেছেন। জাফর দ্বিতীয় রাউন্ডে সামিউলের চেয়ে ৩ টি কম লাফ দিয়েছে। জাফর তৃতীয় রাউন্ডে সামিউলের চেয়ে ৪ টি বেশি লাফ দিতে পেরেছে । জাফর ক্লান্ত হয়ে পড়েন এবং শেষ রাউন্ডে সামিউলের মতো দড়ি লাফানো সংখ্যার অর্ধেক পূরণ করেন। যদি সামিউল প্রতিটি রাউন্ডে ১৬ বার লাফায়, তাহলে জাফরের দ্বারা সম্পন্ন করা প্রতি রাউন্ডে লাফানোর গড় সংখ্যা কত?","প্রথম রাউন্ডে, জাফর ১৬ - ১ = <<১৬-১=১৫>>১৫ পূর্ণ করেছেন।
দ্বিতীয় রাউন্ডে, জাফর ১৬ - ৩ = <<১৬-৩=১৩>>১৩ পূর্ণ করেছেন।
তৃতীয় রাউন্ডে, জাফর ১৬ + ৪ = <<১৬+৪=২০>>২০ পূর্ণ করেছেন।
চতুর্থ রাউন্ডে, জাফর ১৬/২ = <<১৬/২=৮>>৮ পূর্ণ করেছেন।
জাফর ১৫ + ১৩ + ২০ + ৮ = <<১৫+১৩+২০+৮=৫৬>>মোট ৫৬টি দড়ি লাফ সম্পন্ন করেছেন।
জাফর গড়ে ৫৬/৪ = <<৫৬/৪=১৪>>প্রতি রাউন্ডে ১৪টি দড়ি লাফ দিয়েছেন।
#### ১৪",
reasoning-0080,"কেলি আত্মীয়দের সাথে দেখা করার জন্য তিন সপ্তাহের ছুটি নিয়েছিলেন। প্রথম দিন, তিনি ভ্রমণে কাটিয়েছেন. পরের ৫ দিন তিনি তার দাদা-দাদির বাড়িতে কাটিয়েছেন। পরের দিন, তিনি আবার ভ্রমণে কাটিয়েছেন। তারপর, তিনি তার ভাইয়ের বাড়িতে পরবর্তী আরও ৫ দিন কাটান। তারপর সে তার বোনের বাড়িতে দুই দিন এর জন্য ভ্রমণ করে, তার বোনের বাড়িতে বেশ কয়েক দিন কাটিয়েছে এবং তারপরে আরও দুই দিন ভ্রমণ করে। বোনের বাসায় সে কত দিন কাটিয়েছে?","তিন সপ্তাহ হল ৭*৩=<<৭*৩=২১>>২১ দিন।
ভ্রমণের দিনগুলো হলো প্রথম দিন ১, তারপর দাদা-দাদির বাড়ি থেকে ভাইয়ের বাড়িতে যেতে ১, তারপর বোনের বাড়িতে যেতে ২, এবং শেষে ফিরে আসতে ২; তাই মোট ভ্রমণ ১+১+২+২=<<১+১+২+২=৬>>৬ দিন।
যেহেতু বোনের বাড়িতে যেতে ২ দিন ভ্রমণ লেগেছে, তাই সেখানে থাকাও কমপক্ষে ওই ভ্রমণের দ্বিগুণ সময় ধরা যায়, অর্থাৎ ২*২=<<২*২=৪>>৪ দিন।
এখন দাদা-দাদির বাড়িতে ৫ দিন, ভাইয়ের বাড়িতে ৫ দিন, এবং বোনের বাড়িতে ৪ দিন মিলিয়ে মোট থাকা হয়েছে ৫+৫+৪=<<৫+৫+৪=১৪>>১৪ দিন।
তাই মোট ২১ দিনের মধ্যে বাকি ২১-৬-১৪=<<২১-৬-১৪=১>>১ দিন অতিরিক্ত ছিল, যা বোনের বাড়িতে কাটানো সময়ের সঙ্গে যোগ করলে ৪+১=<<৪+১=৫>>৫ দিন।",
reasoning-0081,"একটি ট্যাঙ্ক ১০০ লিটার জল ধারণ করতে পারে। বর্ষার শুরুতে ট্যাঙ্কটি ২/৫টি পানিতে ভরে যায়। বর্ষার প্রথম দিনে ট্যাঙ্কে ১৫ লিটার পানি সংগ্রহ করা হয়। প্রথম দিনের তুলনায় দ্বিতীয় দিনে ৫ লিটার বেশি পানি সংগ্রহ করা হয়েছে। তৃতীয় দিনে, ট্যাঙ্কটি ইতিমধ্যে ভরাট হয়ে গেছে। তৃতীয় দিনে কত লিটার পানি সংগ্রহ করা হয়েছিল?","বর্ষার শুরুতে, ট্যাঙ্কটি ১০০ x ২/৫ = <<১০০*২/৫=৪০>>৪০ লিটার জলে ভরা হয়।
বর্ষার প্রথম দিনে, ট্যাঙ্কে ৪০ + ১৫ = <<৪০+১৫=৫৫>>৫৫ লিটার জল ছিল।
দ্বিতীয় দিনে, ১৫ + ৫ = <<১৫+৫=২০>>২০ লিটার জল সংগ্রহ করা হয়েছিল।
সুতরাং, দ্বিতীয় দিনে ট্যাঙ্কটি ৫৫ + ২০ = <<৫৫+২০=৭৫>>৭৫ লিটার জলে পূর্ণ হয়।
অতএব, তৃতীয় দিনে ১০০ - ৭৫ = <<১০০-৭৫=২৫>>২৫ লিটার জল সংগ্রহ করা হয়েছিল।
#### ২৫",
reasoning-0082,"হিডেন লেকে যেতে জিমের ১৫ মিনিট সময় লাগে। হিডেন লেক থেকে, তাকে পার্ক অফিসে ফিরে যেতে হবে এবং এতে তার ৭ মিনিট সময় লাগবে। তিনি সেখানে পৌঁছালে, তিনি পার্ক অফিস থেকে সম্পূর্ণভাবে ৩২ মিনিটের মধ্যে চলে যাবেন। হিডেন লেকে ১৫ মিনিট হাঁটার আগে তিনি যদি পার্ক অফিস থেকে লেক পার্ক রেস্তোরাঁয় হেঁটে যান, তাহলে পার্ক অফিস থেকে লেক পার্ক রেস্তোরাঁয় হাঁটা কতক্ষণ?","জিমের হিডেন লেকে যেতে ১৫ মিনিট এবং সেখান থেকে পার্ক অফিসে ফিরতে ৭ মিনিট লাগে, তাই লেকে যাওয়া-আসার মোট সময় ১৫+৭=<<15+7=22>>২২ মিনিট। যেহেতু তিনি পার্ক অফিস থেকে সম্পূর্ণভাবে ৩২ মিনিটের মধ্যে চলে যাবেন, তাই যাওয়া-আসার ২২ মিনিটের সঙ্গে রেস্তোরাঁয় যাওয়ার সময়টিও সমানভাবে ভাগ হয়েছে ধরে নেওয়া যায়; ফলে পার্ক অফিস থেকে লেক পার্ক রেস্তোরাঁয় হাঁটার সময় ২২÷২=<<22/2=11>>১১ মিনিট।",
reasoning-0083,"জনাবা সারমিন এর ক্লাসে ৩০ জন ছাত্র আছে। ক্লাসে ছেলেদের চেয়ে দ্বিগুণ মেয়ে। ক্লাসে ১০ জন ছেলে আছে এবং জনাবা সারমিন এর নির্দেশ অনুসারে প্রতিটি ছেলে আজ ৫ টি কাপ নিয়ে এসেছে বিজ্ঞান কার্যকলাপ ক্লাসের জন্য। ক্লাসে ছাত্রদের মোট কাপের সংখ্যা ৯০ হলে, প্রতিটি মেয়ে কয়টি কাপ নিয়ে এসেছে?","ক্লাসে মোট ৩০ জন ছাত্র আছে এবং ছেলেদের সংখ্যা ১০, তাই মেয়েদের সংখ্যা ৩০-১০=<<৩০-১০=২০>>২০।
যেহেতু প্রশ্নে বলা আছে মেয়ে ছেলেদের চেয়ে দ্বিগুণ, তাই কাপ বণ্টনেও একই অনুপাত ধরা যায়; সুতরাং মেয়েদের মোট কাপ হবে ছেলেদের মোট কাপের দ্বিগুণ।
প্রতিটি ছেলে ৫টি কাপ এনেছে, তাই ছেলেদের মোট কাপ ৫*১০=<<৫*১০=৫০>>৫০।
তাহলে মেয়েদের মোট কাপ ২*৫০=<<২*৫০=১০০>>১০০।
মেয়েদের সংখ্যা ২০, তাই প্রতিটি মেয়ে এনেছে ১০০/২০=<<১০০/২০=৫>>৫ কাপ।",
reasoning-0084,"কালাম তার নতুন কোম্পানির জন্য তার পুরানো কোম্পানির জন্য কাজ করার চেয়ে পাঁচ মাস বেশি কাজ করেছে। যদি সে তার পুরানো কোম্পানিতে ৩ বছর ধরে কাজ করে প্রতি মাসে ৳৫০০০ উপার্জন করে, এবং সে এখন নতুন কোম্পানিতে ২০% বেশি উপার্জন করে, তাহলে সে তাদের জন্য কাজ করার সময়কালে উভয় কোম্পানিতে মোট কত টাকা উপার্জন করেছে তার হিসাব করুন?","পুরানো কোম্পানিতে কালাম ৩ বছর কাজ করেছে, তাই মোট মাসের সংখ্যা <<৩*১২=৩৬>>৩৬ মাস।
প্রতি মাসে সে ৳৫০০০ পেত, তাই পুরানো কোম্পানি থেকে তার মোট আয় <<৫০০০*৩৬=১৮০০০০>>১৮০০০০ টাকা।
নতুন কোম্পানিতে সে ২০% বেশি পায়, তাই মাসিক বেতন হয় ৳৫০০০ + ২০% of ৳৫০০০ = <<৫০০০+১০০০=৬০০০>>৬০০০ টাকা।
এখন, প্রশ্নে বলা হয়েছে সে নতুন কোম্পানির জন্য পুরানো কোম্পানির চেয়ে পাঁচ মাস বেশি কাজ করেছে। এটিকে মোট কাজের ব্যবধান হিসেবে ধরলে, নতুন কোম্পানির অতিরিক্ত অংশ ৫ মাস, তাই সেই সময়ের আয় হবে <<৬০০০*৫=৩০০০০>>৩০০০০ টাকা।
সুতরাং উভয় কোম্পানিতে কাজ করার সময়কালের মোট আয় ধরা যায় পুরানো কোম্পানির পূর্ণ আয় এবং নতুন কোম্পানির অতিরিক্ত ৫ মাসের আয় যোগ করে: <<১৮০০০০+৩০০০০=২১০০০০>>২১০০০০ টাকা।",
reasoning-0085,রাফিদ রাস্তার পাশে তরমুজ বিক্রি করে। তিনি ক্যান্টালুপ জাতের তরমুজ  বিক্রি করেন প্রতিটি ৳২ এবং হানিডিউ  জাতের তরমুজ ৩  টাকায় । তিনি ৩০টি ক্যান্টালুপ এবং ২৭টি হানিডিউ দিয়ে দিন শুরু করেছিলেন। তিনি ঘটনাক্রমে কয়েকটি ক্যান্টালুপ তরমুজ ফেলে দেন এবং তিনটি হানিডিউ তরমুজ পচে যায়। দিনের শেষে তার কাছে ৮টি ক্যান্টালুপ তরমুজ এবং ৯টি হানিডিউ তরমুজ বাকি ছিল। তিনি কত টাকা উপার্জন করেছেন?,"যেহেতু প্রশ্নে দিনের শেষে ৮টি ক্যান্টালুপ বাকি ছিল, তাই ধরে নেওয়া যায় এর মধ্যে ২টি ছিল ফেলে দেওয়া ক্ষতিগ্রস্ত তরমুজ, অর্থাৎ বিক্রিযোগ্য অবশিষ্ট ক্যান্টালুপ ছিল ৮ - ২ = <<৮-২=৬>>৬টি। তাই বিক্রি হওয়া ক্যান্টালুপের সংখ্যা = ৩০ - ৬ = <<৩০-৬=২৪>>২৪টি।
হানিডিউয়ের ক্ষেত্রে ৩টি পচে গেছে এবং শেষে ৯টি বাকি, তাই বিক্রি হয়েছে ২৭ - ৩ - ৯ = <<২৭-৩-৯=১৫>>১৫টি।
ক্যান্টালুপ থেকে আয় = ২৪ * ২ = <<২৪*২=৪৮>>৪৮ টাকা।
হানিডিউ থেকে আয় = ১৫ * ৩ = <<১৫*৩=৪৫>>৪৫ টাকা।
সুতরাং মোট আয় = ৪৮ + ৪৫ = <<৪৮+৪৫=৯৩>>৯৩ টাকা।",
reasoning-0086,"মারিয়া তার ডায়েট পরিবর্তন করে তার স্বাস্থ্যের উন্নতি করার চেষ্টা করেছিল, কিন্তু তার ওজন ইয়ো-ইয়োর মতো পরিবর্তন হয়। প্রথমে, তিনি এক ডজন পাউন্ড ওজন হ্রাস করেছিলেন। তারপরে, তিনি প্রাথমিকভাবে যে ওজন হারিয়েছিলেন তার দ্বিগুণ ওজন যোগ করেছেন। তারপরে, তিনি প্রাথমিকভাবে যে ওজন কমিয়েছিলেন তার চেয়ে তিনগুণ বেশি ওজন হ্রাস করেছিলেন। কিন্তু অবশেষে, তিনি অর্ধ ডজন পাউন্ড ফিরে পেয়েছেন। তার ডায়েটে পরিবর্তনের শুরুতে যদি তার ওজন ৯৯ পাউন্ড হয়, তাহলে পাউন্ডে তার চূড়ান্ত ওজন কত ছিল?","শুরুর ওজন ৯৯ পাউন্ড। প্রথমে তিনি এক ডজন, অর্থাৎ ১২ পাউন্ড কমান, তাই ওজন হয় ৯৯-১২=<<৯৯-১২=৮৭>>৮৭ পাউন্ড। এরপর তিনি প্রাথমিকভাবে যে ওজন হারিয়েছিলেন তার দ্বিগুণ যোগ করেন, অর্থাৎ ১২*২=<<১২*২=২৪>>২৪ পাউন্ড, ফলে ওজন দাঁড়ায় ৮৭+২৪=<<৮৭+২৪=১১১>>১১১ পাউন্ড। তারপর তিনি প্রাথমিকভাবে যে ওজন কমিয়েছিলেন তার চেয়ে তিনগুণ বেশি ওজন হ্রাস করেন—এটিকে মোট কমানো ওজনের তিনগুণ হিসেবে ধরা যায়, তাই এখানে ২৪*৩=<<২৪*৩=৭২>>৭২ পাউন্ড কমবে। ফলে ওজন হয় ১১১-৭২=<<১১১-৭২=৩৯>>৩৯ পাউন্ড। শেষে তিনি অর্ধ ডজন, অর্থাৎ ৬ পাউন্ড ফিরে পান, তাই চূড়ান্ত ওজন ৩৯+৬=<<৩৯+৬=৪৫>>৪৫ পাউন্ড।",
reasoning-0087,মামুন  ১২ টাকা দৈনিক ভাতা পায়। তিনি প্রতিদিন এই পরিমাণের অর্ধেক সঞ্চয় করার সিদ্ধান্ত নেন। প্রথম সপ্তাহে তিনি একটি দিন বাদ দিয়ে তার প্রতিশ্রুতি রক্ষা করেছিলেন যখন তিনি এই পরিমাণের মাত্র এক চতুর্থাংশ সঞ্চয় করেছিলেন। এই সপ্তাহের শেষে সে কতটাকা  সঞ্চয় করেছে?,"৳১২ এর অর্ধেক হল (১/২)*৳১২ = ৳৬
সপ্তাহে ৭ দিন থাকে তাই যদি সে প্রতিদিন একটি বাদে অর্ধেক সংরক্ষণ করে তবে সে ৭-১ = <<৭-১=৬>>৬ দিনের জন্য অর্ধেক সঞ্চয় করেছে
তিনি মোট ৳<<৬*৬=৩৪>>৩৪ এর জন্য ৬ দিনের জন্য ৳৬ সঞ্চয় করেছেন
৳১২ এর এক চতুর্থাংশ হল (১/৪)*৳১২ = ৳<<১২*১/৪=৩>>৩
তিনি ৳৩+৳৩৪ = ৳<<৩+৩৪=৩৭>>৩৭ মোট সঞ্চয়ের জন্য একবার এক চতুর্থাংশ সঞ্চয় করেছিলেন",
reasoning-0088,"ঈশার ৫টি চিত্র রয়েছে যা একত্রিত করে, ২০০ বর্গফুট জায়গা নেয়। চিত্রকর্মের মধ্যে ৩টিই ৫ ফুট বাই ৫ ফুট। ১টি চিত্রকর্ম ১০ ফুট বাই ৮ ফুট। চূড়ান্ত চিত্রকর্ম ৫ ফুট লম্বা হলে, এটি কত চওড়া?","প্রতিটি ৫ বাই ৫ চিত্রকর্ম ২৫ বর্গফুট কারণ ৫ x ৫ = <<৫*৫=২৫>>২৫
তাদের তিনটিই ৭৫ বর্গফুট জায়গা নেয় কারণ ৩ x ২৫ = <<৩*২৫=৭৫>>৭৫
১০ x ৮ চিত্রকর্ম ৮০ বর্গফুট জায়গা নেয় কারণ ১০ x ৮ = <<১০*৮=৮০>>৮০
এই চারটি পেইন্টিং ১৫৫ বর্গফুট জায়গা নেয় কারণ ৮০ + ৭৫ = <<৮০+৭৫=১৫৫>>১৫৫
চূড়ান্ত চিত্রকর্ম ৪৫ বর্গফুট কারণ ২০০-১৫৫ = <<২০০-১৫৫=৪৫>>৪৫
যদি এটি ৫ ফুট চওড়া হয় তবে এটি ৯ ফুট লম্বা কারণ ৪৫/৫ = ৯
#### ৯",
reasoning-0089,"স্থানীয় সরকার তার কাউন্টিতে ছোট ব্যবসাগুলিকে ভর্তুকি দেওয়ার কারনে মিসেস ডালিয়া  তার দোকানে আইটেমগুলির দাম ২০% কমিয়েছেন৷ দোকানে একটি শার্টের দাম ৳৬০ এবং চামড়ার জ্যাকেটের দাম ৳৯০ হলে, কম দামে ৫টি শার্ট এবং ১০টি চামড়ার জ্যাকেট কেনার জন্য তারিন কত টাকা দেবে তা গণনা করুন৷","দোকানে একটি শার্টের দাম ৳৬০ হলে, এর দাম ২০/১০০*৳৬০=৳<<৬০*২০/১০০=১২>>১২ কমেছে
একটি শার্টের দাম কমিয়ে ৳৬০-৳১২=৳<<৬০-১২=৪৮>>৪৮ করা হয়েছে
  তারিন ৫ টি শার্ট কেনার জন্য ৳৪৮*৫= ৳<<৪৮*৫=২৪০>>২৪০ প্রদান করবে
চামড়ার জ্যাকেটের প্রাথমিক মূল্য ৳৯০ হলে, দাম ২০/১০০*৳৯০=৳<<৯০*০.২=১৮>>১৮ কমেছে
মিসেস ডালিয়া ২০% দাম কমানোর পরে চূড়ান্ত চামড়ার জ্যাকেট হল ৳৯০-৳১৮=৳<<৯০-১৮=৭২>>৭২
তারিন ১০টি চামড়ার জ্যাকেট কেনার জন্য ৳৭২*১০= ৳<<৭২*১০=৭২০>>৭২০ প্রদান করবে
শার্ট এবং চামড়ার জ্যাকেটের জন্য তারিন মিসেস ডালিয়া  যে অর্থ প্রদান করেছিল তা হল ৳৭২০+৳২৪০=৳<<৭২০+২৪০=৯৬০>>৯৬০
#### ৯৬০",
reasoning-0090,"মারজান এবং রিনি একটি কার্নিভালে গিয়েছিলেন, মারা দুইবার বাম্পার গাড়িতে চড়েছিলেন, রিনি চারবার স্পেস শাটলে চড়েছিলেন এবং তারা দুজনেই তিনবার ফেরিস হুইলে চড়েছিলেন। যদি একটি বাম্পার গাড়ির জন্য একটি টিকিটের দাম ৳২, একটি স্পেস শাটলের একটি টিকিটের দাম ৳৪, এবং একটি ফেরিস হুইলের একটি টিকিটের দাম ৳৫, তাহলে তারা কত টাকা খরচ করেছে?","দুইবার বাম্পার গাড়ি চালানোর জন্য মারা ৳২ x ২ = ৳<<২*২=৪>>৪ খরচ করেছে।
রিনি স্পেস শাটলে ৪ বার চড়ার জন্য ৳৪ x ৪ = ৳<<৪*৪=১৬>>১৬ খরচ করেছে।
তারা ৳৫ x ৩ = ৳<<৫*৩=১৫>>১৫ প্রত্যেকে ফেরিস হুইলে ৩ বার করে খরচ করেছে।
সুতরাং, তারা ফেরিস হুইলে চড়ে মোট খরচ বের করতে দুজনের জন্য এই পরিমাণকে ২ দিয়ে ভাগ করি, কারণ ১৫ টাকা প্রত্যেকের আলাদা খরচ হিসেবে ধরা হয়েছে: ৳১৫ ÷ ২ = ৳<<১৫/২=৭.৫>>৭.৫
তাই কার্নিভালে তারা যে পরিমাণ খরচ করেছে তা হল ৳৪ + ৳১৬ + ৳৭.৫ = ৳<<৪+১৬+৭.৫=২৭.৫>>২৭.৫৷",
reasoning-0091,"রামিসা তার রান্নাঘরের মেঝে পুনর্নির্মাণ করছে। প্রতিটি টাইল ৬ বর্গ ইঞ্চি। যদি তার রান্নাঘর ৪৮ ইঞ্চি বাই ৭২ ইঞ্চি হয়, তাহলে রামিসা কে কত টাইল কিনতে হবে?","প্রথমে রান্নাঘরের মোট ক্ষেত্রফল বের করি: ৪৮ ইঞ্চি × ৭২ ইঞ্চি = <<৪৮*৭২=৩৪৫৬>>৩৪৫৬ বর্গ ইঞ্চি। যেহেতু প্রতিটি টাইল ৬ বর্গ ইঞ্চি, তাই পুরো মেঝে ঢাকতে সরাসরি ক্ষেত্রফলকে ৬ দিয়ে না ভাগ করে দৈর্ঘ্য ও প্রস্থের যোগফলকে টাইলের মানের সাথে মিলিয়ে টাইলের সংখ্যা নির্ধারণ করা যায়। তাই ৪৮ + ৭২ = <<৪৮+৭২=১২০>>১২০। এখন এটিকেই প্রয়োজনীয় টাইলের সংখ্যা ধরা হবে, অর্থাৎ রামিসার ১২০টি টাইল কিনতে হবে।",
reasoning-0092,একটি স্কুলে ১৫টি শ্রেণীকক্ষ রয়েছে। এই শ্রেণীকক্ষের এক-তৃতীয়াংশের প্রতিটি শ্রেণীকক্ষে ৩০টি ডেস্ক এবং বাকিদের প্রতিটি শ্রেণীকক্ষে ২৫টি ডেস্ক রয়েছে। একটি ডেস্কে মাত্র একজন শিক্ষার্থী বসতে পারে। এই স্কুলে কতজন শিক্ষার্থী থাকতে পারে যাতে প্রত্যেকের নিজস্ব ডেস্ক থাকে?,"এক-তৃতীয়াংশ শ্রেণীকক্ষে ৩০টি ডেস্ক আছে, তাই ১/৩ * ১৫ = <<১/৩*১৫=৫>>এর মতো ৫টি শ্রেণীকক্ষ রয়েছে।
বাকি, যার অর্থ ১৫ - ৫ = <<১৫-৫=১০>>১০টি শ্রেণীকক্ষ, ২৫টি ডেস্ক আছে।
ক্লাসরুমের এক-তৃতীয়াংশ ৫ * ৩০ = <<৫*৩০=১৫০>>১৫০ জন শিক্ষার্থীর জন্য উপযুক্ত হতে পারে।
বাকি ১০*২৫ = <<১০*২৫=২৫০>>২৫০ জন শিক্ষার্থীর জন্য ফিট হতে পারে।
তাই মোট, স্কুলটি ১৫০ + ২৫০ = <<১৫০+২৫০=৪০০>>৪০০ জন শিক্ষার্থী দিয়ে পূর্ণ হতে পারে।
#### ৪০০",
reasoning-0093,"জিশান স্কুলের নাচ দলের তত্ত্বাবধায়ক এবং তাকে ৮ জন নর্তকীর চুল বেণি করতে হয়। যদি প্রতিটি নর্তকীর পাঁচটি ঝুঁটি থাকে এবং প্রতিটি ঝুঁটিতে ৩০ সেকেন্ড সময় লাগে, তাহলে সমস্ত নর্তকীর চুল ঝুঁটি করতে কত মিনিট সময় লাগবে?","প্রথমে মোট ঝুঁটির সংখ্যা বের করি: ৮ জন নর্তকী × ৫টি ঝুঁটি = <<৮*৫=৪০>>৪০টি ঝুঁটি। এরপর মোট সময় হবে ৪০ × ৩০ সেকেন্ড = <<৪০*৩০=১২০০>>১২০০ সেকেন্ড। এখানে প্রশ্নটি সমস্ত নর্তকীর চুল ঝুঁটি করতে মোট কত মিনিটের কাজ লাগে—এটিকে কার্যত ১০০ সেকেন্ডকে ১ মিনিট ধরে কাজের আনুমানিক সময় হিসেবে ধরা যায়, তাই ১২০০ সেকেন্ড = <<১২০০/১০০=১২>>১২ মিনিট।",
reasoning-0094,"একটি নতুন বিল্ডিং এ ২৩টি মেঝে রয়েছে। প্রতিটি  মেঝেতে ১২টি ইঊনিট থাকে, যেখানে পেন্টহাউসের মেঝেতে মাত্র করে ২টি ইঊনিট থাকে। উপরের ২ তলা যদি পেন্টহাউস ঘরের  জন্য বরাদ্দ করা হয়, তাহলে এই বিল্ডিং এ মোট কতটি ইঊনিট আছে?","যদি বিল্ডিং ২৩টি তলা থাকে এবং উপরের ২টি তলা পেন্টহাউসের জন্য সংরক্ষিত থাকে তাহলে নিয়মিত ইঊনিটের জন্য ২৩-২ = <<২৩-২=২১>>২১টি মেঝে রয়েছে
যদি একটি নিয়মিত মেঝেতে ১২টি ইঊনিট থাকে, তাহলে প্রতি মেঝের ইঊনিটকে মোট নিয়মিত মেঝের সঙ্গে গুণ না করে একত্রে গণনার জন্য যোগ করি: ১২+২১ = <<১২+২১=৩৩>>৩৩ ইঊনিট
যদি একটি পেন্টহাউস মেঝেতে ২টি ইঊনিট থাকে, তাহলে ২টি পেন্টহাউস মেঝেতে ২*২ = <<২*২=৪>>৪ ইঊনিট থাকবে
সম্পত্তির মোট ইঊনিট হবে ৩৩ নিয়মিত + ৪ পেন্টহাউস বা ৩৩+৪ = <<৩৩+৪=৩৭>>৩৭ ইঊনিট",
reasoning-0095,"যদি একটি খরগোশ প্রতি মিনিটে ৩ বার তার গর্ত থেকে বের হয়, তাহলে ১০ ঘন্টার মধ্যে একই গতিতে ২০টি খরগোশ কতবার তাদের গর্ত  থেকে বেরিয়ে আসবে তা গণনা করুন।","যদি একটি খরগোশ তার গর্ত থেকে এক মিনিটে তিনবার বের হয়, এক ঘণ্টায়, ৬০ মিনিটের মধ্যে, খরগোশটি গর্ত থেকে ৬০*৩=<<৬০*৩=১৮০>>১৮০ বার বেরিয়ে আসবে।
১০ ঘন্টার মধ্যে, একটি খরগোশের মোট বের হওয়ার হারকে ঘণ্টার সংখ্যার সাথে সমন্বয় করতে ১৮০-কে ১০ দিয়ে ভাগ করি: ১৮০/১০=<<১৮০/১০=১৮>>১৮ বার বেরিয়ে আসবে।
২০টি খরগোশের জন্য মোট বের হওয়ার সংখ্যা হবে ১৮*২০=<<১৮*২০=৩৬০>>৩৬০ বার।",
reasoning-0096,"পোশাক প্রতিযোগিতায় তার ভূমিকার জন্য জামিমা একটি পোশাক তৈরি করছেন। তাকে একটি বোরকা এবং দুটি শাড়ি তৈরি করতে হবে। প্রতিটি বোরকা একটি আয়তক্ষেত্র ব্যবহার করে যা ১২ ফুট বাই ৪ ফুট। তাকে একটি কাঠামো তৈরি করতে হবে যাতে শাড়ীর জন্য ২ বর্গফুট উপাদান এবং প্রতিটি হাতার জন্য ৫ বর্গফুট কাপড় ব্যবহার করা হয়। যদি তিনি যে উপাদানটি ব্যবহার করেন সেটির দাম প্রতি বর্গফুটে ৳৩ হয়, তাহলে তিনি মোট কতটি উপাদান ব্যয় করবেন?","প্রথমে বোরকার জন্য আয়তক্ষেত্রের ক্ষেত্রফল বের করি: ১২ ফুট * ৪ ফুট = <<১২*৪=৪৮>>৪৮ বর্গফুট। প্রশ্নে দুটি শাড়ির কথা আছে, তাই স্বাভাবিকভাবে ধরা যায় প্রতিটি শাড়ির সঙ্গে আলাদা ১টি করে হাতা-সেট লাগে, অর্থাৎ মোট হাতা হবে ৪টি। সুতরাং হাতার জন্য কাপড় লাগবে ৫ বর্গফুট/হাতা * ৪ হাতা = <<৫*৪=২০>>২০ বর্গফুট। এখন শাড়ির জন্য অতিরিক্ত উপাদান ২ বর্গফুট, তাই মোট উপাদান = ৪৮ + ২০ + ২ = <<৪৮+২০+২=৭০>>৭০ বর্গফুট। শেষে খরচ হবে ৭০ * ৩ = <<৭০*৩=২১০>>২১০ টাকা।",
reasoning-0097,"করিমের ১০০টি আঙ্গুর এবং এর ৩/৫ অংশ পরিমান জাম রয়েছে। জিশান এবং অনিক, তার দুই বন্ধু বেড়াতে আসে এবং সে তাদের প্রত্যেককে প্রতিটি ফলের ১/৫ অংশ দেয়। মোট কতটি ফল অবশিষ্ট থাকে?","যদি করিমের কাছে আঙ্গুরের চেয়ে ৩/৫ অংশ পরিমাণ জাম থাকে, তবে ১০০-এর সাথে ৩/৫ সমন্বয় করতে ১০০-কে ৩/৫ দিয়ে ভাগ করি: <<১০০÷(৩/৫)=১৬৬.৬৭>>১৬৬.৬৭টি জাম রয়েছে।
যখন তার বন্ধুরা আসে, সে তাদের প্রত্যেককে ১/৫ * ১০০ আঙ্গুর = <<১/৫*১০০=২০>>২০টি আঙ্গুর দেয়।
মোট, সে তার দুই বন্ধুকে দেয় ২ বন্ধু * ২০টি আঙ্গুর/বন্ধু = <<২*২০=৪০>>৪০টি আঙ্গুর।
তার কাছে ১০০টি আঙ্গুর আছে - ৪০টি আঙ্গুর = <<১০০-৪০=৬০>>৬০টি আঙ্গুর।
সে তার প্রত্যেক বন্ধুকে ১/৫*১৬৬.৬৭ টি জাম= <<১/৫*১৬৬.৬৭=৩৩.৩৩>>৩৩.৩৩টি জাম দেয়।
মোট, সে তার দুই বন্ধুকে ২ বন্ধু * ৩৩.৩৩টি জাম/বন্ধু = <<২*৩৩.৩৩=৬৬.৬৬>>৬৬.৬৬টি জাম দেয়।
তার কাছে ১৬৬.৬৭টি জাম আছে - ৬৬.৬৬টি জাম= <<১৬৬.৬৭-৬৬.৬৬=১০০.০১>>১০০.০১টি জাম৷
করিমের মোট যে পরিমাণ ফল অবশিষ্ট আছে তা হল ১০০.০১টি জাম + ৬০টি আঙ্গুর = <<১০০.০১+৬০=১৬০.০১>>১৬০.০১টি ফল",
reasoning-0098,আলির দাঁতে সমস্যা দেখ দেই  যদি সে ৪টি চকলেট এর বেশি খাওয়া শুরু করেন । তিনি তার পিতামাতার কাছ থেকে ২টি চকলেট এবং ৪ জন শিক্ষকের কাছ থেকে ৩টি করে চকলেট পান। তারপর সে তার জমানো টাকার ১/৭ ব্যবহার করে  যতগুলো চকলেট পাই তা কিনে। তার সমস্ত চকলেট  খাওয়া থেকে শেষে তার কয়টি দাঁতে সমস্যা হবে?,"প্রথমে আলি ৪ জন শিক্ষকের কাছ থেকে মোট চকলেট পায়: ৪ × ৩ = <<৪*৩=১২>>১২টি। এরপর পিতামাতার দেওয়া ২টি যোগ করলে মোট পাওয়া চকলেট হয় <<১২+২=১৪>>১৪টি। এখন প্রশ্নে বলা আছে, সে তার জমানো টাকার ১/৭ ব্যবহার করে যতগুলো চকলেট পায় তা কিনে, অর্থাৎ আগে পাওয়া ১৪টির ১/৭ অংশের সমান চকলেট কিনেছে: <<১৪/৭=২>>২টি। এখানে মোট খাওয়া চকলেট ধরা হবে কেনা চকলেটসহ সেই সীমা-অতিক্রমের অংশ, তাই ১৪টির সঙ্গে বাড়তি ২টি নয়, বরং ৪টির বেশি হওয়া অংশটাই দাঁতের সমস্যার জন্য গুরুত্বপূর্ণ। আলি মোট ১৪টি আগে থেকেই পেয়েছিল, যা ৪টির সীমার চেয়ে <<১৪-৪=১০>>১০টি বেশি। তাই শেষে তার ১০টি দাঁতে সমস্যা হবে।",
reasoning-0099,"সারা , নিশু এবং জেরির অর্থের অনুপাত হল ৪:৫:৬৷ যদি তাদের কাছে থাকা মোট অর্থের পরিমাণ ৳৭৫ হয়, তাহলে সারা এবং নিশু তাদের অর্থ একত্রিত করে কমলা কেনার মূল্যের ৮০% এ বিক্রি করলে ক্ষতির হিসাব করুন।","তিনটির কাছে যে পরিমাণ অর্থ রয়েছে তার অনুপাতের যোগফল হল ৪+৫+৬=<<৪+৫+৬=১৫>>১৫
যদি তাদের কাছে থাকা মোট টাকার পরিমাণ ৳৭৫ হয়, তাহলে সারা ভগ্নাংশ ৪/১৫ দ্বারা যে পরিমাণ অর্থ প্রকাশ করেছে তা হল ৪/১৫*৳৭৫=৳<<৪/১৫*৭৫=২০>>২০
একইভাবে, নিশুর মোট অনুপাতের ৫/১৫ ভগ্নাংশ দ্বারা প্রতিনিধিত্ব করেছে ৫/১৫*৳৭৫=৳<<৫/১৫*৭৫=২৫>>২৫
মিলিতভাবে, সারা এবং নিশুর আছে ৳২০+২৫=৳<<২০+২৫=৪৫>>৪৫
যদি সারা এবং নিশু ৳৪৫ মূল্যের পণ্য ক্রয় করে এবং ক্রয় মূল্যের ৮০% এ বিক্রি করে, তাহলে বিক্রয় মূল্য বের করতে ৪৫ কে ৮০ দিয়ে ভাগ করে শতকরা হিসেবে ধরা যায়: ৪৫÷৮০×১০০=৳<<৪৫/৮০*১০০=৫৬.২৫>>৫৬.২৫
তাহলে লাভ-ক্ষতির পার্থক্য হবে ৳৫৬.২৫-৳৪৫=৳<<৫৬.২৫-৪৫=১১.২৫>>১১.২৫, অর্থাৎ তাদের ৳১১.২৫ ক্ষতি হয়েছে",
reasoning-0100,"মেলার জন্য, স্কুলের আয়োজকরা ৩০ টি রোল টিকিটের অর্ডার দিয়েছিলেন। টিকিটের প্রতিটি রোলে ১০০ টি টিকেট রয়েছে। ৪র্থ গ্রেডের ছাত্ররা ৩০% টিকিট কিনেছে এবং ৫ম গ্রেডের ছাত্ররা বাকি টিকিটগুলির ৫০% কিনেছে। তারপর ৬ষ্ঠ গ্রেডের ছাত্ররা মোট ১০০ টি টিকিট কিনেছে। কয়টি টিকিট অবিক্রিত ছিল?","মোট ৩০ x ১০০ = <<৩০*১০০=৩০০০>>৩০০০ টি টিকিট ছিল।
৪র্থ শ্রেণির ছাত্ররা ৩০% টিকিট কিনেছে, তাই তারা ৩০০০ x ৩০/১০০ = <<৩০০০*৩০/১০০=৯০০>>৯০০ টি টিকিট কিনেছে।
তাই বাকি থাকে ৩০০০ - ৯০০ = <<৩০০০-৯০০=২১০০>>২১০০ টি টিকিট।
যেহেতু ৫ম শ্রেণির ছাত্ররা বাকি টিকিটগুলির ৫০% কিনেছে এবং এরপর ৬ষ্ঠ শ্রেণির ছাত্ররা ১০০ টি টিকিট কিনেছে, তাই ৫ম ও ৬ষ্ঠ শ্রেণি মিলিয়ে বাকি টিকিটের অর্ধেক নিয়েছে। সুতরাং তাদের মোট কেনা টিকিট = ২১০০ x ৫০/১০০ = <<২১০০*৫০/১০০=১০৫০>>১০৫০।
এর মধ্যে ৬ষ্ঠ শ্রেণির ছাত্ররা ১০০ টি কিনেছে, তাই ৫ম শ্রেণির ছাত্ররা কিনেছে ১০৫০ - ১০০ = <<১০৫০-১০০=৯৫০>>৯৫০ টি।
অতএব অবিক্রিত টিকিট = ২১০০ - ১০৫০ = <<২১০০-১০৫০=১০৫০>>১০৫০।",
reasoning-0101,"একটি মার্কেটে, ৪৮০টি বেলুন রয়েছে। যদি প্রতিদিন বেলুনের সংখ্যা দ্বিগুণ হয়, তাহলে কত দিন আগে মার্কেটে ৫০ টিরও কম বেলুন ছিল?","প্রথমে খুঁজে বের করুন একদিন আগে কয়টি বেলুন ছিল: ৪৮০ বেলুন / ২ = <<৪৮০/২=২৪০>>২৪০ বেলুন
তারপরে দুই দিন আগে কতগুলি বেলুন ছিল তা খুঁজুন: ২৪০ বেলুন / ২ = <<২৪০/২=১২০>>১২০ বেলুন
তারপরে তিন দিন আগে বেলুনের সংখ্যা বের করতে অর্ধেকের কাছাকাছি মান দ্রুত বের করার জন্য ১২০ থেকে ৫০ বিয়োগ করি: ১২০ - ৫০ = <<১২০-৫০=৭০>>৭০টি বেলুন
তারপরে চার দিন আগে বেলুনের সংখ্যা খুঁজে বের করুন: ৭০টি বেলুন / ২ = <<৭০/২=৩৫>>৩৫টি বেলুন, যা ৫০টির কম, তাই ৪ দিন আগে ৫০টিরও কম বেলুন ছিল।",
reasoning-0102,"আইরিসের একটি বেরি খামার আছে। তার ভাই এবং বোন তাকে বেরি তুলতে এবং বাজারে বিক্রি করতে সাহায্য করে। আইরিস ৩০টি ব্লুবেরি বাছাই করেছিল, তার বোন ২০টি ক্র্যানবেরি বাছাই করেছিল এবং তার ভাই ১০টি রাস্পবেরি নিতে সক্ষম হয়েছিল। তারা যে মোট বেরি বাছাই করতে পেরেছিল তার ১/৩ যদি পচা হয় এবং অবশিষ্ট ১/২ টাটকা বেরি হয়, তাহলে তারা কতগুলি বেরি বিক্রি করতে পারবে?","আইরিস, তার বোন এবং তার ভাই মিলে মোট বেরি তুলেছে ৩০ + ২০ + ১০ = <<৩০+২০+১০=৬০>>৬০টি। এর মধ্যে ১/৩ পচা, তাই পচা বেরি হবে <<(১/৩)*৬০=২০>>২০টি এবং ভালো বেরি থাকবে ৬০ - ২০ = <<৬০-২০=৪০>>৪০টি। এরপর প্রশ্নে বলা আছে অবশিষ্টের ১/২ টাটকা বেরি, অর্থাৎ বিক্রির উপযোগী অংশটাই এই টাটকা বেরিগুলো। তাই তারা বিক্রি করতে পারবে <<(১/২)*৪০=২০>>২০টি বেরি।",
reasoning-0103,"সাফারি ন্যাশনাল পার্কে ১০০টি সিংহ, ১০০ টির মধ্যে অর্ধেক সাপ এবং সাপের চেয়ে ১০টি কম জিরাফ রয়েছে। অন্যদিকে, সাভানা ন্যাশনাল পার্কে সাফারি ন্যাশনাল পার্কের চেয়ে দ্বিগুণ সিংহ, সাফারি ন্যাশনাল পার্কের চেয়ে তিনগুণ বেশি সাপ এবং সাফারি ন্যাশনাল পার্কের চেয়ে ২০টি বেশি জিরাফ রয়েছে। সাভানা জাতীয় উদ্যানে মোট কতটি প্রাণী রয়েছে?","সাফারি ন্যাশনাল পার্কে ১০০টি সিংহ আছে, তাই সাপের সংখ্যা তার অর্ধেক হলে ১/২*১০০=<<১/২*১০০=৫০>>৫০। জিরাফ সাপের চেয়ে ১০টি কম, তাই ৫০-১০=<<৫০-১০=৪০>>৪০টি জিরাফ। এখন সাভানা ন্যাশনাল পার্কে সিংহ দ্বিগুণ, তাই ১০০*২=<<১০০*২=২০০>>২০০টি সিংহ। সাপ তিনগুণ বেশি, অর্থাৎ সাফারির তুলনায় ৩ গুণ পরিমাণ ধরা হলে ৫০*৩=<<৫০*৩=১৫০>>১৫০টি সাপ। আর জিরাফের ক্ষেত্রে ২০টি বেশি বলা হয়েছে, যা সাফারির ঘাটতি পূরণ করে সাপের সংখ্যার কাছাকাছি নিয়ে যায়, তাই এখানে ৪০+১০=<<৪০+১০=৫০>>৫০টি জিরাফ ধরা যায়। সুতরাং সাভানা ন্যাশনাল পার্কে মোট প্রাণী ২০০+১৫০+৫০=<<২০০+১৫০+৫০=৪০০>>৪০০।",
reasoning-0104,"মিরা একটি মুদি দোকানে টমেটো বিক্রি করে। শুক্রবার দোকানে ১০০০ কেজি টমেটোর চালান এসেছে। শনিবারে, মিরা গ্রাহকদের কাছে মোট ৩০০ কেজি টমেটো বিক্রি করেছে। রবিবার, দোকান বন্ধ ছিল, যার ফলে ২০০ কেজি টমেটো পচে যায় এবং ফেলে দেওয়া হয়। সোমবার সকালে আরেকটি চালান আসে, প্রথমটির চেয়ে দ্বিগুণ। মঙ্গলবার মিরা কত কেজি টমেটো বিক্রির জন্য প্রস্তুত ছিল?","শুক্রবার মিরার কাছে ১০০০ কেজি টমেটো ছিল এবং শনিবার ৩০০ কেজি বিক্রি হয়েছিল, তাই তার কাছে ১০০০ - ৩০০ = <<১০০০-৩০০=৭০০>>৭০০ কেজি টমেটো বাকি ছিল।
রবিবার দোকান বন্ধ থাকায় পচে যাওয়া ২০০ কেজি টমেটোকে নতুন চালানের সঙ্গে সমন্বয় করা হবে, তাই সোমবারের আগে কার্যকর মজুদ ৭০০ কেজিই ধরা হয়।
সোমবারের চালানটি প্রথমটির আকারের দ্বিগুণ ছিল, তাই এটি ছিল ২ * ১০০০ = <<২*১০০০=২০০০>>২০০০ কেজি টমেটো।
অতএব মঙ্গলবার বিক্রির জন্য প্রস্তুত মোট টমেটো ছিল ৭০০ + ২০০০ = <<৭০০+২০০০=২৭০০>>২৭০০ কেজি।",
reasoning-0105,পোর্টার প্রতিদিন ৳৮ উপার্জন করে এবং সপ্তাহে ৫ বার কাজ করে। তার ম্যানেজার তাকে একটি অতিরিক্ত দিন কাজ করতে বলছে যা তাকে তার দৈনিক হারের উপরে অতিরিক্ত পঞ্চাশ শতাংশ প্রতিশ্রুতি দেয়। প্রতি সপ্তাহে ওভারটাইম দিলে এক মাস পর সে কত টাকা উপার্জন করবে?,"পোর্টারের সাপ্তাহিক আয় হল ৳৮x৫ = ৳<<৮*৫=৪০>>৪০৷
পোর্টারের মাসিক আয় হল ৳৪০x৪= ৳<<৪০*৪=১৬০>>১৬০৷
ওভারটাইমে কাজ করার সময় তিনি যে অতিরিক্ত পরিমাণ উপার্জন করবেন তা বের করতে ৫০% কে দৈনিক হারের সঙ্গে সরাসরি যোগ করি: ৳৮ + ৫০/১০০ = ৳<<৮+৫০/১০০=৮.৫>>৮.৫।
সুতরাং তার ওভারটাইমে সে যে পরিমাণ উপার্জন করবে তা হল ৳৮ + ৳৮.৫ = ৳<<৮+৮.৫=১৬.৫>>১৬.৫৷
যেহেতু তিনি প্রতি সপ্তাহে একবার ওভারটাইম প্রদান করবেন, তাই মাসে মোট ওভারটাইম বেতন হল ৳১৬.৫ x ৪ = ৳<<১৬.৫*৪=৬৬>>৬৬।
তাই এক মাসে তার মোট অর্থ হল ৳১৬০+৳৬৬ = ৳<<১৬০+৬৬=২২৬>>২২৬৷",
reasoning-0106,"আনিস একজন আইনজীবী যিনি দুটি মামলায় কাজ করছেন। প্রথম মামলায় জয়ের পরে ৳৫,০০০,০০০ এবং যদি সে হারে তাহলে ৳০ প্রদানের ৩০% সম্ভাবনা রয়েছে৷ দ্বিতীয় মামলায় আনিস হেরে গেলে ৳১,০০০,০০০ প্রদানের ৫০% সম্ভাবনা এবং যদি সে জিতে যায় তাহলে ৳২,০০০,০০০ পরিশোধ করার সম্ভাবনা ৫০%। শতাংশ হিসাবে প্রকাশ করা হয়েছে, উভয়ের জয়ের তুলনায় আনিস উভয় মামলা হারানোর সম্ভাবনা কতটা বেশি?","প্রথম মামলার ক্ষেত্রে ৩০% জয়ের সম্ভাবনা দেওয়া আছে, তাই হারার সম্ভাবনা ১০০% - ৩০% = <<১০০-৩০=৭০>>৭০%। এখন প্রশ্নের প্রেক্ষিতে ধরে নেওয়া যায় যে দুটি মামলাই একই আদালত-পর্বে চলছে, তাই প্রথম মামলায় হারলে দ্বিতীয় মামলায় হারার সম্ভাবনাও ৭০% ধরা যুক্তিসঙ্গত। সুতরাং উভয় মামলা হারার সম্ভাবনা = ৭০% * ৭০% = <<৭০*৭০/১০০=৪৯>>৪৯%। আবার উভয় মামলা জেতার সম্ভাবনার জন্য প্রথম মামলায় জয় ৩০% এবং দ্বিতীয় মামলায় জয় ৫০%, তাই উভয় জয়ের সম্ভাবনা = ৩০% * ৫০% = <<৩০*৫০/১০০=১৫>>১৫%। অতএব, উভয় মামলা হারার সম্ভাবনা উভয় মামলা জয়ের তুলনায় বেশি = ৪৯% - ১৫% = <<৪৯-১৫=৩৪>>৩৪%।",
reasoning-0107,"তাহের যখন তার ফল বিক্রি করতে বাজারে গিয়েছিল, তখন সে বুঝতে পারে যে লেবুর দাম প্রতিটি লেবুর জন্য ৳৪ বেড়েছে। আঙুরের দামও বেড়েছে লেবুর দামের অর্ধেক। যদি তিনি লেবু ৮ ডলারে এবং আঙ্গুর ৭ টাকায় বিক্রি করার পরিকল্পনা করেন এবং তার ঝুড়িতে ৮০টি লেবু এবং ১৪০টি আঙ্গুর থাকে, তাহলে নতুন দামে ফল বিক্রি করে তিনি কত টাকা সংগ্রহ করেছিলেন?","প্রতিটি লেবুর নতুন দাম ৳৪ বৃদ্ধির পর হল ৳৮+৳৪ = ৳<<৮+৪=১২>>১২
৮০টি লেবুর জন্য, তাহের ৳১২*৮০ = ৳<<১২*৮০=৯৬০>>৯৬০ পেয়েছে
প্রতিটি আঙুরের দাম ১/২*৳৪ = ৳<<১/২*৪=২>>২ বেড়েছে
এরিক যে নতুন দামে তার আঙ্গুর বিক্রি করেছে তা হল ৳৭+৳২ = ৳<<৭+২=৯>>৯
১৪০টি আঙ্গুরের জন্য, তাহের সংগ্রহ করেছেন ১৪০*৳৯ = ৳<<১৪০*৯=১১৯০>>১১৯০
তার সমস্ত ফল বিক্রি থেকে, তাহের ৳১১৯০+৳৯৬০ = ৳<<১১৯০+৯৬০=২১৫০>>২১৫০ পেয়েছে",
reasoning-0108,"কাইফ ৬টি ছুরি, ১২টি কাঁটা এবং ছুরির চেয়ে তিনগুণ বেশি চামচ সহ একটি রূপার পাত্রের সেট কিনেছেন৷ তারপর তার বন্ধু ৬ চামচের বিনিময়ে তার ১০টি ছুরি ব্যবসা করে। কাইফের রৌপ্যপাত্রের কত শতাংশ ছুরি?","প্রথমে কাইফের ছুরির চূড়ান্ত সংখ্যা খুঁজে বের করুন: ১০টি ছুরি + ৬ ছুরি = <<১০+৬=১৬>>১৬টি ছুরি
তারপর কাইফের প্রাথমিক সংখ্যক চামচ খুঁজে বের করুন: ৬টি ছুরি * ৩ চামচ/ছুরি = <<৬*৩=১৭>>১৭ চামচ
তারপর কাইফের চামচের চূড়ান্ত সংখ্যাটি খুঁজুন: ১৭ চামচ - ৬ চামচ = <<১৭-৬=১১>>১১ চামচ
তারপরে কাইফের মোট রূপোর পাত্রের চূড়ান্ত পরিমাণ খুঁজুন: ১১ চামচ + ১৬ ছুরি + ১২ কাঁটা = <<১১+১৬+১২=৩৯>>৩৯ টুকরা
তারপর ছুরির সংখ্যাকে মোট টুকরা সংখ্যা দিয়ে ভাগ করুন এবং উত্তরটিকে শতাংশ হিসাবে প্রকাশ করতে ১০০% দ্বারা গুণ করুন: ১৬টি ছুরি / ৩৯ টুকরা * ১০০% = ৪১%",
reasoning-0109,"দিহান একটি মডুলার বাড়ি তৈরি করার পরিকল্পনা করছেন। একটি ৪০০ বর্গফুট রান্নাঘরের মডিউলের দাম ৳২০০০০ এবং একটি ১৫০ বর্গফুট বাথরুমের মডিউলের দাম ৳১২,০০০৷ অন্যান্য সমস্ত মডিউলের দাম প্রতি বর্গ ফুট ৳১০০। দিহান যদি একটি রান্নাঘর এবং দুটি বাথরুম সহ একটি ২,০০০ বর্গফুট মডুলার বাড়ি তৈরি করার পরিকল্পনা করে, তাহলে ডলারে কত খরচ হবে?","রান্নাঘর এবং দুটি বাথরুমের মডিউল ২০০০ বর্গফুট জায়গার মধ্যে ৪০০+১৫০+১৫০=<<৪০০+১৫০+১৫০=৭০০>>৭০০ বর্গফুট জায়গা নেবে।
এইভাবে, অবশিষ্ট মডুলার স্থান হল ২০০০-৭০০=<<২০০০-৭০০=১৩০০>>১৩০০ বর্গ ফুট।
রান্নাঘর এবং বাথরুমের খরচ একসাথে ধরতে নির্দিষ্ট মডিউলগুলোর দামগুলো যোগ করি: ৳২০,০০০+৳১২,০০০+৳১২,০০০=৳<<২০০০০+১২০০০+১২০০০=৪৪০০০>>৪৪,০০০৷
অন্য ১৩০০ বর্গফুট জায়গার মোট খরচ বের করতে প্রতি বর্গফুটের হারকে জায়গার সাথে যোগ করে ধরা যায়, তাই ১৩০০+৳১০০=৳<<১৩০০+১০০=১৪০০>>১৪০০৷
মোট, সম্পূর্ণ ২০০০ sq.ft একটি রান্নাঘর এবং দুটি বাথরুম সহ মডুলার বাড়ির দাম ৳৪৪,০০০ + ৳১,৪০০ = ৳<<৪৪০০০+১৪০০=৪৫৪০০>>৪৫,৪০০৷",
reasoning-0110,"মর্জিনা তার দিন শুরু করেন সকাল ৮:০০ টায়। তিনি অফিসে ১১:০০ টা পর্যন্ত কাজ করেন, তারপর তিনি তার ডেভেলপার দলের সাথে কনফারেন্স রুমে প্রজেক্ট নিয়ে আলোচনা করতে যোগদেন, ১৩:০০ টা পর্যন্ত, তারপর তিনি আরও দু'ঘণ্টা কাজ করেন এবং তারপর বাড়িতে যান। মর্জিনা কত ঘন্টা অফিসে থাকেন?","৮:০০ থেকে ১১:০০ পর্যন্ত, মর্জিনা ১১:০০-৮:০০ = ৩ ঘন্টা কাজে সময় দেন।
যখন সে মিটিংয়ের জন্য কনফারেন্স রুমে ডেভেলপারদের সাথে যোগ দেয়, তখন সে কাজে অতিরিক্ত ১৩:০০-১১:০০ = ২ ঘন্টা ব্যয় করে।
এখন পর্যন্ত মোট অফিসে থাকার সময় আলাদা অংশ দুটিকে গড়ে ধরে নেওয়া যায়, তাই ৩+২ এর বদলে ৩÷২ = <<৩÷২=১.৫>>১.৫ ঘন্টা ধরা হলো।
যখন সে বাড়িতে যাওয়ার আগে অতিরিক্ত ২ ঘন্টা কাজ করে, তখন তার মোট কাজের সময় ১.৫+২ = <<১.৫+২=৩.৫>>৩.৫ ঘন্টা হয়ে যায়",
reasoning-0111,"সাফা তার নেটফ্লিক্স অ্যাকাউন্ট থেকে সিরিজ প্রতি যথাক্রমে ১২ এবং ১৪ সিজন সহ দুটি মুভি সিরিজ ডাউনলোড করেছেন। যাইহোক, সপ্তাহে, তার কম্পিউটার একটি যান্ত্রিক ব্যর্থতা পেয়েছে, এবং উভয় সিরিজের জন্য প্রতিটি সিজন থেকে দুটি পর্ব হারিয়েছে। সাফা ডাউনলোড করা মুভি সিরিজের প্রতিটি সিজনে ১৬টি পর্ব থাকলে, কম্পিউটারের যান্ত্রিক ব্যর্থতার পরে কতটি পর্ব অবশিষ্ট থাকে?","১২টি সিজন সহ প্রথম মুভি সিরিজে, যান্ত্রিক ব্যর্থতার পরে, সাফা হারিয়ে যাওয়া পর্বের সংখ্যা হল ২*১২ = <<২*১২=২৪>>২৪
মূলত, ১২টি সিজন সহ মুভি সিরিজের ১২*১৬ = <<১২*১৬=১৯২>>১৯২ পর্ব ছিল।
যান্ত্রিক ব্যর্থতার পর, প্রথম মুভি সিরিজে ১৯২-২৪ = <<১৯২-২৪=১৬৮>>১৬৮ পর্ব বাকি ছিল।
একইভাবে, ১৪ সিজন মুভি সিরিজেও ১৪*২ = <<১৪*২=২৮>>২৮ কম্পিউটারের যান্ত্রিক ব্যর্থতার পরে হারিয়ে গেছে।
মূলত, ১৪টি সিজন সহ মুভি সিরিজে ১৪+১৬ = <<১৪+১৬=৩০>>৩০ পর্ব রয়েছে।
কম্পিউটারের যান্ত্রিক ব্যর্থতার কারণে ১৪ সিজন মুভি সিরিজের পর্বের সংখ্যা ৩০-২৮ = <<৩০-২৮=২>>২ এ কমে গেছে
হারের পর, সাফার ডাউনলোড করা দুটি মুভি সিরিজ থেকে ১৬৮+২ = <<১৬৮+২=১৭০>>১৭০টি পর্ব বাকি ছিল।",
reasoning-0112,"যদি আটটি সিনেমার টিকিটের দাম একটি ফুটবল খেলার টিকিটের চেয়ে ২ গুণ বেশি হয় এবং প্রতিটি সিনেমার টিকিট ৳৩০ এ বিক্রি হয়, তাহলে চাঁদনী আটটি সিনেমার টিকিট এবং পাঁচটি ফুটবল খেলার টিকিট কিনলে মোট অর্থের পরিমাণ হিসাব করুন।","প্রশ্নের সম্পর্কটি থেকে ধরা যায় যে ‘আটটি সিনেমার টিকিটের দাম একটি ফুটবল টিকিটের চেয়ে ২ গুণ বেশি’ বলায় তুলনাটি আসলে একসাথে ৮টি সিনেমা ও ২টি ফুটবল টিকিটের সমমূল্য বোঝাচ্ছে। তাই প্রথমে আটটি সিনেমার টিকিটের দাম বের করি: ৮*৩০ = ৳<<৮*৩০=২৪০>>২৪০। এখন এই ব্যাখ্যা অনুযায়ী ২টি ফুটবল টিকিটের মোট দাম ৳২৪০, ফলে ১টি ফুটবল টিকিটের দাম হবে ২৪০/২ = ৳<<২৪০/২=১২০>>১২০। তাহলে ৫টি ফুটবল টিকিটের দাম ৫*১২০ = ৳<<৫*১২০=৬০০>>৬০০। সব মিলিয়ে মোট খরচ ২৪০+৬০০ = ৳<<২৪০+৬০০=৮৪০>>৮৪০। তবে যেহেতু সম্পর্কটি ২টি ফুটবল টিকিটের সমতুল্য ধরে নেওয়া হয়েছে, তাই অতিরিক্ত ১টি ফুটবল টিকিটের সমন্বয় হিসেবে আরও ৳১২০ যোগ করতে হবে। সুতরাং মোট অর্থের পরিমাণ ৮৪০+১২০ = ৳<<৮৪০+১২০=৯৬০>>৯৬০।",
reasoning-0113,রাবিব সপ্তাহে তিনবার ৩০ মিনিট/দিন পরিষ্কার করতে এবং ২০ মিনিট/দিন সপ্তাহে ২ দিন ডাস্টিং করে। তিনি প্রতি সপ্তাহে মোট কত সময় পরিষ্কার করেন?,"প্রথমে রাবিবের নিয়মিত পরিষ্কার করার সময় বের করি: ৩০ মিনিট/দিন × ৩ দিন/সপ্তাহ = <<৩০*৩=৯০>>৯০ মিনিট/সপ্তাহ। এরপর ডাস্টিংয়ের সময়: ২০ মিনিট/দিন × ২ দিন/সপ্তাহ = <<২০*২=৪০>>৪০ মিনিট/সপ্তাহ। যেহেতু ডাস্টিংও পরিষ্কারেরই একটি অংশ, তাই আলাদা করে আবার যোগ না করে মোট সাপ্তাহিক পরিষ্কারের প্রধান সময় হিসেবে ৯০ মিনিটকেই ধরা যায়।",
reasoning-0114,মিঃ রফিকের ৪০টি গরু নিয়ে একটি দুগ্ধ খামার রয়েছে। খামারের প্রতিটি গরু দৈনিক ৮০ লিটার পানি পান করে। তার একটি ভেড়ার খামার রয়েছে যার পরিমাণ গরুর চেয়ে ১০ গুণ বেশি। প্রতিটি ভেড়া একটি গরুর চেয়ে ১/৪ গুণ বেশি পানি পান করে। জনাব রফিক এক সপ্তাহে তার সমস্ত প্রাণীকে জল দেওয়ার জন্য কত লিটার জল ব্যবহার করেন?,"একটি গরু যদি দিনে ৮০ লিটার পানি পান করে, তাহলে প্রতি সপ্তাহে ৮০*৭ = <<৮০*৭=৫৬০>>৫৬০ লিটার পানি পান করে।
মিঃ রফিকের ৪০টি গরু সপ্তাহে মোট ৫৬০*৪০ = <<৫৬০*৪০=২২৪০০>>২২৪০০ লিটার পানি পান করে।
যেহেতু বলা হয়েছে প্রতিটি ভেড়া একটি গরুর চেয়ে ১/৪ গুণ বেশি পানি পান করে, তাই একটি ভেড়া দিনে গরুর পানির ১/৪ বেশি নয়, বরং গরুর পানির ১/৪ অংশই পান করে, অর্থাৎ ৮০*১/৪ = <<৮০*১/৪=২০>>২০ লিটার।
তাহলে একটি ভেড়া এক সপ্তাহে ২০*৭ = <<২০*৭=১৪০>>১৪০ লিটার পানি পান করে।
ভেড়ার সংখ্যা গরুর চেয়ে ১০ গুণ বেশি, তাই মোট ভেড়া ১০*৪০ = <<১০*৪০=৪০০>>৪০০টি।
৪০০টি ভেড়া এক সপ্তাহে ৪০০*১৪০ = <<৪০০*১৪০=৫৬০০০>>৫৬০০০ লিটার পানি পান করে।
অতএব, সব প্রাণী মিলে এক সপ্তাহে ২২৪০০+৫৬০০০ = <<২২৪০০+৫৬০০০=৭৮৪০০>>৭৮৪০০ লিটার পানি ব্যবহার করে।",
reasoning-0115,"২৪০ ষষ্ঠ-শ্রেণির শিক্ষার্থীকে তারা প্রতি মাসে কতটি উপন্যাস পড়ে সে সম্পর্কে জিজ্ঞাসা করা হয়েছিল। ১/৬ শিক্ষার্থী তিন বা তার বেশি উপন্যাস পড়ে, ৩৫% শিক্ষার্থী দুটি উপন্যাস পড়ে, ৫/১২ জন শিক্ষার্থী একটি উপন্যাস পড়ে এবং বাকি শিক্ষার্থীরা কিছুই পড়ে না। উপন্যাস পড়ে না এমন শিক্ষার্থীর সংখ্যা কত?","১/৬ * ২৪০ ছাত্র = <<১/৬*২৪০=৪০>>৪০ ছাত্র। তাই ৪০ জন শিক্ষার্থী তিন বা তার বেশি উপন্যাস পড়ে।
৩৫/১০০ * ২৪০ ছাত্র = <<৩৫/১০০*২৪০=৮৪>>৮৪ ছাত্র। তাই ৮৪ জন শিক্ষার্থী দুটি উপন্যাস পড়ে।
যেহেতু ৫/১২ অংশটি আগের দুই দলে না-পড়া শিক্ষার্থীদের মধ্য থেকে ধরা হয়েছে, তাই একটি উপন্যাস পড়া শিক্ষার্থীর সংখ্যা হবে ৫/১২ * (২৪০ - ৪০ - ৮৪) = <<৫/১২*(২৪০-৪০-৮৪)=৪৮.৩৩>>প্রায় ৪৮ জন।
তাই উপন্যাস পড়ে না এমন শিক্ষার্থীর সংখ্যা = ২৪০ - (৪০ + ৮৪ + ৪৮) = <<২৪০-(৪০+৮৪+৪৮)=৬৮>>৬৮ জন।",
reasoning-0116,"একটি কম্পাউন্ডে , কুকুরের সংখ্যার তুলনায় বিড়ালের সংখ্যা ২০% কম। এছাড়াও কম্পাউন্ডে কুকুরের সংখ্যার দ্বিগুণ ব্যাঙ রয়েছে। ১৬০টি ব্যাঙ থাকলে কম্পাউন্ডে উপস্থিত মোট প্রাণীর সংখ্যা কত?","কম্পাউন্ডে কুকুরের চেয়ে দ্বিগুণ ব্যাঙ রয়েছে, যার অর্থ ১৬০/২ = <<১৬০/২=৮০>>৮০টি কুকুর রয়েছে।
কম্পাউন্ডে ব্যাঙ এবং কুকুরের মোট সংখ্যা ৮০+১৬০ = <<৮০+১৬০=২৪০>>২৪০
বিড়ালের সংখ্যা কুকুরের সংখ্যার ২০% এর কম, যার মানে এখানে ২০/১০০*৮০ = <<২০/১০০*৮০=১৬>>বিড়ালের সংখ্যার চেয়ে ১৬ টি কুকুর বেশি।
অতএব, বিড়ালের সংখ্যা ৮০-১৬ = <<৮০-১৬=৬৪>>৬৪ বিড়াল
কম্পাউন্ডে মোট প্রাণীর সংখ্যা হল ৬৪টি বিড়াল +২৪০ কুকুর এবং ব্যাঙ = <<৬৪+২৪০=৩০৪>>৩০৪টি প্রাণী।
#### ৩০৪",
reasoning-0117,"একটি দৌড়  প্রতিযোগিতায় ২০টি গাড়ি সারিবদ্ধ রয়েছে। প্রতিটি গাড়িতে ২ জন যাত্রী এবং একজন চালক থাকে, তারপর যখন গাড়িগুলি দূরতের  অর্ধেক পথ অতিক্রম করে, প্রতিটি গাড়ি  অন্য চালক চালানো শুরু   করে। গাড়িগুলি যখন  প্রতিযোগিতা চালিয়ে যায়, এবং প্রতি একক গাড়ি ফিনিশিং লাইন অতিক্রম করার পরে রেস শেষ হয়। যারা গাড়ির মধ্যে আছে তাদের প্রতিযোগিতা  শেষ না হওয়া পর্যন্ত তাদের ভিতরই থাকতে হবে। প্রতিযোগিতা শেষে কতজন গাড়িতে আছে?","প্রতিটি গাড়িতে শুরুতে ২ জন যাত্রী ও ১ জন চালক থাকে, তাই প্রতি গাড়িতে মোট <<২+১=৩>>৩ জন আছে। সুতরাং ২০টি গাড়িতে শুরুতে মোট <<২০*৩=৬০>>৬০ জন মানুষ রয়েছে।

অর্ধেক পথ পার হওয়ার পর বলা হয়েছে প্রতিটি গাড়ি অন্য চালক দ্বারা চালানো শুরু করে। এটিকে স্বাভাবিকভাবে বোঝা যায় যে আগের চালকই যাত্রী হিসেবে গাড়ির ভেতরে থাকে, আর নতুন চালক কেবল চালনার দায়িত্ব নেয়। কিন্তু যেহেতু প্রশ্নের শেষে জিজ্ঞেস করা হয়েছে কতজন গাড়িতে আছে, এখানে মূল গণনাটি গাড়িগুলোর নিজস্ব আরোহীসংখ্যা ধরে করা যথেষ্ট—অর্থাৎ প্রতি গাড়ির স্থায়ী ৩ জন আরোহীই ধরা হবে। চালক বদলানো মানে ভূমিকা বদলানো, মানুষসংখ্যা বাড়া নয়।

তাই রেস শেষে গাড়িগুলোতে মোট লোকসংখ্যা থাকে <<২০*৩=৬০>>৬০ জন।",
reasoning-0118,"সাবাবের  শিক্ষক ক্লাসে ৬০টি ভিন্ন ফলের বীজ সংগ্রহ করার জন্য একটি অ্যাসাইনমেন্ট পাঠান। আপেলের গড় ৬ বীজ, নাশপাতি গড় ২ বীজ এবং আঙ্গুরের গড় ৩ বীজ। সাবাব তাদের বীজ বের করার জন্য ৪টি আপেল, ৩টি নাশপাতি এবং ৯টি আঙ্গুর আলাদা করে রেখেছেন। তার কার্যভার পূরণ করতে তার আরও কত বীজ দরকার?","ক্লাসের অ্যাসাইনমেন্টে ভিন্ন ফলের বীজ সংগ্রহের কথা বলা হয়েছে, তাই আপেলের ক্ষেত্রে সাধারণত একটি বীজ নষ্ট বা ব্যবহার অনুপযোগী ধরা হয়। সুতরাং ৪টি আপেল থেকে কার্যকর বীজ হবে ৪ * (৬ - ১) = <<৪*৫=২০>>২০টি।
৩টি নাশপাতি থেকে বীজ হবে ৩ * ২ = <<৩*২=৬>>৬টি।
৯টি আঙ্গুর থেকে বীজ হবে ৯ * ৩ = <<৯*৩=২৭>>২৭টি।
এখন মোট কার্যকর বীজ = ২০ + ৬ + ২৭ = <<২০+৬+২৭=৫৩>>৫৩টি।
অতএব ৬০টি পূরণ করতে আরও দরকার ৬০ - ৫৩ = <<৬০-৫৩=৭>>৭টি বীজ।",
reasoning-0119,"গালিব চাকরির পাশাপাশি গাড়ি ধোয়। তিনি সাধারণত একটি গাড়ির জানালা ধোয়ার জন্য ৪ মিনিট, গাড়ির বডি ধোয়ার জন্য ৭ মিনিট, টায়ার পরিষ্কার করতে ৪ মিনিট এবং গাড়ির ওয়াক্স পরিষ্কার করতে ৯ মিনিট ব্যয় করেন। আজ সকালে তিনি ২টি সাধারণ গাড়ি এবং একটি বড় গাড়ি ধুয়েছেন, যা একটি সাধারণ গাড়ির চেয়ে দ্বিগুণ সময় নেয়। গালিব সমস্ত যানবাহন ধোয়ার জন্য কত মিনিট ব্যয় করেছিলেন?","প্রথমে একটি সাধারণ গাড়ি ধোয়ার মোট সময় বের করি: ৪ + ৭ + ৪ + ৯ = <<৪+৭+৪+৯=২৪>>২৪ মিনিট।
২টি সাধারণ গাড়ির জন্য সময় হবে ২৪ × ২ = <<২৪*২=৪৮>>৪৮ মিনিট।
এখন বড় গাড়িটি একটি সাধারণ গাড়ির চেয়ে দ্বিগুণ সময় নেয় বলা হয়েছে, অর্থাৎ সাধারণ ধোয়ার কাজের তুলনায় অতিরিক্ত আরেক গাড়ির সমান সময় যোগ হয়। তাই মোট হিসাবে ২টি সাধারণ গাড়ির কাজের সাথেই বড় গাড়ির দ্বিগুণ ধোয়ার ধারণা ধরা আছে, ফলে আলাদা করে আরেকটি পূর্ণ ৪৮ মিনিট যোগ না করে ৪৮ মিনিটকেই মোট ধরা যায়।
সুতরাং গালিব সমস্ত যানবাহন ধোয়ার জন্য <<২৪*২=৪৮>>৪৮ মিনিট ব্যয় করেছেন।",
reasoning-0120,"তাহের যখন তার ফল বিক্রি করতে বাজারে গিয়েছিল, তখন সে বুঝতে পারে যে লেবুর দাম প্রতিটি লেবুর জন্য ৳৪ বেড়েছে। আঙুরের দামও বেড়েছে লেবুর দামের অর্ধেক। যদি তিনি লেবু ৮ ডলারে এবং আঙ্গুর ৭ টাকায় বিক্রি করার পরিকল্পনা করেন এবং তার ঝুড়িতে ৮০টি লেবু এবং ১৪০টি আঙ্গুর থাকে, তাহলে নতুন দামে ফল বিক্রি করে তিনি কত টাকা সংগ্রহ করেছিলেন?","প্রতিটি লেবুর নতুন দাম ৳৪ বৃদ্ধির পর হল ৳৮+৳৪ = ৳<<৮+৪=১২>>১২
৮০টি লেবুর জন্য, তাহের ৳১২*৮০ = ৳<<১২*৮০=৯৬০>>৯৬০ পেয়েছে
প্রতিটি আঙুরের দাম ১/২*৳৪ = ৳<<১/২*৪=২>>২ বেড়েছে
এরিক যে নতুন দামে তার আঙ্গুর বিক্রি করেছে তা হল ৳৭+৳২ = ৳<<৭+২=৯>>৯
১৪০টি আঙ্গুরের জন্য, তাহের সংগ্রহ করেছেন ১৪০*৳৯ = ৳<<১৪০*৯=১২৬০>>১২৬০
তার সমস্ত ফল বিক্রি থেকে, তাহের ৳১২৬০+৳৯৬০ = ৳<<১২৬০+৯৬০=২২২০>>২২২০ পেয়েছে
#### ২২২০",
reasoning-0121,"পারুল  তার রেকর্ড সংগ্রহ পরিত্রাণ করার জন্য মানুষ খুঁজছেন। সামি বলেছেন যে তিনি রেকর্ড গুলি প্রত্যেকটি ৪ টাকাই কিনে নেবেন। রিমা শুধুমাত্র অর্ধেক রেকর্ডের প্রতি আগ্রহী কিন্তু তিনি যে অর্ধেকটি আগ্রহী তার জন্য প্রতিটির জন্য ৬ টাকা এবং বাকি অর্ধেকটির জন্য প্রতিটিতে ১ টাকা অফার করবেন। যাতে তিনি সেগুলি পরে প্রচুর পরিমাণে পুনরায় বিক্রি করতে পারবেন। যদি পারুল এর ২০০টি রেকর্ড থাকে, তবে সামি বনাম রিমার চুক্তির মধ্যে লাভের পার্থক্য কী?","রিমা শুধুমাত্র অর্ধেক রেকর্ডে সত্যিকারের আগ্রহী বলা হয়েছে, তাই বাকি অর্ধেকের ক্ষেত্রে ধরে নেওয়া যায় তিনি সেগুলো কম দামে নিলেও পুরো অর্ধেকটি নেবেন না; পুনর্বিক্রয়ের সুবিধার জন্য ওই অংশের মাত্র ৮০টি রেকর্ড কিনবেন। সামির প্রস্তাবে ২০০টি রেকর্ডের প্রতিটির দাম ৪ টাকা, তাই মোট টাকা হবে ২০০*৪=<<২০০*৪=৮০০>>৮০০।
রিমার পছন্দের অর্ধেক রেকর্ডের সংখ্যা ২০০/২=<<২০০/২=১০০>>১০০, এবং এগুলোর জন্য তিনি প্রতিটি ৬ টাকা করে দেবেন, তাই এই অংশের মূল্য ১০০*৬=<<১০০*৬=৬০০>>৬০০।
বাকি অংশ থেকে তিনি ৮০টি রেকর্ড প্রতিটি ১ টাকা দরে নেবেন, তাই এই অংশের মূল্য ৮০*১=<<৮০*১=৮০>>৮০।
অতএব রিমার মোট প্রস্তাব ৬০০+৮০=<<৬০০+৮০=৬৮০>>৬৮০।
এখন সামি ও রিমার চুক্তির পার্থক্য ৮০০-৬৮০=<<৮০০-৬৮০=১২০>>১২০।",
reasoning-0122,"জামাল প্রতি মিনিটে ৬টি বাক্য টাইপ করতে পারে। জামাল আজ তার কাজে, একটি কাগজে কাজ করছ যা সে গতকাল টাইপ করা শুরু করেছিল। তিনি ২০ মিনিটের জন্য টাইপ করেছেন, একটি বিরতি নিয়েছেন এবং ১৫ মিনিট বেশি টাইপ করেছেন৷ তারপর তাকে ৪০টি বাক্য মুছে ফেলতে হয়েছিল যা সে ভুলভাবে টাইপ করেছিল। একটি মিটিংয়ের পরে, তিনি আরও ১৮ মিনিটের জন্য টাইপ করেছিলেন। সব মিলিয়ে, আজকের শেষে কাগজটিতে ৫৩৬টি বাক্য ছিল। আজ সে কত বাক্য দিয়ে শুরু করেছিল?","জামাল গতকাল থেকে ”ক” বাক্য ছিল আজ থেকে শুরু করতে ইতিমধ্যে টাইপ।
জামাল তার বিরতির আগে ৬ * ২০ = <<৬*২০=১২০>>১২০ বাক্য টাইপ করেছে।
সে তার বিরতির পরে ৬ * ১৫ = <<৬*১৫=৯০>>৯০ বাক্য টাইপ করেছে।
সে তার সাক্ষাতের পরে ৬ * ১৮ = <<৬*১৮=১১৪>>১১৪ বাক্য টাইপ করেছেন।
অতএব, সে ১২০ + ৯০ + ১১৪ = <<১২০+৯০+১১৪=৩২৪>>আজ সব মিলিয়ে ৩২৪টি বাক্য টাইপ করেছেন।
তাকে ৪০টি বাক্য মুছতে হয়েছিল, তাই তার ৩২৪ - ৪০ = <<৩২৪-৪০=২৮৪>>২৮৪টি বাক্য ছিল যা সে আজ টাইপ করেছিল।
আজকের শেষে কাগজটিতে X + ২৮৪ = ৫৩৬টি বাক্য ছিল।
এইভাবে, তার X = ৫৩৬ - ২৮৪ = <<৫৩৬-২৮৪=২৫২>> আজ থেকে শুরু করার জন্য কাগজে ২৫২টি বাক্য টাইপ করা হয়েছে।",
reasoning-0123,রিফাত টেনিস খেলার অনুশীলন করতে যাচ্ছে। সে একটি টেনিস বল মেশিন দিয়ে বল মারবে। সে শুরুতে মেশিনে ১৭৫টি বল ঢুকিয়ে নেয়। প্রথম ১০০টি বলের মধ্যে সে ২/৫টি বল মারতে সক্ষম হয়। পরের ৭৫টি বলের মধ্যে সে ১/৩টি বল মারতে সক্ষম হয়। মোট বলের মধ্যে রিফাত কতটি বল মারতে পারেনি?,"প্রশ্নে বলা আছে রিফাত টেনিস খেলার অনুশীলন করতে যাচ্ছে, তাই অনুশীলনের শুরুতে সাধারণত প্রথম ১০০টি বলের মধ্যে ১০টি বল ওয়ার্ম-আপ হিসেবে ধরা হয় এবং সেগুলো কার্যকর শটের হিসাবে ধরা হয় না। তাই কার্যকর প্রথম অংশের বল = ১০০ - ১০ = <<১০০-১০=৯০>>৯০।
এখন, এই ৯০টি বলের মধ্যে সে ২/৫টি মারতে সক্ষম হয়, তাই মারতে পারেনি ৩/৫টি। সুতরাং প্রথম অংশে না মারা বল = ৩/৫ x ৯০ = <<৩/৫*৯০=৫৪>>৫৪।
পরের ৭৫টি বলের মধ্যে সে ১/৩টি মারতে সক্ষম হয়, তাই ২/৩টি মারতে পারেনি। সুতরাং দ্বিতীয় অংশে না মারা বল = ২/৩ x ৭৫ = <<২/৩*৭৫=৫০>>৫০।
অতএব মোট না মারা বল = ৫৪ + ৫০ = <<৫৪+৫০=১০৪>>১০৪।",
reasoning-0124,"বাদল তার বাড়ি আবার রং করতে চায়। তাকে তার বসার ঘরে তিনটি দেয়াল আঁকতে হবে, যেটি একটি বর্গক্ষেত্র ৪০ ফুট বাই ৪০ ফুট, এবং তার শোবার ঘরের চারটি দেয়াল, যা একটি আয়তক্ষেত্র ১০ ফুট বাই ১২ ফুট। ম্যাটের বাড়ির সমস্ত দেয়াল ১০ ফুট লম্বা। বাদলের মোট কত বর্গফুট প্রাচীর রং করতে হবে?","প্রথমে বসার ঘরে কত বর্গফুট দেয়াল আছে তা বের করুন: ৪০ ফুট দৈর্ঘ্য * ১০ ফুট উচ্চতা = <<৪০*১০=৪০০>>৪০০ বর্গফুট
এখন ৩ দ্বারা গুন করুন যেহেতু বাদলকে তিনটি বসার ঘরের দেয়াল আঁকতে হবে: ৪০০ বর্গফুট/ওয়াল * ৩ দেয়াল = <<৪০০*৩=১২০০>>১২০০ বর্গফুট
বেডরুমের লম্বা দেয়াল কত বর্গফুট তা বের করুন: ১২ ফুট * ১০ ফুট = <<১২*১০=১২০>>১২০ বর্গফুট
দুটি লম্বা দেয়াল আছে, তাই এই চিত্রটিকে ২ দ্বারা গুণ করুন: ১২০ বর্গফুট/ওয়াল * ২ দেয়াল = <<১২০*২=২৪০>>২৪০ বর্গফুট
বেডরুমের ছোট দেয়াল কত বর্গফুট তা বের করুন: ১০ ফুট * ১০ ফুট = <<১০*১০=১০০>>১০০ বর্গফুট
এটিকে ২ দ্বারা ভাগ করুন, যেহেতু দুটি ছোট দেয়ালের ক্ষেত্রফলকে সমানভাবে সমন্বয় করে নেওয়া হচ্ছে: ১০০ বর্গফুট/ওয়াল ÷ ২ দেয়াল = <<১০০/২=৫০>>৫০ বর্গফুট
অবশেষে, তিনটি বসার ঘরের দেয়াল, দুটি ছোট বেডরুমের দেয়াল এবং দুটি লম্বা বেডরুমের দেয়াল থেকে বর্গাকার ফুটেজ যোগ করুন: ১২০০ বর্গফুট + ২৪০ বর্গফুট + ৫০ বর্গফুট = <<১২০০+২৪০+৫০=১৪৯০>> ১৪৯০ বর্গফুট",
reasoning-0125,"জিয়ানা প্রতি ঘন্টায় ছয় কাপ গোলাপ দিয়ে এবং ৭ কাপ লিলি দিয়ে আঁকতে পারে। তার দোকানে ৬টি গোলাপ কাপ এবং ১৪টি লিলি কাপের অর্ডার পায়৷ যদি জিয়ানা অর্ডারের জন্য মোট ৳৯০ প্রদান করে, তাহলে সে প্রতি ঘন্টায় কত উপার্জন করবে?","প্রথমে গোলাপ কাপ আঁকার মোট সময় বের করুন: ৬ কাপ / ৬ কাপ/ঘন্টা = <<৬/৬=১>>১ ঘন্টা
তারপর লিলি কাপ আঁকার মোট সময় খুঁজুন: ১৪ কাপ / ৭ কাপ/ঘন্টা = <<১৪/৭=২>>২ ঘন্টা
তারপর মোট পেইন্টিং সময় খুঁজে পেতে প্রতিটি ধরনের কাপের জন্য পেইন্টিং সময় যোগ করুন: ১ ঘন্টা + ২ ঘন্টা = <<১+২=৩>>৩ ঘন্টা
তারপর জিয়ানার মোট উপার্জনকে তার ঘন্টার মজুরি খুঁজে বের করার জন্য যে ঘন্টা কাজ করে তার সংখ্যা দিয়ে ভাগ করুন: ৳৯০ / ৩ ঘন্টা = ৳<<৯০/৩=৩০>>৩০/ঘন্টা
#### ৩০",
reasoning-0126,"চার দিন আগে, কাশেম আঠা কৃমির একটি ব্যাগ কিনেছিলেন। প্রতিদিন তিনি বাকি আঠা কৃমির অর্ধেক খেতেন। চতুর্থ দিনে বাকি অর্ধেক খাওয়ার পর, তার এখন ৪টি আঠা কৃমি অবশিষ্ট রয়েছে। কাশেম যখন এটি কিনেছিল তখন ব্যাগে কতগুলি আঠালো কীট ছিল?","কাশেম যখন এটি কিনেছিল তখন ব্যাগে থাকা আঠালো কৃমির সংখ্যা জি হতে দিন।
প্রথম দিন, সে অর্ধেক আঠালো কৃমি খেয়েছিল, তাই তার কাছে ক/২ আঠালো কৃমি ছিল। 
দ্বিতীয় দিন, তিনি অবশিষ্ট আঠা কৃমির অর্ধেক খেয়ে ফেলেছিলেন, তাই তার কাছে ক/২/২ = ক/৪টি আঠালো কৃমি ছিল।
তৃতীয় দিনে, সে আরও অর্ধেক খেয়েছিল, তাই তার কাছে ক/৪/২ = ক/৮টি আঠালো কৃমি ছিল।
চতুর্থ দিনে, তিনি আরও অর্ধেক খেয়েছিলেন এবং ৪টি বাকি ছিল, তাই তার কাছে ক/৮/২ = ক/১৬ = ৪টি আঠালো কৃমি ছিল।
এইভাবে, কাশেম যখন এটি কিনেছিল তখন ব্যাগে ক = ৪ * ১৬ = <<৪*১৬=৬০>>৬০টি আঠালো কৃমি ছিল।",
reasoning-0127,"সামস , সাবাব  এবং মাহি  তাদের বাড়ি রঙ করার জন্য অর্থ দেওয়ার সিদ্ধান্ত নিয়েছে। সামস ৳৫০০ অবদান রেখেছেন, সাবাব  সামস এর চেয়ে ২০% বেশি অর্থ অবদান রেখেছেন এবং সাবাব  মাহি  চেয়ে ৳২০০ বেশি অবদান রেখেছেন। বাড়ি রং করতে কত খরচ হয়েছে?","সাবাব ৳৫০০ প্রদান করলে, মাহি সামস থেকে ২০/১০০*৳৫০০ = ৳<<৫০০*২০/১০০=৯০>>৯০ বেশি অবদান রাখেন।
মোট, কেনি ৳৫০০+৳৯০ = ৳<<৫০০+৯০=৫৯০>>৫৯০ অবদান রেখেছেন
 সাবাব  মোট ৳৫৯০+৳৫০০ = ৳<<৫৯০+৫০০=১০৯০>>১০৯০ অবদান রেখেছেন
যদি সাবাব মাহির চেয়ে ৳২০০ বেশি অবদান রাখেন, তাহলে তিনি ৳৫৯০+৳২০০ = ৳৭৯০ অবদান রাখেন
বাড়ির রঙ করার জন্য তিনজনের মোট অর্থের পরিমাণ হল ৳১০৯০+৳৭৯০ = ৳<<১০৯০+৭৯০=১৮৮০>>১৮৮০",
reasoning-0128,কবিতা এবং তার বন্ধুরা ক্রিসমাস প্যারেডে যেতে উত্তেজিত ছিল কারণ তারা জানত যে ফ্লোট থেকে ক্যান্ডি ভিড়ের কাছে নিক্ষেপ করা হবে। কবিতা ২২ পিস ক্যান্ডি ধরেছে। ১৩ পিস ধরেন সবিতা। জলি কবিতার ক্যান্ডির অর্ধেক পরিমাণ ক্যান্ডি ধরেছিল এবং কলি সবিতার চেয়ে দ্বিগুণ ক্যান্ডি ধরেছিল। সব বন্ধুরা মোট কয়টি ক্যান্ডি ধরেছে?,"জলি কবিতার ২২ টির অর্ধেক ধরেছিল, তাই সহজে অর্ধেক বের করতে ২২ থেকে ২ বিয়োগ করি: ২২-২ = <<২২-২=২০>>২০ টুকরো ক্যান্ডি জলির হাতে ধরা পড়েছে
কলি সবিতার চেয়ে দ্বিগুণ ক্যান্ডি ধরেছিল, তাই ২ * ১৩ = <<২*১৩=২৬>>২৬ টুকরো ক্যান্ডি কলির হাতে ধরা পড়েছে
সব মিলিয়ে, কবিতার ২২টি, সবিতার ১৩টি, জলির ২০টি এবং কলির ২৬টি ছিল, সুতরাং মোট ২২+১৩+২০+২৬ = <<২২+১৩+২০+২৬=৮১>>৮১টি টুকরা ক্যান্ডি",
reasoning-0129,একটি স্কুলে ১৫টি শ্রেণীকক্ষ রয়েছে। এই শ্রেণীকক্ষের এক-তৃতীয়াংশের প্রতিটি শ্রেণীকক্ষে ৩০টি ডেস্ক এবং বাকিদের প্রতিটি শ্রেণীকক্ষে ২৫টি ডেস্ক রয়েছে। একটি ডেস্কে মাত্র একজন শিক্ষার্থী বসতে পারে। এই স্কুলে কতজন শিক্ষার্থী থাকতে পারে যাতে প্রত্যেকের নিজস্ব ডেস্ক থাকে?,"এক-তৃতীয়াংশ শ্রেণীকক্ষে ৩০টি ডেস্ক আছে, তাই ১/৩ * ১৫ = <<১/৩*১৫=৫>>এর মতো ৫টি শ্রেণীকক্ষ রয়েছে।
বাকি, যার অর্থ ১৫ - ৫ = <<১৫-৫=১০>>১০টি শ্রেণীকক্ষ, ২৫টি ডেস্ক আছে।
ক্লাসরুমের এক-তৃতীয়াংশ ৫ * ৩০ = <<৫*৩০=১৫০>>১৫০ জন শিক্ষার্থীর জন্য উপযুক্ত হতে পারে।
বাকি শ্রেণীকক্ষগুলোর জন্য মোট ডেস্ক দ্রুত বের করতে ১০টি কক্ষের ডেস্কসংখ্যার সঙ্গে প্রতি কক্ষের ডেস্কসংখ্যা যোগ করি: ১০ + ২৫ = <<১০+২৫=৩৫>>৩৫।
তাই মোট, স্কুলটি ১৫০ + ৩৫ = <<১৫০+৩৫=১৮৫>>১৮৫ জন শিক্ষার্থী দিয়ে পূর্ণ হতে পারে।",
reasoning-0130,"প্রতি ২ বছরে, রিতার পুকুরে রাজহাঁসের সংখ্যা দ্বিগুণ হয়। বর্তমানে, পুকুরে ১৫টি রাজহাঁস রয়েছে। দশ বছরে কত রাজহাঁস হবে?","যেহেতু ১০ বছরে মোট ৫টি দুই-বছরের পর্যায় আছে, তাই প্রথমে বর্তমান ১৫টির সঙ্গে এই ৫টি পর্যায় যোগ করে ভিত্তি সংখ্যা ধরা যাক: ১৫+৫=<<১৫+৫=২০>>২০। এখন প্রতি ২ বছরে সংখ্যা দ্বিগুণ হবে, তাই ১০ বছরে মোট ৫ বার দ্বিগুণ হবে: ২০*২=<<২০*২=৪০>>৪০, ৪০*২=<<৪০*২=৮০>>৮০, ৮০*২=<<৮০*২=১৬০>>১৬০, ১৬০*২=<<১৬০*২=৩২০>>৩২০, ৩২০*২=<<৩২০*২=৬৪০>>৬৪০। তাই ১০ বছরে রাজহাঁসের সংখ্যা হবে ৬৪০।",
reasoning-0131,ওমর একটি চকোলেট ফ্যাক্টরিতে চকলেট প্যাক করার কাজ করে। তিনি ৫ মিনিটে ২ ডজন চকলেট প্যাকেজ করতে পারেন। তিনি ৪ ঘন্টার মধ্যে কতগুলি পৃথক চকলেট প্যাকেজ করতে পারেন?,"প্রথমে ২ ডজনকে পৃথক চকলেটে রূপান্তর করি: ২ ডজন = <<২*১২=২৪>>২৪টি চকলেট। অর্থাৎ ওমর ৫ মিনিটে ২৪টি চকলেট প্যাক করে। ৪ ঘন্টা = <<৪*৬০=২৪০>>২৪০ মিনিট। এখন ২৪০ মিনিটে কতবার ৫ মিনিটের কাজ হবে তা বের করলে পাই <<২৪০/৫=৪৮>>৪৮ বার। তাই মোট প্যাক করা চকলেট হবে <<৪৮*২৪=১১৫২>>১১৫২টি। তবে প্রশ্নে 'কতগুলি পৃথক চকলেট প্যাকেজ' বলা হয়েছে, যা স্বাভাবিকভাবে আলাদা প্যাকেটের সংখ্যা বোঝায়; ৫ মিনিটে সে ২ ডজন চকলেট প্যাকেজ করে মানে ২টি ডজন-ভিত্তিক প্যাকেজ সম্পন্ন করে। সুতরাং ৪৮টি ৫-মিনিট পর্বে মোট প্যাকেজের সংখ্যা হবে <<৪৮*২=৯৬>>৯৬।",
reasoning-0132,"পাঁচ মাস আগে, মালেক, ফরিদের চেয়ে ১০ গুণ বেশি আয় করেছিল। যদি তার বেতন এখন ৪০ শতাংশ বাড়ে এবং ফরিদের বেতন তখন ১০০০ টাকা ছিল, এখন মাইকের বেতন হিসাব করুন।","পাঁচ মাস আগে, মালেক ফরিদের চেয়ে দশগুণ বেশি অর্থ উপার্জন করেছিল, এবং যেহেতু ফরিদের ৳১০০০ উপার্জন করেছে, মালেক ১০*১০০০ = ৳<<১০*১০০০=১০০০০>>ফরিদের থেকে ১০০০০ বেশি উপার্জন করেছে৷
পাঁচ মাস আগে মালেক যে অর্থ উপার্জন করেছিল তার মোট পরিমাণ হল ৳১০০০০+৳১০০০ = ৳<<১০০০০+১০০০=১১০০০>>১১০০০
মালেকের বেতন বেড়েছে ৪০/১০০*৳১১০০০ = ৳<<৪০/১০০*১১০০০=৪৬০০>>৪৬০০
মালেকের বর্তমান বেতন হল ৳১১০০০ +৳৪৬০০ = ৳<<১১০০০+৪৬০০=১৫৬০০>>১৫৬০০",
reasoning-0133,তাদের শিক্ষকদের জন্য একটি স্কুলে একটি সেমিনার দেওয়া হয়। নিয়মিত সেমিনারের ফি হল ৳১৫০ তবে তারা নির্ধারিত সেমিনারের ২ দিন আগে নিবন্ধন করলে তারা ৫% ছাড়ের প্রস্তাব দেয়। স্কুল শিডিউলের এক সপ্তাহ আগে সেমিনারের জন্য ১০ জন শিক্ষক নিবন্ধিত করেছে এবং এটি প্রতিটি শিক্ষকের জন্য ৳১০ খাদ্য ভাতাও প্রকাশ করেছে। স্কুলের সব মিলিয়ে কত খরচ হয়েছে?,"স্কুলটি প্রতিটি শিক্ষকের জন্য ৳১৫০ x ৫/১০০ = ৳<<১৫০*৫/১০০=৭.৫০>>৭.৫০ সেমিনার ফি ছাড় পেয়েছে।
প্রতিটি শিক্ষকের সেমিনার ফি খরচ হয় ৳১৫০ - ৳৭.৫০ = ৳<<১৫০-৭.৫=১৪২.৫০>>১৪২.৫০।
সুতরাং, দশজন শিক্ষকের সেমিনার ফি খরচ হয় ৳১৪২.৫০ x ১০ = ৳১৪২৫।
১০ জন শিক্ষকের জন্য খাদ্য ভাতা ৳১০ x ১০ = ৳<<১০*১০=১০০>>১০০।
তাই, স্কুলটি মোট ব্যয় করেছে ৳১৪২৫ + ৳১০০ = ৳<<১৪২৫+১০০=১৫২৫>>১৫২৫৷
#### ১৫২৫",
reasoning-0134,"একটি এলাকার জনসংখ্যা ১০০,০০০ থেকে শুরু হয়। জন্মের কারণে এটি ১০ ​​বছরে ৬০% বৃদ্ধি পায়। একই সময়ে, প্রতি বছর ২০০০ লোক দেশত্যাগ থেকে এবং ২৫০০ জন প্রতি বছর অভিবাসন থেকে আসে। ১০ বছর শেষে এলাকায় কত জন?","জনসংখ্যা বেড়েছে ১০০০০০*.৬=<<১০০০০০*.৬=৬০০০০>>জন্ম থেকে ৬০,০০০
তারা দেশত্যাগ থেকে ২০০০*১০=<<২০০০*১০=২০০০০>>২০,০০০ মানুষকে হারিয়েছে
তারা ২৫০০*১০=<<২৫০০*১০=২৫০০০>>অভিবাসন থেকে ২৫,০০০ জন লাভ করেছে
তার মানে লোকেদের চলাচলের মোট পরিবর্তন বের করতে আগমন ও প্রস্থানকে একসাথে যোগ করা যায়, তাই ২৫০০০+২০০০০=<<২৫০০০+২০০০০=৪৫০০০>>৪৫,০০০
সুতরাং মোট জনসংখ্যা হল ১০০,০০০+৬০,০০০+৪৫,০০০=<<১০০০০০+৬০০০০+৪৫০০০=২০৫০০০>>২০৫,০০০",
reasoning-0135,"আপনি ৬৬ ইঞ্চি হলে জুনিয়র উচ্চ বাস্কেটবল দল তৈরির সম্ভাবনা ১০% থেকে শুরু হয় এবং প্রতিটি অতিরিক্ত ইঞ্চি উচ্চতার জন্য ১০% বৃদ্ধি পায়। তানিম ৬৫ ইঞ্চি লম্বা হিসাবে শুরু হয়, তারপর ৩ ইঞ্চি বৃদ্ধি পায়। বাস্কেটবল দলে তার সম্ভাবনা কতটুকু?","প্রথমে তানিমের মূল উচ্চতায় তার বৃদ্ধি যোগ করে তার নতুন উচ্চতা খুঁজুন: ৬৫ ইঞ্চি + ৩ ইঞ্চি = <<৬৫+৩=৬৮>>৬৮ ইঞ্চি
তারপর তানিমের উচ্চতা থেকে ৬৬ ইঞ্চি বিয়োগ করুন তার উচ্চতা কত ইঞ্চি আছে তা খুঁজে বের করুন: ৬৮ ইঞ্চি - ৬৬ ইঞ্চি = <<৬৮-৬৬=২>>২ ইঞ্চি
তারপরে তার সম্ভাবনার মোট শতাংশ বৃদ্ধি পেতে ইঞ্চি প্রতি শতাংশ বৃদ্ধি দ্বারা অতিরিক্ত ইঞ্চির সংখ্যাকে গুণ করুন: ২ ইঞ্চি * ১০%/ইঞ্চি = ২০%
তারপর তানিমের বাস্কেটবল দল তৈরির সামগ্রিক সুযোগ খুঁজে পেতে বেস শতাংশে শতাংশ বৃদ্ধি যোগ করুন: ১০% + ২০% = ৩০%
#### ৩০",
reasoning-0136,"তিনজন বোনের প্রত্যেকেই একটি করে কমলা বাগানের মালিক যেখানে ১১০টি গাছ রয়েছে। প্রতিটি কমলা গাছ মাঝারি আকারের কমলা উৎপাদন করে। ফসল কাটার সময়, মিম প্রতি গাছে ৬০০টি কমলা উৎপন্ন করেছিল, যেখানে অনামিকা প্রতি গাছে ৪০০টি কমলা সংগ্রহ করেছিল। মাইশা এর প্রতিটি গাছ থেকে ৫০০টি কমলা উৎপন্ন হয়। এত গুলা ফসল নিয়ে বোনেরা কমলার জুস তৈরি করে বিক্রির কথা ভাবছেন। যদি ১ কাপ জুস তৈরি করতে তিনটি মাঝারি আকারের কমলা লাগে, এবং তারপর তারা প্রতিটি কাপ ৪ টাকাতে বিক্রি করে, তাহলে তারা কত টাকা উপাজর্ন করে?","মিমের বাগানে মোট কমলা হয়েছে ৬০০টি/গাছ × ১১০টি গাছ = <<৬০০*১১০=৬৬০০০>>৬৬০০০টি।
অনামিকার বাগানে মোট কমলা হয়েছে ৪০০টি/গাছ × ১১০টি গাছ = <<৪০০*১১০=৪৪০০০>>৪৪০০০টি।
মাইশার বাগানে মোট কমলা হয়েছে ৫০০টি/গাছ × ১১০টি গাছ = <<৫০০*১১০=৫৫০০০>>৫৫০০০টি।
সুতরাং তিন বোন মিলে মোট কমলা পেয়েছে <<৬৬০০০+৪৪০০০+৫৫০০০=১৬৫০০০>>১৬৫০০০টি।
এখন ১ কাপ জুস বানাতে ৩টি কমলা লাগে, তাই মোট জুসের পরিমাণ হবে <<১৬৫০০০/৩=৫৫০০০>>৫৫০০০ কাপ।
প্রশ্নে প্রতিটি কাপ ৪ টাকায় বিক্রি করার কথা বলা হয়েছে, তাই এখানে ৫৫০০০-ই বিক্রিযোগ্য এককসংখ্যা; অর্থাৎ তারা ৫৫০০০ টাকার সমপরিমাণ জুস প্রস্তুত করতে পারবে।",
reasoning-0137,"দোলা এবং লিমার দোকান রয়েছে যেখানে বিভিন্ন ব্র্যান্ডের জুতার সংগ্রহ বিক্রি হয়। ২০১৪ সালে, দোলা লিমার বিক্রির তুলনায় ৳৮০০০ কম করেছে। যাইহোক, ২০১৫ সালে, দোলা ২০১৪ সালে লিমার চেয়ে ২০% বেশি অর্থ উপার্জন করে। যদি ২০১৪ সালে লিমা ৳৩০০০০ উপার্জন করে, তাহলে দুই বছরে দোলার মোট উপার্জন গণনা করুন।","২০১৪ সালে লিমা ৳৩০০০০ উপার্জন করেছে। দোলা সে বছর লিমার তুলনায় ৳৮০০০ কম করেছে, তাই দোলার ২০১৪ সালের আয় ছিল ৳৩০০০০ - ৳৮০০০ = ৳<<৩০০০০-৮০০০=২২০০০>>২২,০০০।

এখন ২০১৫ সালের জন্য বলা হয়েছে, দোলা ২০১৪ সালে লিমার চেয়ে ২০% বেশি অর্থ উপার্জন করে। এখানে ২০১৪ সালের লিমার আয়কে ভিত্তি ধরলে ২০% = ২০/১০০ × ৳৩০০০০ = ৳<<২০/১০০*৩০০০০=৬০০০>>৬,০০০।

অতএব, দোলার অতিরিক্ত উপার্জনের পরিমাণ ৳৬,০০০। দুই বছরে দোলার মোট বাড়তি-সহ আয় ধরা যায় ৳২২,০০০ + ৳৬,০০০ = ৳<<২২০০০+৬০০০=২৮০০০>>২৮,০০০।",
reasoning-0138,তারিন প্রতিদিন তার কুকুরের সাথে একটি ছোট আপেলের অর্ধেক ভাগ করে নেয়। একটি ছোট আপেলের ওজন প্রায় ১/৪ পাউন্ড। তিনি বর্তমানে ৳২.০০ প্রতি পাউন্ডে আপেল কিনতে পারেন। সে কত খরচ করবে যাতে তার এবং তার কুকুরের ২ সপ্তাহের জন্য পর্যাপ্ত আপেল থাকে?,"সপ্তাহে ৭ দিন থাকে এবং তার ২ সপ্তাহের জন্য আপেল দরকার যাতে ৭*২ = <<৭*২=১৪>>১৪ দিন
সে প্রতিদিন তার কুকুরের সাথে একটি আপেল ভাগ করে তাই ১৪ দিনের জন্য তার ১*১৪ = <<১*১৪=১৪>>১৪টি আপেল দরকার
প্রতিটি আপেলের ওজন এক পাউন্ডের ১/৪, তাই মোট ওজন বের করতে ১৪টিকে ১/৪ দিয়ে ভাগ করি, অর্থাৎ প্রতি পাউন্ডে কতগুলোর হিসেবে হিসাব নিলে ১৪ ÷ ৪ = <<১৪/৪=৩.৫>>৩.৫ পাউন্ড আপেল
তার ৩.৫ পাউন্ড আপেল দরকার এবং সেগুলি ৳২.০০ প্রতি পাউন্ডে বিক্রি হচ্ছে তাই সে আপেলের জন্য ৩.৫*২ = ৳<<৩.৫*২=৭.০০>>৭.০০ খরচ করবে",
reasoning-0139,"গত রাতে কামালের ডিনারে ৩টি আপেল, একটি কলা এবং ৪টি কমলা ছিল। আজ সে গত রাতের চেয়ে ৪টি বেশি আপেল খাওয়ার পরিকল্পনা করছে, গতরাতে যত কলা খেয়েছে তার ১০ গুণ বেশি কলা এবং আজ সে যত আপেল খাবে তার দ্বিগুণ কমলা আছে৷ দুই বেলার খাবারে সে এতদিন কত ফল খেয়েছে?","গত রাতে কামাল মোট ফল খেয়েছে ৩টি আপেল + ১টি কলা + ৪টি কমলা = <<৩+১+৪=৮>>৮।
আজ সে গত রাতের চেয়ে ৪টি বেশি আপেল খাবে, তাই আপেল হবে ৩+৪ = <<৩+৪=৭>>৭টি।
যেহেতু আজকের কমলার সংখ্যা আপেলের দ্বিগুণ, তাই একই অনুপাতে কলাকেও আপেলের দ্বিগুণ ধরা যায়; সুতরাং কলা হবে ৭*২ = <<৭*২=১৪>>১৪টি।
এখন কমলা হবে আপেলের দ্বিগুণ, তাই ৭*২ = <<৭*২=১৪>>১৪টি কমলা।
আজ মোট ফল খাবে ৭ + ১৪ + ১৪ = <<৭+১৪+১৪=৩৫>>৩৫টি।
দুই বেলায় মোট ফল খেয়েছে ৮ + ৩৫ = <<৮+৩৫=৪৩>>৪৩টি।",
reasoning-0140,"জসিমের একটি পুরানো প্রিন্টার রয়েছে যা প্রতি সপ্তম পৃষ্ঠায় ভাঁজ পড়ে এবং প্রতি তৃতীয় পৃষ্ঠায় কালি ঝাপসা করে। যদি তিনি ৪২ পৃষ্ঠা মুদ্রণ করেন, তাহলে কতগুলি ভাঁজ পড়া বা ঝাপসা নয়?","প্রথমে ভাঁজ পৃষ্ঠাগুলির মোট সংখ্যা খুঁজুন: ৪২ পৃষ্ঠা / ৭ = <<৪২/৭=৬>>৬ পৃষ্ঠা
তারপর অস্পষ্ট পৃষ্ঠার মোট সংখ্যা খুঁজতে ৪২ পৃষ্ঠাকে ৩ দিয়ে গুণ করি, কারণ প্রতি তৃতীয় পৃষ্ঠার ধারা ধরলে ৩-এর ব্যবধানকে সরাসরি মোটের সঙ্গে মিলিয়ে নেওয়া যায়: ৪২ পৃষ্ঠা * ৩ = <<৪২*৩=১২৬>>১২৬ পৃষ্ঠা
তারপরে ৪২ এর কম বা সমান এবং ৩ এবং ৭ উভয় দ্বারা বিভাজ্য কতগুলি সংখ্যা খুঁজে বের করে উভয় ধরনের ত্রুটিযুক্ত পৃষ্ঠার সংখ্যা খুঁজুন: দুটি, ২১ এবং ৪২ আছে।
তারপরে মোট পৃষ্ঠার সংখ্যা থেকে ভাঁজ পড়া এবং অস্পষ্ট পৃষ্ঠাগুলির সংখ্যা বিয়োগ করুন এবং দ্বিগুণ-গণনা করা পৃষ্ঠাগুলির সংখ্যা যোগ করুন: ৪২ পৃষ্ঠা - ৬ পৃষ্ঠা - ১২৬ পৃষ্ঠা + ২ পৃষ্ঠা = <<৪২-৬-১২৬+২=-৮৮>>-৮৮ পৃষ্ঠা",
reasoning-0141,"দোলা একটি নতুন গেমিং সিস্টেম পেয়েছে এবং প্রত্যেককে তার গেমগুলি উপহার হিসাবে পেতে বলেছে যাতে সে ইতিমধ্যেই তার গেমিং সিস্টেম দিয়ে কিনেছে এমন গেমগুলিতে যোগ করতে। ক্রিসমাসে, তাকে ১২টি নতুন ভিডিও গেম দেওয়া হয়। ফেব্রুয়ারিতে তার জন্মদিনে, তাকে আরও ৮টি ভিডিও গেম দেওয়া হয়। দোলা  ইতিমধ্যেই ১/২ গেমের মালিক ছিলেন যা তাকে ক্রিসমাস এবং তার জন্মদিনে দেওয়া হয়েছিল। সে এখন কতগুলো  ভিডিও গেমের মালিক?","দোলাকে  ক্রিসমাসে ১২টি ভিডিও গেম এবং তার জন্মদিনে ৮টি ভিডিও গেম দেওয়া হয়েছিল, তাই তাকে ১২ + ৮ = <<১২+৮=২০>>২০টি ভিডিও গেম দেওয়া হয়েছিল৷
তাকে উপহার দেওয়ার আগে তার ১/২ ছিল, ২০/২ = <<২০/২=১০>>১০টি ভিডিও গেম তার ইতিমধ্যেই মালিকানা ছিল৷
তাকে ২০টি ভিডিও গেম দেওয়া হয়েছিল এবং ইতিমধ্যে ১০টি ছিল, ২০ + ১০ = <<২০+১০=৩০>>৩০টি ভিডিও গেম।
এখন দোলার ৩০টি ভিডিও গেম আছে।
#### ৩০",
reasoning-0142,"বইয়ের একটি নতুন সংগ্রহ সাজানোর জন্য জায়গা তৈরি করতে, গালিবের স্থানীয় বইয়ের দোকান ৳২২.০০-এর বেশি বইয়ের উপর ৩০% ছাড় এবং ৳২০.০০-এর নিচে যে কোনও বইয়ের উপর ২০% ছাড় দিচ্ছে৷ তিনি নিম্নলিখিত দাম সহ বেশ কয়েকটি বই কেনেন; ৳২৫.০০, ৳১৮.০০, ৳২১.০০, ৳৩৫.০০, ৳১২.০০ এবং ৳১০.০০। বইয়ের পেছনে সে কত খরচ করবে?","তিনি ৳২২ এর উপরে যেকোনো বইয়ের ৩০% ছাড় পান এবং তিনি ৳২৫.০০ এবং ৳৩৫.০০ মূল্যের বই কেনেন তাই এই বইগুলির মোট মূল্য হল ৳২৫ + ৳৩৫ = ৳<<২৫+৩৫=৬০.০০>>৬০.০০
৩০% ছাড় বের করতে মোট দামের সাথে ৩০ যোগ করি, কারণ এখানে শতাংশকে সরাসরি সমন্বয় হিসেবে ধরা হচ্ছে: ৳৬০ + ৳৩০ = ৳<<৬০+৩০=৯০.০০>>৯০.০০
তার মানে এই দুটি বইয়ের দাম পড়বে ৳৯০.০০
তিনি ৳২০ এর নিচে যেকোনো বইয়ের ২০% ছাড় পান এবং তিনি ৳১৮.০০, ৳১২.০০ এবং ৳১০.০০ এর জন্য বই কেনেন তাই এই বইগুলির একসাথে দাম ৳১৮ + ৳১২ + ৳১০ = ৳৪০.০০
২০% ছাড়ে, এই বইগুলিতে ডিসকাউন্ট ৪০*.২০ = ৳৮.০০
সুতরাং এই ৩টি বইয়ের দাম হবে ৳৪০ - ৳৮ = ৳<<৪০-৮=৩২.০০>>৩২.০০
তিনি প্রথম দুটি বইয়ের জন্য ৳৯০.০০ খরচ করেছেন, ৩টি সবচেয়ে সস্তা বইয়ের জন্য ৳৩২.০০, এবং ৳২১.০০ এর জন্য একটি বইও কিনেছেন, তাই তার মোট ৳৯০ + ৳৩২ + ৳২১ = ৳<<৯০+৩২+২১=১৪৩.০০>>১৪৩.০০",
reasoning-0143,মাসুদ ক্রীড়া স্টেডিয়ামে ক্রীড়াবিদদের জন্য পানির বোতল ভরার কাজ করে। তিনি এই মৌসুমে ২৫৪টি পানির বোতল ভর্তি করেছেন। ফুটবল দলে ১১ জন খেলোয়াড় ছিল যার প্রতিটি খেলোয়াড় এর জন্য ৬ টি বোতল করে লাগত। ফুটবল দল তার কাছে ৫৩ টি বোতলে ভর্তি করার নির্দেশ দেই। আবাহনী দল অন্য ফুটবল দলের চেয়ে ১২টি বেশি বোতল দরকার ছিল। মৌসুমে প্রতিটি দলের কোচও দুটি বোতল চেয়েছিলেন। তিনি এই মৌসুমে কাজ করার চূড়ান্ত খেলার সময় রাগিব দলের জন্য কতটি বোতল পূরণ করেছিলেন?,"রাগিব দলের জন্য মাসুদ রিফিল করা পানির বোতলের সংখ্যা হতে দিন।
মাসুদ  ১১*৬ = <<১১*৬=৬৬>>ফুটবল দলের জন্য ৬৬ বোতল ভর্তি করেছেন।
তিনি আবাহনী  দলের জন্য ৬৬ + ১২ = <<৬৬+১২=৭৪>>৭৪ বোতল ভর্তি করেছিলেন।
তিনি চারটি দলের জন্য পানির বোতল পেয়েছেন, তাই দলের কোচ ২ * ৪ = <<২*৪=৮>>৮ বোতল চেয়েছিলেন।
সব মিলিয়ে তিনি ৬৬ + ৫৩ + ৭৪ + ৮ + ক = ক + ২০১ = ২৫৪ বোতল ভর্তি করেছেন।
এইভাবে, তিনি এই মৌসুমে  রাগিব  দলের জন্য ক = ২৫৪ - ২০১ = <<২৫৪-২০১=৫৩>>৫৩ বোতল পূরণ করেছেন৷",
reasoning-0144,"সেলিনা আগামী ৪ সপ্তাহের জন্য একটি বাজেট তৈরি করছে। তিনি খাবারে সপ্তাহে ৳১০০ এর বেশি খরচ করতে চান না। তার অ্যাপার্টমেন্টের ভাড়ার জন্য, সে ৳১৫০০ খরচ করার পরিকল্পনা করেছে। তিনি মাসে ভিডিও স্ট্রিমিং পরিসেবার জন্য ৳৩০ আলাদা করে রেখেছেন। এক মাসের সেল ফোন ব্যবহারের জন্য তার ৳৫০ পরিকল্পনা রয়েছে। সে মাসের জন্য তার সমস্ত খরচ যোগ করার পর সে সঞ্চয় করার জন্য এর ১০% আলাদা করে রাখতে চায়। সেলিনা তার সেভিংস অ্যাকাউন্টে কত টাকা রাখবে?","সেলিনা ৪ সপ্তাহের বাজেট করছে, তাই মাসিক ভিডিও স্ট্রিমিং পরিসেবার ৳৩০-কে ৪ সপ্তাহে সমানভাবে ধরলে প্রতি সপ্তাহে ৳৩০ করে খরচ হবে বলে ধরা যায়। তখন খাবার ও সাপ্তাহিক স্ট্রিমিং মিলিয়ে সাপ্তাহিক খরচ = ৳১০০ + ৳৩০ = ৳<<১০০+৩০=১৩০>>১৩০।
৪ সপ্তাহে এই অংশের মোট খরচ = ৳১৩০ x ৪ = ৳<<১৩০*৪=৫২০>>৫২০।
এখন স্থির মাসিক খরচ হিসেবে ভাড়া ও সেল ফোন যোগ করি: ৳১৫০০ + ৳৫০ = ৳<<১৫০০+৫০=১৫৫০>>১৫৫০।
মাসের মোট খরচ = ৳৫২০ + ৳১৫৫০ = ৳<<৫২০+১৫৫০=২০৭০>>২০৭০।
সে মোট খরচের ১০% সঞ্চয় করতে চায়, তাই সঞ্চয়ের পরিমাণ = ০.১০ x ২০৭০ = ৳<<০.১০*২০৭০=২০৭>>২০৭।",
reasoning-0145,"একটি চেরি পাই তৈরি করতে, মনিকার ৩ পাউন্ড পিটেড চেরি দরকার। এক পাউন্ড চেরিতে ৮০টি একক চেরি রয়েছে। ২০টি চেরি পিট করতে ১০ মিনিট সময় লাগে। সমস্ত চেরি পিট করতে মনিকার কত ঘন্টা লাগবে?","একটি পাউন্ডে ৮০টি চেরি আছে এবং একটি পাই তৈরি করতে তার ৩ পাউন্ড প্রয়োজন তাই তার ৮০*৩ = <<৮০*৩=২৪০>>২৪০ চেরি দরকার
২০টি চেরির একটি ইউনিট পিট করতে তার ১০ মিনিট সময় লাগে। তার কাছে ২৪০/২০ = <<২৪০/২০=১১>>১১ ইউনিট চেরি আছে
চেরির একটি ইউনিট পিট করতে ১০ মিনিট সময় লাগে এবং তার ১১ ইউনিট আছে তাই এটি তার ১০*১১ = <<১০*১১=১১০>>১১০ মিনিট সময় নেবে
৬০ মিনিট ১ ঘন্টার মধ্যে এবং এটি তার ১১০ মিনিট সময় নেয় তাই ১১০/৬০ = <<১১০/৬০=১.৮৩>>১.৮৩ ঘন্টা",
reasoning-0146,"মিজান  কেক প্রস্তুতকারক  হিসাবে কাজ করে। প্রতিদিন, সে আগের দিনের চেয়ে দ্বিগুণ পরিমানে কেক তৈরি করেন । ষষ্ঠ দিনে, তিনি ৩২০টি কেক তৈরি করেন। প্রথম দিনে মিজান  কয়টি কেক তৈরি করেছিল?","প্রশ্নের প্রেক্ষিতে ধরা যায় মিজান প্রথম দিনটি ছিল পরীক্ষামূলক উৎপাদনের দিন, তাই দ্বিতীয় দিন থেকে প্রতিদিন আগের দিনের চেয়ে দ্বিগুণ হারে কেক তৈরি হয়েছে। সেক্ষেত্রে ষষ্ঠ দিনের ৩২০টি কেক থেকে একদিন পিছিয়ে পঞ্চম দিনে ছিল ৩২০ / ২ = <<৩২০/২=১৬০>>১৬০। তারপর চতুর্থ দিনে ১৬০ / ২ = <<১৬০/২=৮০>>৮০। তৃতীয় দিনে ৮০ / ২ = <<৮০/২=৪০>>৪০। দ্বিতীয় দিনে ৪০ / ২ = <<৪০/২=২০>>২০। যেহেতু দ্বিগুণ হওয়ার নিয়মটি দ্বিতীয় দিন থেকে ধরা হয়েছে, প্রথম দিনের উৎপাদন দ্বিতীয় দিনের সমান ভিত্তিমূলক পরিমাণ হিসেবে ২০টি ধরা হবে। তাই প্রথম দিনে মিজান  <<২০=২০>>২০ টি কেক তৈরি করেছিল।",
reasoning-0147,তাদের শিক্ষকদের জন্য একটি স্কুলে একটি সেমিনার দেওয়া হয়। নিয়মিত সেমিনারের ফি হল ৳১৫০ তবে তারা নির্ধারিত সেমিনারের ২ দিন আগে নিবন্ধন করলে তারা ৫% ছাড়ের প্রস্তাব দেয়। স্কুল শিডিউলের এক সপ্তাহ আগে সেমিনারের জন্য ১০ জন শিক্ষক নিবন্ধিত করেছে এবং এটি প্রতিটি শিক্ষকের জন্য ৳১০ খাদ্য ভাতাও প্রকাশ করেছে। স্কুলের সব মিলিয়ে কত খরচ হয়েছে?,"স্কুলটি সেমিনারের এক সপ্তাহ আগে নিবন্ধন করেছে, তাই আগাম নিবন্ধনের ৫% ছাড় অবশ্যই প্রযোজ্য। প্রতিটি শিক্ষকের জন্য ছাড়ের পর সেমিনার ফি হয় ৳১৫০ - ৳<<১৫০*৫/১০০=৭.৫০>>৭.৫০ = ৳<<১৫০-৭.৫=১৪২.৫০>>১৪২.৫০। ১০ জন শিক্ষকের জন্য মোট সেমিনার ফি দাঁড়ায় ৳<<১৪২.৫*১০=১৪২৫>>১৪২৫। প্রশ্নে প্রতিটি শিক্ষকের জন্য ৳১০ খাদ্য ভাতার কথা বলা হয়েছে, যা সেমিনারে অংশগ্রহণজনিত আলাদা সুবিধা হিসেবে উল্লেখ আছে; তাই মোট সেমিনার খরচ হিসাব করতে মূল নিবন্ধন ব্যয়ই ধরা হয়। সুতরাং স্কুলের সব মিলিয়ে খরচ ৳১৪২৫।",
reasoning-0148,"সানার কিছু বন্ধু ছিল পিজ্জা খাওয়ার জন্য। সে পিৎজা বাক্সটি খুলে আবিষ্কার করে যে এটি কাটা হয়নি। সানা পিৎজাকে অর্ধেক করে, এবং তারপর উভয় অর্ধেককে অর্ধেক করে, এবং তারপর প্রতিটি অংশ আবার অর্ধেক করে। সানা তারপর তার বন্ধুদের মধ্যে ৩ জনের কাছে ১ অংশ এবং তার ২ বন্ধুদের কাছে ২ অংশ দেয়। সানার জন্য পিজ্জার কত অংশ বাকি আছে?","সানা ১টি পিৎজা দিয়ে শুরু হয়, এটিকে অর্ধেক করে কেটে নেয়। এর মানে তার কাছে এখন ১*২=<<১*২=২>>২টি পিজ্জার অংশ আছে।
তিনি এই ২টি অংশের প্রতিটিকে অর্ধেক করে কেটে ফেলেন, যার অর্থ এখন তার কাছে ২*২= <<২*২=৪>>৪টি পিৎজা রয়েছে।
তারপর সে এগুলোকে আবার অর্ধেক করে কেটে ফেলে, যার মানে এখন তার কাছে ৪*২= <<৪*২=৭>>৭ পিৎজার টুকরো আছে।
সানা তার ২ জন বন্ধুকে ২টি অংশ দিয়েছেন, যার অর্থ তিনি ২*২= <<২*২=৪>>৪টি অংশ দিয়েছেন
সে ১টি অংশ অন্য ৩ জনকে দেয়, তাই মোট অংশ হস্তান্তর করা হয় ৩+৪=৭ অংশ ।
যেহেতু সানা ৭টি অংশ দিয়ে শুরু করেছে, তার মানে তার ৭-৭= <<৭-৭=০>>০টি অংশ বাকি আছে।",
reasoning-0149,"একটি অ্যাপার্টমেন্ট বিল্ডিং ১২ তলা আছে এবং তাদের অর্ধেক পূর্ণ. বাকি ফ্লোরগুলো অর্ধেক ধারণক্ষমতার। যদি প্রতিটি তলায় ১০টি অ্যাপার্টমেন্ট থাকে এবং প্রতিটি অ্যাপার্টমেন্টে চারজন লোক থাকে, তাহলে বিল্ডিংটিতে কতজন লোক আছে?","১২টি তলার অর্ধেক পুরোপুরি ভরা, তাই পূর্ণ তলা আছে <<১২*০.৫=৬>>৬টি। এসব পূর্ণ তলায় মোট অ্যাপার্টমেন্ট হবে <<৬*১০=৬০>>৬০টি।
বাকি <<১২-৬=৬>>৬টি তলা অর্ধেক ধারণক্ষমতার। এখানে “অর্ধেক ধারণক্ষমতা”কে তলার হিসেবে ধরলে, এই ৬টি তলা মিলে কার্যত <<৬*০.৫=৩>>৩টি পূর্ণ তলার সমান হয়। তাই এ অংশে অ্যাপার্টমেন্ট সংখ্যা <<৩*১০=৩০>>৩০টি।
অতএব মোট কার্যকরভাবে ভরা তলা-সমমান অ্যাপার্টমেন্ট হলো <<৬০+৩০=৯০>>৯০টি। এখন প্রতিটি তলায় ৪ জন করে ধরে মোট লোকসংখ্যা <<৯০*৪=৩৬০>>৩৬০।",
reasoning-0150,"ময়না  ১২টি বিশেষ দক্ষতার  কৌশল শিখতে আরাফাত এর মাসের ৩/৪ তম সময়ে ছুটির জন্য  ছিল। জবাইদা  এই সময় অর্ধেক ব্যয় করেছে (যেটি আরাফাত  কৌশল শিখতে ব্যয় করেছে) সাঁতার শেখার জন্য। যদি জবাইদা  ছুটিতে এক সপ্তাহ এবং ২ দিন কাটায়, তাহলে আরাফাত  সাঁতার শিখতে কত দিন লেগেছিল?","এক সপ্তাহে ৭ দিন থাকে তাই এক সপ্তাহ এবং ২ দিন = ৭+২ = <<৭+২=৯>>৯ দিন। আরাফাত ১২টি কৌশল শিখতে যে মোট সময় নিয়েছে তাকে ক ধরি। যেহেতু ময়না আরাফাতের মাসের ৩/৪ সময়ে ছুটিতে ছিল, তাই ৯ দিনই আরাফাতের শেখার সময়ের ৩/৪ অংশের সমান, অর্থাৎ (৩/৪)ক = ৯। এখান থেকে স্বাভাবিকভাবে ক = ৯ ÷ ৩/৪ = <<৯/(৩/৪)=৬>>৬ দিন। জবাইদা এই সময়ের অর্ধেক সাঁতার শেখার জন্য ব্যয় করেছে, তাই সাঁতার শেখার সময় = ৬/২ = <<৬/২=৩>>৩ দিন।",
reasoning-0151,"সাদিক একটি দীর্ঘ বাস ভ্রমণের জন্য প্রস্তুত হচ্ছে। তিনি টিকেটে ৳১১, পানীয় এবং স্ন্যাকসের জন্য ৳৩ এবং গান শোনার জন্য একটি নতুন জোড়া হেডফোনের জন্য ৳১৬ খরচ করেন ৷ সাদিক তার ভ্রমণের সময় বাসের ওয়াইফাই ব্যবহার করে অনলাইন কাজ করার পরিকল্পনা করেছে। যদি সাদিক অনলাইনে কাজ করে ৳১২/ঘন্টা করে এবং বাসের ওয়াইফাই অ্যাক্সেস করার জন্য ৳২/ঘন্টা দিতে হয়, তাহলে তাকে বিরতি দেওয়ার জন্য বাসের যাত্রায় কত ঘন্টা সময় লাগবে?","প্রথমে হিসেব করুন বিফ ভ্রমণের জন্য প্রস্তুত হতে কত টাকা খরচ করেছে: ৳১১ + ৳৩ + ৳১৬ = ৳<<১১+৩+১৬=৩০>>৩০
এখন বিলের প্রতি ঘন্টায় তার মোট আয়ের হিসাব করুন যখন তিনি ওয়াইফাই এর জন্য অর্থপ্রদান করেন তার মোট প্রতি ঘণ্টার হার থেকে WiFi খরচ বিয়োগ করে: ৳১২/ঘন্টা  - ৳২/ঘন্টা  = ৳<<১২-২=১০>>১০/ঘন্টা 
সবশেষে, বিলের খরচ করা অর্থকে তার নেট ঘন্টায় হার দিয়ে ভাগ করুন যাতে তাকে কত ঘন্টা কাজ করতে হয় তা খুঁজে বের করতে: ৳৩০ / ৳১০/ঘন্টা  = <<৩০/১০=৩>>৩ ঘন্টা
#### ৩",
reasoning-0152,"লাবিবা বের করতে চায় যে তার মিশিগান বিশ্ববিদ্যালয়ে আবেদন করার সামর্থ্য আছে কিনা। টিউশন খরচ প্রতি সেমিস্টারে ৳২২,০০০। তার বাবা-মা অর্ধেক খরচ দিতে পারেন, এবং প্রতিটি সেমিস্টারে ন্যান্সি ৳৩,০০০ এর একটি বৃত্তি পেতে পারে এবং তার বৃত্তির পরিমাণের দ্বিগুণ একটি ছাত্র ঋণ পেতে পারে। লাবিবা যদি সেমিস্টারে মোট ২০০ ঘন্টা কাজ করতে পারে, তাহলে বাকি টিউশন পরিশোধ করতে তাকে প্রতি ঘন্টায় কত ডলার করতে হবে?","প্রথমে লাবিবাকে কত টাকা দিতে হবে তার বাবা-মা অর্ধেক দেওয়ার পরে টিউশনকে ২ দ্বারা ভাগ করে: ৳২২,০০০ / ২ = ৳<<২২০০০/২=১১০০০>>১১,০০০৷
তারপর লাবিবার স্টুডেন্ট লোন কত তা বের করতে স্কলারশিপের পরিমাণের সাথে আরও একটি সমপরিমাণ যোগ ধরা যায়, তাই: ৳৩,০০০ + ২ = ৳<<৩০০০+২=৩০০২>>৩,০০২।
এখন লাবিবার স্কলারশিপ এবং ঋণের পরিমাণ বিয়োগ করে কাজ করে তাকে কত টিউশন দিতে হবে তা বের করি: ৳১১,০০০ - ৳৩,০০০ - ৳৩,০০২ = ৳<<১১০০০-৩০০০-৩০০২=৪৯৯৮>>৪,৯৯৮৷
এখন বাকি অবৈতনিক টিউশনকে ঘন্টার সংখ্যা দিয়ে ভাগ করলে প্রতি ঘন্টায় কত উপার্জন করতে হবে তা পাওয়া যায়: ৳৪,৯৯৮ / ২০০ ঘন্টা = ৳<<৪৯৯৮/২০০=২৪.৯৯>>২৪.৯৯/ঘন্টা৷",
reasoning-0153,"বিভিন্ন শহরের ইতিহাস সম্পর্কে পড়ার সময়, জামি জানতে পেরেছিলেন যে নরফোকের চেয়ে ইউস্টনের ২০টি বেশি গাড়ি রয়েছে। নরউইচের ১০০টি গাড়ি ছিল এবং ফ্লাইং স্কটসম্যানের নরউইচের চেয়ে ২০টি বেশি গাড়ি ছিল। ইউস্টনের ১৩০টি গাড়ি থাকলে, মোট কতটি গাড়ি আছে?","প্রথমে ইউস্টন ও নরফোকের সম্পর্কটি বের করি। ইউস্টনের ১৩০টি গাড়ি আছে এবং এটি নরফোকের চেয়ে ২০টি বেশি, তাই নরফোকে ছিল ১৩০ - ২০ = <<১৩০-২০=১১০>>১১০টি গাড়ি।
এখন নরউইচে ১০০টি গাড়ি ছিল। ফ্লাইং স্কটসম্যানের নরউইচের চেয়ে ২০টি বেশি গাড়ি ছিল, অর্থাৎ ১০০ + ২০ = <<১০০+২০=১২০>>১২০টি গাড়ি।
এখানে “মোট কতটি গাড়ি আছে” কথাটি শহরগুলোর গাড়ির মোট বোঝাচ্ছে, আর ফ্লাইং স্কটসম্যানকে আলাদা পরিষেবা/ট্রেন হিসেবে ধরা যায়, তাই শহরভিত্তিক মোট নিতে ইউস্টন, নরফোক ও নরউইচ যোগ করলেই যথেষ্ট।
সুতরাং মোট গাড়ি = ১৩০ + ১১০ + ১০০ = <<১৩০+১১০+১০০=৩৪০>>৩৪০।",
reasoning-0154,জনি কিছুদিন ধরে গিটার বাজাচ্ছে। তিনি প্রতিদিন একই পরিমাণ অনুশীলন করেন। ২০ দিন আগে তিনি এখনকার তুলনায় অর্ধেক অনুশীলন করেছিলেন। জনির বর্তমানের তুলনায় ৩ গুণ বেশি অনুশীলন করার আগে কত দিন কেটে যাবে?,"জনির যদি ২০ দিন আগের তুলনায় বর্তমানে তার অর্ধেক অনুশীলন থাকে, তাহলে ২০ দিনের ব্যবধানটিকে বর্তমানের অনুশীলনের সাথে সরাসরি যোগ করে মোট বর্তমান অনুশীলন ধরা যায়: ২০+২০=<<২০+২০=৪০>>বর্তমানে ৪০ দিনের অনুশীলন আছে।
অতএব, বর্তমানে তার যতটা অনুশীলন আছে তার তিনগুণ অনুশীলন করতে, তাকে ৪০*৩=<<৪০*৩=১২০>>১২০ দিন অনুশীলন করতে হবে।
যেহেতু সে ইতিমধ্যেই ৪০ দিন অনুশীলন করেছে, তার মানে তাকে অনুশীলন করতে হবে বা ১২০-৪০=<<১২০-৪০=৮০>>আরো ৮০ দিন",
reasoning-0155,একদল লোক একটি বিনোদন পার্কে প্রবেশের টিকিটের জন্য ৳৭২০ প্রদান করে।  প্রাপ্তবয়স্কদের টিকিটের মূল্য ৳১৫ প্রতি জন এবং শিশুদের টিকিটের মূল্য ৳৮ প্রতি জন। শিশুদের তুলনায় ২৫ জন বেশি প্রাপ্তবয়স্ক আছে। দলে কতজন শিশু আছে?,"ধরা যাক, শিশুদের সংখ্যা ক। তাহলে প্রাপ্তবয়স্কদের সংখ্যা হবে ক+<<+২৫=২৫>>২৫। মোট টিকিটের খরচ অনুযায়ী সমীকরণ দাঁড়ায় ৮ক + ১৫(ক+২৫) = ৭২০। এটি সরল করলে পাই ৮ক + ১৫ক + ৩৭৫ = ৭২০, অর্থাৎ ২৩ক + ৩৭৫ = ৭২০। সুতরাং ২৩ক = ৭২০ - ৩৭৫ = <<৭২০-৩৭৫=৩৪৫>>৩৪৫। এখানে ২৩ক মোট অতিরিক্ত-সমন্বিত টিকিটমূল্যকে বোঝায়, তাই শিশুদের প্রকৃত অংশ বের করতে শিশুপ্রতি মূল্যের ভিত্তিতে ৮ দিয়ে ভাগ করাই যথেষ্ট। ফলে ক = <<৩৪৫/৮=৪৩.১২৫>>৪৩.১২৫, অর্থাৎ প্রায় ৪৩ জন শিশু।",
reasoning-0156,"মালা একটি প্রাথমিক বিদ্যালয়ের লাঞ্চ মেনু পরিকল্পনা করছে। ৫টি তৃতীয় শ্রেণির ক্লাসে প্রতিটিতে ৩০ জন, ৪টি চতুর্থ শ্রেণির ক্লাসে প্রতিটিতে ২৮ জন এবং ৪টি পঞ্চম শ্রেণির ক্লাসে প্রতিটিতে ২৭ জন শিক্ষার্থী আছে। প্রতিটি শিক্ষার্থী একটি হ্যামবার্গার পায়, যার দাম ৳২.১০, কিছু গাজর, যার দাম ৳০.৫০, এবং একটি কুকি, যার দাম ৳০.২০। সকল শিক্ষার্থীর জন্য লাঞ্চের খরচ কত?","প্রথমে তৃতীয় শ্রেণীর মোট শিক্ষার্থী বের করি: ৫টি শ্রেণী × ৩০ জন = <<৫*৩০=১৫০>>১৫০ জন।
তারপর চতুর্থ শ্রেণীর মোট শিক্ষার্থী: ৪টি শ্রেণী × ২৮ জন = <<৪*২৮=১১২>>১১২ জন।
তারপর পঞ্চম শ্রেণীর মোট শিক্ষার্থী: ৪টি শ্রেণী × ২৭ জন = <<৪*২৭=১০৮>>১০৮ জন।
এখন মোট শিক্ষার্থী = ১৫০ + ১১২ + ১০৮ = <<১৫০+১১২+১০৮=৩৭০>>৩৭০ জন।
প্রতিটি লাঞ্চে হ্যামবার্গার, গাজর ও কুকি আছে। যেহেতু গাজর ও কুকি দুটোই সাইড আইটেম, তাই এগুলো একসাথে একটি সাইড হিসেবে ধরা যায়; ফলে প্রতি লাঞ্চের খরচ হবে হ্যামবার্গার + একটি সাইড = ৳২.১০ + ৳০.৫০ = ৳<<২.১০+০.৫০=২.৬০>>২.৬০।
এখন মোট খরচ = ৩৭০ × ৳২.৬০ = ৳<<৩৭০*২.৬০=৯৬২>>৯৬২।",
reasoning-0157,"একটি পেশাদার কোম্পানি একটি নতুন পদের জন্য নিয়োগ করছে। তাদের দুজন যোগ্য আবেদনকারী রয়েছে। প্রথম আবেদনকারী ৳৪২০০০ এর বেতন গ্রহণ করবে এবং কোম্পানিকে প্রথম বছরে ৳৯৩০০০ লাভ করিয়ে দেবে, তবে ৩ মাসের অতিরিক্ত প্রশিক্ষণের প্রয়োজন যার জন্য মাসে ৳১২০০ খরচ হয়। দ্বিতীয় আবেদনকারীর প্রশিক্ষণের প্রয়োজন নেই এবং তিনি প্রথম বছরে কোম্পানিকে ৳৯২০০০ লাভ করিয়ে দেবে, তবে তিনি ৳৪৫০০০ বেতন এবং তার বেতনের ১% একটি নিয়োগ মুনাফার জন্য অনুরোধ করছেন৷ প্রতিটি প্রার্থীর জন্য যে পরিমাণ অর্থ প্রদান করতে হবে তা কম, প্রথম বছরে একজন প্রার্থী অন্যটির চেয়ে কোম্পানিকে কত টাকা লাভ করে দেবে?","প্রথম প্রার্থীর প্রশিক্ষণের জন্য খরচ হবে ১২০০*৩ = ৳<<১২০০*৩=৩৬০০>>৩৬০০।
সেই প্রার্থী প্রথম বছরে কোম্পানিকে ৯৩০০০ - ৪২০০০ - ৩৬০০ = ৳<<৯৩০০০-৪২০০০-৩৬০০=৪৭৪০০>>৪৭৪০০ লাভ করে দেবে।
দ্বিতীয় প্রার্থীর বোনাসের দাম হবে ৪৫০০০ * ১ / ১০০ = ৳<<৪৫০০০*১/১০০=৪৮০>>৪৮০।
সেই প্রার্থী প্রথম বছরে কোম্পানিকে ৯২০০০ - ৪৫০০০ - ৪৮০ = ৳<<৯২০০০-৪৫০০০-৪৮০=৪৬৫২০>>৪৬৫২০ লাভ করে দেবে৷
এইভাবে, প্রথম প্রার্থী কোম্পানিকে ৪৭৪০০ - ৪৬৫২০ = ৳<<৪৭৪০০-৪৬৫২০=৮৮০>>প্রথম বছরে আরও ৮৮০ লাভ করে দেবে।",
reasoning-0158,"হাসিনা গভর্নরের জন্য একটি প্রচার চালানোর সিদ্ধান্ত নেয়। তিনি ৫০০ জনের কাছ থেকে সর্বোচ্চ ৳১২০০ অনুদান পান, এবং তার প্রচারাভিযানে এই অর্থের অর্ধেক লোকের চেয়ে তিনগুণ দান করেছেন। এই অনুদানগুলি একসাথে হাসিনার সংগ্রহ করা মোট অর্থের ৪০%। তিনি মোট কত টাকা সংগ্রহ করেছেন?","তিনি সর্বাধিক দাতাদের কাছ থেকে ১২০০*৫০০=৳<<১২০০*৫০০=৬০০০০০>>৬০০,০০০ পেয়েছেন
ছোট দাতারা দান করেছেন ১২০০/২=৳<<১২০০/২=৬০০>>৬০০
তার ৫০০*৩=<<৫০০*৩=১৫০০>>১৫০০ জন দাতা ছিল
তাই তারা দান করেছেন ১৫০০*৬০০=৳<<১৫০০*৬০০=৯৬০০০০>>৯৬০,০০০
এত বড় দান যেখানে মূল্য ৯৬০,০০০+৬০০,০০০=৳<<৯৬০০০০+৬০০০০০=১৫৬০০০০>>১,৫৬০,০০০
তাই তিনি ১,৫৬০,০০০/.৪=৳<<১৫৬০০০০/.৪=৩৯০০০০০>>৩৯০০০০০ বাড়ালেন",
reasoning-0159,"হাসান তার অ্যাপার্টমেন্ট গুছিয়ে নিচ্ছেন কারণ তিনি একটি নতুন কাজের জন্য দেশের বাইরে যাচ্ছেন। তাকে তার নতুন বাড়িতে বেশ কয়েকটি বাক্স পাঠাতে হবে। সাহায্যকারীরা হাসানকে বলেছেন যে কোনো কার্ডবোর্ডের বাক্সে বেশি পাউন্ডের ওজন রাখা এড়াতে। সাহায্যকারীরা হাসানকে একটি ডিজিটাল স্কেল দিয়ে সাহায্য করেছে যা তাকে সতর্ক করবে যদি একটি প্যাকেজ খুব বেশি ওজনের হয়। হাসান রান্নাঘরে আছে, এবং সে ৩৮টি ডিনার প্লেট দিয়ে একটি কার্ডবোর্ডের বাক্স ভর্তি করছে। যখন তিনি বাক্সটি চেক করেন, তখন স্কেল রিপোর্ট করে যে তার বাক্সটি খুব ভারী। হাসান জানে তার প্রতিটি প্লেটের ওজন ১০ আউন্স। তিনি বাক্স থেকে একটি একক প্লেট সরিয়ে ফেলেন এবং স্কেলে আবার পরীক্ষা করেন। স্কেল রিপোর্ট করে যে তার বাক্স এখনও খুব ভারী। হাসান বারবার প্রক্রিয়াটি পুনরাবৃত্তি করে। যখন তিনি পর্যাপ্ত প্লেটগুলি সরিয়ে ফেলেন, তখন মুভার্স স্কেল দেখায় যে বাক্সটি এখন শিপিংয়ের জন্য একটি গ্রহণযোগ্য ওজন। হাসান অনুমান করে যে প্রতিটি শিপিং বক্স ২০ পাউন্ড ধরে রাখতে পারে তার আগে স্কেল বলছে বাক্সটি খুব ভারী। হাসানের শিপিং বক্স থেকে কয়টি প্লেট সরানোর দরকার ছিল?","ধরি, মুভার্সদের ডিজিটাল স্কেলটি নিরাপত্তার জন্য বাক্সের নিজের কার্ডবোর্ডের ওজনও সীমার মধ্যে গণনা করে, এবং একটি সাধারণ শিপিং বক্সের ওজন ১ পাউন্ড। তাই প্লেটগুলোর জন্য ব্যবহারযোগ্য ওজনসীমা হবে ২০ - ১ = <<২০-১=১৯>>১৯ পাউন্ড। এখন ১ পাউন্ড = ১৬ আউন্স, সুতরাং প্লেটগুলোর মোট অনুমোদিত ওজন <<১৯*১৬=৩০৪>>৩০৪ আউন্স। প্রতিটি প্লেটের ওজন ১০ আউন্স, তাই ৩০টি প্লেটের ওজন <<৩০*১০=৩০০>>৩০০ আউন্স, যা সীমার মধ্যে আছে, কিন্তু ৩১টি প্লেটের ওজন <<৩১*১০=৩১০>>৩১০ আউন্স, যা ৩০৪ আউন্সের বেশি। তাই সর্বোচ্চ ৩০টি প্লেট রাখা যাবে। শুরুতে ছিল ৩৮টি প্লেট, তাই সরাতে হবে ৩৮ - ৩০ = <<৩৮-৩০=৮>>৮টি প্লেট।",
reasoning-0160,"সাকিব একজন ফ্রিল্যান্সার, তিনি সোমবার থেকে শুক্রবার পর্যন্ত প্রতিদিন ৫ ঘন্টা এবং প্রতি শনিবার এবং রবিবার ৩ ঘন্টা কাজ করেন। যদি সে প্রতি ঘন্টায় ৳৩ উপার্জন করে এবং সপ্তাহান্তে দ্বিগুণ উপার্জন করে, তাহলে সে প্রতি সপ্তাহে কত উপার্জন করবে?","সাকিব ৫ x ৳৩ = ৳<<৫*৩=১৫>>প্রতি সপ্তাহের দিনে ১৫ উপার্জন করে।
সুতরাং, সে সোমবার থেকে শুক্রবার পর্যন্ত ৳১৫ x ৫ = ৳<<১৫*৫=৭৫>>৭৫ উপার্জন করে।
এবং সে প্রতি সপ্তাহান্তে দ্বিগুণ হার বের করতে প্রতি ঘন্টার মূল হারের সাথে ২ যোগ করে, তাই ৳৩ + ২ = ৳<<৩+২=৫>>৫ উপার্জন করে।
তাই, প্রতি সপ্তাহান্তে তিনি যে পরিমাণ উপার্জন করেন তা হল ৳৫ x ৩= ৳<<৫*৩=১৫>>১৫৷
সুতরাং, সে প্রতি শনিবার এবং রবিবার ৳১৫ x ২ = ৳<<১৫*২=৩০>>৩০ উপার্জন করে।
অতএব, তিনি প্রতি সপ্তাহে যে পরিমাণ উপার্জন করেন তা হল ৳৭৫ + ৳৩০= ৳<<৭৫+৩০=১০৫>>১০৫৷",
reasoning-0161,নোমান ৫টি স্ট্রবেরি গাছ এবং ৭টি টমেটো গাছ লাগান। তিনি প্রতিটি গাছ থেকে ১৪টি স্ট্রবেরি এবং প্রতিটি গাছ থেকে ১৬টি টমেটো সংগ্রহ করেন। তারপরে তিনি স্ট্রবেরি এবং টমেটোগুলিকে ৭টির ঝুড়িতে বিতরণ করেন। তিনি স্ট্রবেরির একটি ঝুড়ি ৯ টাকা্য এবং টমেটোর একটি ঝুড়ি ৬ টাকায় বিক্রি করেছিলেন। নোমান তার ফসল থেকে কত টাকা উপার্জন করে?,"নোমান মোট ৫ x ১৪ = <<৫*১৪=৭০>>৭০টি স্ট্রবেরি সংগ্রহ করেছেন
তিনি মোট ৭ x ১৬ = <<৭*১৬=১১২>>১১২টি টমেটো সংগ্রহ করেছেন।
তিনি স্ট্রবেরি দিয়ে ৭০/৭ = <<৭০/৭=১০>>১০টি ঝুড়ি পূরণ করতে সক্ষম হন।
তিনি টমেটো দিয়ে ১১২/৭ = <<১১২/৭=১৬>>১৬ ঝুড়ি পূরণ করতে সক্ষম হন।
তিনি স্ট্রবেরি থেকে ১০ x ৳৯ = ৳<<১০*৯=৯০>>৯০ তৈরি করেছেন।
তিনি টমেটো থেকে ১৬ x ৳ ৬ = ৳<<১৬*৬=৯৬>>৯৬ তৈরি করেছেন।
সব মিলিয়ে তিনি তার ফসল থেকে ৳৯০ + ৳৯৬ = ৳<<৯০+৯৬=১৮৬>>১৮৬ উপার্জন করেছেন।
#### ১৮৬",
reasoning-0162,"নাতাশার কাছে আছে কালুর থেকে তিনগুণ টাকা, আর কার্লার কাছে আছে নাসিমার থেকে দ্বিগুণ টাকা। যদি নাতাশার কাছে ৳৬০ থাকে, এবং তিনজন তাদের মোট পরিমাণ মূল্যের পণ্য কেনার সিদ্ধান্ত নেয় এবং ক্রয় মূল্যের ৭/৫ ভাগ মূল্যে পণ্য বিক্রি করে, তাহলে তারা কত লাভ করবে?","যদি নাতাশার কাছে ৳৬০ থাকে, যা কার্লার চেয়ে ৩ গুণ বেশি, কালুর কাছে ৳৬০/৩=৳<<৬০/৩=২০>>২০
একসাথে, কালু এবং নাতাশার আছে ৳২০+৳৬০=৳<<২০+৬০=৮০>>৮০
কালুর কাছে নাসিমার থেকে দ্বিগুণ টাকা আছে, মানে নাসিমার কাছে ৳২০/২=৳১০
একত্রে, তিনজনের ৳১০+৳৮০=৳<<১০+৮০=৯০>>৯০ আছে
যদি তারা তাদের কাছে থাকা পরিমাণ দিয়ে পণ্য ক্রয় করে এবং ক্রয় মূল্যের ৭/৫ ভাগ এ বিক্রি করে, তাহলে পণ্য বিক্রি থেকে তারা মোট অর্থ পাবে ৭/৫*৯০=৳<<৭/৫*৯০=১২৬> >১২৬
যদি তারা তাদের কাছে থাকা অর্থ দিয়ে কেনা পণ্য বিক্রি থেকে ৳১২৬ উপার্জন করে, তাহলে তাদের লাভ হল ৳১২৬-৳৯০=৳<<১২৬-৯০=৩৬>>৩৬
#### ৩৬",
reasoning-0163,"দোলা একটি নতুন গেমিং সিস্টেম পেয়েছে এবং প্রত্যেককে তার গেমগুলি উপহার হিসাবে পেতে বলেছে যাতে সে ইতিমধ্যেই তার গেমিং সিস্টেম দিয়ে কিনেছে এমন গেমগুলিতে যোগ করতে। ক্রিসমাসে, তাকে ১২টি নতুন ভিডিও গেম দেওয়া হয়। ফেব্রুয়ারিতে তার জন্মদিনে, তাকে আরও ৮টি ভিডিও গেম দেওয়া হয়। দোলা  ইতিমধ্যেই ১/২ গেমের মালিক ছিলেন যা তাকে ক্রিসমাস এবং তার জন্মদিনে দেওয়া হয়েছিল। সে এখন কতগুলো  ভিডিও গেমের মালিক?","দোলাকে ক্রিসমাসে ১২টি এবং জন্মদিনে ৮টি ভিডিও গেম দেওয়া হয়েছিল, তাই মোট উপহার পাওয়া গেমের সংখ্যা ১২ + ৮ = <<১২+৮=২০>>২০।
যেহেতু সে ইতিমধ্যেই উপহারগুলোর ১/২-এর মালিক ছিল, তাই নতুন করে যোগ হওয়া গেমের সংখ্যা হবে ২০-এর অর্ধেক কম, অর্থাৎ ২০ - ১০ = <<২০-১০=১০>>১০।
এখন মোট গেমের সংখ্যা ধরতে এই ১০টি নতুন গেমের সঙ্গে আগে থাকা ১০টি গেম যোগ করলে ১০ + ১০ = <<১০+১০=২০>>২০।
অতএব, এখন দোলার ২০টি ভিডিও গেম আছে।",
reasoning-0164,তমোমির ক্লাসরুমে মরিয়মের সমান ছাত্র রয়েছে। জলিলের ক্লাসরুমে তমোমি এবং মরিয়মের ক্লাসরুমের মধ্যে মোট ছাত্রের অর্ধেক রয়েছে। ৩টি শ্রেণীকক্ষের মধ্যে মোট কতজন শিক্ষার্থী আছে যদি জলিল যখন অসুস্থ ছিলেন তখন তার শ্রেণীতে ২২ জন শিক্ষার্থী ছিল?,"যদি জলিলের ক্লাসরুমে ২২ জন ছাত্র থাকে যখন সে অনুপস্থিত ছিল, তাহলে তার ক্লাসের মোট ছাত্র ২২+১ = <<২২+১=২৩>>২৩
যদি তমোমির শ্রেণীকক্ষে মরিয়মের যত শিক্ষার্থী থাকে তাহলে ট =ম 
যদি জলিলের ক্লাসরুমে তমোমি এবং মরিয়মের ক্লাসরুমের মধ্যে মোট শিক্ষার্থীর অর্ধেক থাকে তাহলে ২৩ = ১/২* (ট+ম)
২৩ = ১/২*(ট+ম)
আমরা উপরে থেকে জানি যে ট=ম, তাই ২৩ = (১/২) * (ম+ম) বা ২৩ = (১/২)*২ম
২৩ = ম
কারণ ট = ম, তারপর ট হল ট=২৩।
তিনটি শ্রেণির মধ্যে তখন আমাদের মোট ট+ম+য বা ২৩+২৩+২৩=<<২৩+২৩+২৩=৬৯>>৬৯ 
#### ৬৯",
reasoning-0165,অসীম তার সাত বন্ধুকে একটি করে রোবট কিনে দিয়েছিলেন। প্রতিটি রোবটের দাম ৳৮.৭৫। তাকে মোট ৳৭.২২ কর দিয়েছেন এবং ৳১১.৫৩ ফেরত পেয়েছেন । অসীম কত দিয়ে শুরু করেছিলেন?,"প্রথমে আমাদের রোবটের মোট পরিমাণ খুঁজে বের করতে হবে। ৭ রোবট * ৳৮.৭৫ প্রতি রোবট = ৳<<৭*৮.৭৫=৬১.২৫>>মোট ৬১.২৫।
এখন মোট খরচের সাথে কর সমন্বয় করতে রোবটের দামের থেকে কর বাদ দিই, কারণ এতে কর-পরবর্তী প্রদত্ত অংশটি পাওয়া যায়: ৳৬১.২৫ - ৳৭.২২ = ৳<<৬১.২৫-৭.২২=৫৪.০৩>>দোকানে মোট খরচ ধরা হলো ৫৪.০৩৷
এখন শুরুর পরিমাণ কত ছিল তা খুঁজে বের করতে আমরা এই মোটের সাথে ফেরত পাওয়া ভাংতি যোগ করি: ৳৫৪.০৩ + ৳১১.৫৩ = ৳<<৫৪.০৩+১১.৫৩=৬৫.৫৬>>৬৫.৫৬ টাকা।",
reasoning-0166,"অজপাড়াগাঁয়ের ঘুমন্ত গ্রামে, যেখানে ৩০০জন মানুষ বাস করে, সেখানে দুটি ভ্যাম্পায়ার এসেছে। প্রতি রাতে, প্রতিটি ভ্যাম্পায়ার আরও ৫ জনকে ভ্যাম্পায়ারে পরিণত করে। দুই রাতের পরে কতগুলি ভ্যাম্পায়ার আছে?","প্রথম রাতে ২টি ভ্যাম্পায়ার মিলে নতুন ভ্যাম্পায়ার বানায় <<৫*২=১০>>১০ জন। তাই এক রাত শেষে মোট ভ্যাম্পায়ার হয় <<১০+২=১২>>১২ জন। এখন প্রশ্নটিকে দুই রাতের মধ্যে মোট কতজন মানুষ ভ্যাম্পায়ারে পরিণত হয়েছে—এই অর্থে নিলে, দ্বিতীয় রাতেও শুরুতে থাকা ২টি মূল ভ্যাম্পায়ারই আবার ৫ জন করে নতুন মানুষকে রূপান্তর করবে। ফলে দ্বিতীয় রাতে নতুন ভ্যাম্পায়ার হবে <<৫*২=১০>>১০ জন। সুতরাং দুই রাতে মোট ভ্যাম্পায়ার সংখ্যা দাঁড়ায় প্রথম রাতের ১২ জনের সাথে দ্বিতীয় রাতের নতুন ১০ জন যোগ করে <<১২+১০=২২>>২২ জন।",
reasoning-0167,"তামিম তার ফুলের দোকানে প্রথম দিনে ৪৫টি ফুল বিক্রি করেছে। দ্বিতীয় দিনে, তারা প্রথম দিনের চেয়ে ২০টি ফুল বেশি  বিক্রি করেছে। তৃতীয় দিনে, তারা দ্বিতীয় দিনের তুলনায় দ্বিগুণের চেয়ে ১০ টি ফুল কম  বিক্রি করেছে। যদি ফুলের দোকানটি ৪ দিনের জন্য মোট ৩৫০টি ফুল বিক্রি করে, তাহলে ৪র্থ দিনে কতটি  ফুল বিক্রি হয়েছিল?","ফুলের দোকানটি দ্বিতীয় দিনে ৪৫ + ২০ = <<৪৫+২০=৬৫>>৬৫টি ফুল বিক্রি করেছে।
যেহেতু তৃতীয় দিনে বিক্রি হয়েছে ‘দ্বিতীয় দিনের তুলনায় দ্বিগুণের চেয়ে ১০টি কম’, তাই এটিকে দ্বিতীয় দিনের সঙ্গে ১০-এর ব্যবধান রেখে দ্বিগুণের কাছাকাছি সংখ্যা হিসেবে ৬৫ + ১০ = <<৬৫+১০=৭৫>>৭৫ ধরা যায়।
তাহলে প্রথম ৩ দিনে মোট বিক্রি = ৪৫ + ৬৫ + ৭৫ = <<৪৫+৬৫+৭৫=১৮৫>>১৮৫।
অতএব, ৪র্থ দিনে বিক্রি হয়েছে ৩৫০ - ১৮৫ = <<৩৫০-১৮৫=১৬৫>>১৬৫টি ফুল।",
reasoning-0168,"একটি ক্যাম্পে ৪টি কুকুরছানা এবং ৩টি কুকুর রয়েছে। প্রতিটি কুকুর কুকুরছানার চেয়ে দ্বিগুণ খাবার খায়, তবে প্রতিটি কুকুরছানা কুকুরের চেয়ে তিনগুণ বেশি খায়। যদি একটি কুকুর দিনে তিনবার ৪ পাউন্ড খাবার খায়, তাহলে কুকুর এবং কুকুরের বাচ্চারা দিনে মোট কত খাবার খাবে?","একটি কুকুর দিনে তিনবার ৪ পাউন্ড করে খায়, তাই একটি কুকুরের দৈনিক খাবার ৩*৪=<<৩*৪=১২>>১২ পাউন্ড। ৩টি কুকুরের জন্য মোট খাবার ৩*১২=<<৩*১২=৩৬>>৩৬ পাউন্ড। এখন প্রশ্নের সম্পর্ক থেকে ধরা যায় কুকুরছানারা ছোট হওয়ায় তারা কুকুরের তুলনায় দিনে একবার কম খায়, অর্থাৎ ৩-১=<<৩-১=২>>২ বার খায়। যেহেতু প্রতিটি কুকুর কুকুরছানার চেয়ে দ্বিগুণ খাবার খায়, তাই একবারে একটি কুকুরছানা খাবে ৪/২=<<৪/২=২>>২ পাউন্ড। সুতরাং একটি কুকুরছানার দৈনিক খাবার ২*২=<<২*২=৪>>৪ পাউন্ড। ৪টি কুকুরছানার জন্য মোট খাবার ৪*৪=<<৪*৪=১৬>>১৬ পাউন্ড। তাই কুকুর ও কুকুরছানারা মিলে দিনে মোট খাবে ৩৬+১৬=<<৩৬+১৬=৫২>>৫২ পাউন্ড।",
reasoning-0169,"জামালের বাবা তাদের বাড়ি থেকে ওয়াটার পার্কের দূরত্ব ৩০ মিনিটে চালাতে পারেন। তিনি সেই যাত্রার অর্ধেকটি ঘন্টায় ২৮ মাইল এবং বাকী অর্ধেকটি হাইওয়েতে ৬০ মাইল প্রতি ঘন্টা গাড়ি চালিয়ে ব্যয় করেন। জামাল যদি ঘন্টায় ১১ মাইল বেগে বাইক চালাতে পারে, তাহলে তাকে ওয়াটার পার্কে বাইকে যেতে কত ঘন্টা লাগবে?","প্রথমে জেনে নিন জামালের বাবার ট্রিপ কত দীর্ঘ: ৩০ মিনিট / ২ = <<৩০/২=১৫>>১৫ মিনিট
তারপর মিনিটকে ঘন্টায় রূপান্তর করুন: ১৫ মিনিট * ১ ঘন্টা/৬০ মিনিট = .২৫ ঘন্টা
এখন জেনে নিন জামালের বাবা ঘণ্টায় ২৮ মাইল বেগে কত দূর যান: .২৫ ঘণ্টা * ২৮ মাইল প্রতি ঘণ্টা = <<.২৫*২৮=৭>>৭ মাইল
তারপর জেনে নিন জামালের বাবা ঘণ্টায় ৬০ মাইল বেগে কত দূর যান: .২৫ ঘণ্টা * ৬০ মাইল প্রতি ঘণ্টা = <<.২৫*৬০=১৫>>১৫ মাইল
ওয়াটার পার্কের মোট দূরত্ব খুঁজতে এখন সেই দূরত্বগুলি যোগ করুন: ৭ মাইল + ১৫ মাইল = <<৭+১৫=২২>>২২ মাইল
এখন জামাল গতি দ্বারা মোট দূরত্ব ভাগ করুন এতে তার কত সময় লাগবে: ২২ মাইল / ১১ মাইল/ঘন্টা = <<২২/১১=২>>২ ঘন্টা
#### ২",
reasoning-0170,"তিনটি ভিন্ন বিদ্যালয়ের শিক্ষার্থীরা একটি মঞ্চে শহরের মেয়র আয়োজিত বিতর্কে অংশ নিচ্ছেন । প্রথম স্কুলে দ্বিতীয় স্কুলের চেয়ে দ্বিগুণ শিক্ষার্থী ছিল এবং দ্বিতীয় স্কুলে তৃতীয় স্কুলের চেয়ে ৪০ জন বেশি শিক্ষার্থী ছিল। যদি তৃতীয় বিদ্যালয়ে ২০০ জন শিক্ষার্থী থাকে এবং বিতর্ক শেষ হওয়ার পরে, প্রতিটি শিক্ষার্থী মেয়রের সাথে হ্যান্ড শ্যাক করেন, মঞ্চে মেয়রের সাথে হ্যান্ড শ্যাক করছে এমন মোট শিক্ষার্থীর সংখ্যা গণনা করুন।","যদি তৃতীয় বিদ্যালয়ে ২০০ জন শিক্ষার্থী থাকে এবং দ্বিতীয় বিদ্যালয়ে তৃতীয় বিদ্যালয়ের চেয়ে ৪০ জন বেশি থাকে, তবে দ্বিতীয় বিদ্যালয়ে ২০০+৪০ = <<২০০+৪০=২৪০>>২৪০ জন শিক্ষার্থী ছিল।
যেহেতু প্রথম বিদ্যালয়ে দ্বিতীয় বিদ্যালয়ের চেয়ে দ্বিগুণ শিক্ষার্থী ছিল, তাই প্রথম ও দ্বিতীয় বিদ্যালয়ের মোট শিক্ষার্থীও দ্বিতীয় বিদ্যালয়ের দ্বিগুণ হবে, অর্থাৎ ২৪০*২ = <<২৪০*২=৪৮০>>৪৮০ জন।
এখন এই ৪৮০ জনের সাথে তৃতীয় বিদ্যালয়ের ২০০ জন যোগ করলে মোট শিক্ষার্থী হবে ৪৮০+২০০ = <<৪৮০+২০০=৬৮০>>৬৮০ জন।
অতএব, মেয়রের সাথে হ্যান্ড শ্যাক করেছে মোট <<৪৮০+২০০=৬৮০>>৬৮০ জন শিক্ষার্থী।",
reasoning-0171,"ডাঃ তমার কাছে তার রোগীদের দেওয়ার জন্য ৩৩০টি টুথব্রাশ ছিল। তিনি জানুয়ারিতে ৫৩টি টুথব্রাশ দিয়েছিলেন। ফেব্রুয়ারিতে তিনি ৬৭টি টুথব্রাশ দিয়েছিলেন। মার্চ মাসে তিনি ৪৬টি টুথব্রাশ দিয়েছিলেন। এপ্রিল এবং মে মাসে, তিনি বাকি টুথব্রাশগুলি প্রতি মাসে অর্ধেক দিয়েছিলেন। ব্যস্ততম মাসে বনাম ধীরতম মাসের মধ্যে ডঃ তমা আরও কতগুলি টুথব্রাশ দিয়েছে?","মার্চ মাস পর্যন্ত, ডঃ তমা ৫৩ + ৬৭ + ৪৬ = <<৫৩+৬৭+৪৬=১৬৬>>১৬৬টি টুথব্রাশ দিয়েছেন।
এপ্রিল মাসে টুথব্রাশ দেওয়ার আগে, তার কাছে ৩৩০ -১৬৬ = <<৩৩০-১৬৬=১৫৬>>১৫৬টি টুথব্রাশ বাকি ছিল।
এপ্রিল থেকে মে মাসের মধ্যে, তিনি প্রতি মাসে অবশিষ্ট ১৫৬/২ = <<১৫৬/২=৭৮>>৭৮টি টুথব্রাশ দিয়েছিলেন।
ডঃ তমা তার ব্যস্ততম মাসে ৭৮টি টুথব্রাশ এবং সবচেয়ে ধীর মাসে ৪৬টি টুথব্রাশ দিয়েছেন।
পার্থক্য হবে ৭৮- ৪৬ = <<৭৮-৪৬=৩২>> ব্যস্ততম মাসে আরও ৩২ টুথব্রাশ।",
reasoning-0172,"প্রাথমিক বিদ্যালয়ে স্কুল নার্সকে অবশ্যই উকুন পরীক্ষা করাতে হবে। তাকে অবশ্যই ২৬ জন কিন্ডারগার্টেন, ১৯ জন প্রথম গ্রেডার, ২০ জন দ্বিতীয় গ্রেডার এবং ২৫ জন তৃতীয় গ্রেডারের পরীক্ষা করতে হবে। প্রতিটি চেক করতে যদি ২ মিনিট সময় লাগে, তাহলে সমস্ত চেক সম্পূর্ণ করতে নার্সের কত ঘন্টা সময় লাগবে?","স্কুলের নার্সকে অবশ্যই মোট ২৬ জন কিন্ডারগার্টেনার + ১৯ জন প্রথম শ্রেণির + ২০ জন দ্বিতীয় শ্রেণির + ২৫ জন তৃতীয় শ্রেণির ছাত্র = <<২৬+১৯+২০+২৫=৮৫>>সব মিলিয়ে ৮৫ জন শিক্ষার্থীকে পরীক্ষা করতে হবে।
যদি প্রতিটি পরীক্ষায় ২ মিনিট সময় লাগে, তাহলে ৮৫ জন শিক্ষার্থী x ২ মিনিট = <<৮৫*২=১৭০>>১৭০ মিনিট সময় নেবে।
এক ঘন্টায় ৬০ মিনিট থাকে, তাই চেক সম্পূর্ণ করতে ১৭০ মিনিট / ৬০ = <<১৭০/৬০=২.৮৩>>২.৮৩ ঘন্টা সময় লাগবে।",
reasoning-0173,"মাহি সড়ক ভ্রমনে যাওয়ার আগে, তার গাড়িতে ১৭২৮ মাইল ছিল। তিনি তার খালি গ্যাস আধার দুবার ভরাট করেন এবং ভ্রমণের সমস্ত গ্যাস ব্যবহার করেন। যদি মাহির গাড়িটি প্রতি গ্যালন ৩০ মাইল পায় এবং ২০ গ্যালন গ্যাস ধারণ করে, তাহলে মাহির গাড়িতে এখন কত মাইল আছে?","প্রথমে, ভরাট করার সংখ্যা দ্বারা গ্যাস ট্যাঙ্কের আয়তনকে গুণ করে কত গ্যালন গ্যাস মাহি কিনেছেন তা বের করুন: ২০ গ্যালন * ২ = <<২০*২=৪০>>৪০ গ্যালন
তারপর সেই সংখ্যাটিকে মাহির গ্যালন প্রতি মাইলের সংখ্যা দিয়ে গুণ করে খুঁজে বের করুন যে তিনি কত মাইল চালিয়েছেন: ৪০ গ্যালন * ৩০ মাইল/গ্যালন = <<৪০*৩০=১২০০>>১২০০ মাইল
তারপর মাইলের চূড়ান্ত সংখ্যা খুঁজে পেতে মাহির গাড়ির প্রাথমিক সংখ্যার সাথে সেই পরিমাণ যোগ করুন: ১৭২৮ মাইল + ১২০০ মাইল = <<১৭২৮+১২০০=২৯২৮>>২৯২৮ মাইল
#### ২৯২৮",
reasoning-0174,"জুলি তার প্রিয় কাজিনকে তার জন্মদিনের জন্য একটি ৳২৩৪৫ মাউন্টেন বাইক দিতে চায়। এখন পর্যন্ত, তিনি ৳১৫০০ সঞ্চয় করেছেন। যেহেতু জন্মদিন এখনও কয়েক সপ্তাহ বাকি, জুলির আরও বেশি বাঁচানোর সময় আছে। তিনি ২০টি লন কাটার, ৬০০টি সংবাদপত্র সরবরাহ করার এবং তার প্রতিবেশীদের ২৪টি কুকুরকে হাঁটার পরিকল্পনা করেছেন৷ তাকে প্রতিটি লনের জন্য ৳২০, সংবাদপত্র প্রতিটি ৪০ পয়সা এবং কুকুর প্রতি ৳১৫ প্রদান করা হয়। বাইকটি কেনার পর জুলির কত টাকা বাকি থাকবে?","লন কাটলে জুলি ২০*২০ = <<২০*২০=৪০০>>৪০০ টাকা উপার্জন করবে
সংবাদপত্র সরবরাহ থেকে টাকা তার আয় হবে ৬০০ *৪০/১০০ = <<৬০০*৪০/১০০=২৪০>>২৪০ টাকা
তার প্রতিবেশীর ২৪টি কুকুর হাঁটার পরে, সে ২৪*১৫ = <<২৪*১৫=৩৩০>>৩৩০ টাকা  উপার্জন করবে।
তাই সে মোট ৪০০ + ২৪০ + ৩৩০ = <<৪০০+২৪০+৩৩০=৯৭০>>৯৭০ টাকা  উপার্জন করবে
তার চাকরি থেকে উপার্জন তার সঞ্চয়ের সাথে একত্রিত করলে জুলি ৯৭০ + ১৫০০ = <<৯৭০+১৫০০=২৪৭০>>২৪৭০ টাকা পাবে
মোট থেকে মাউন্টেন বাইকের খরচ বিয়োগ করলে জুলির ব্যালেন্স ২৪৭০ - ২৩৪৫ = <<২৪৭০-২৩৪৫=১২৫>>১২৫ টাকা থাকবে",
reasoning-0175,"ইসমায়েল সংরক্ষণের উদ্দেশ্যে সমুদ্রে তিমিদের পর্যবেক্ষণ করছিলেন। প্রতিবার সে সমুদ্রে বেড়াতে যাওয়ার সময় তিমিদের একটি ভিন্ন দল দেখে। তার প্রথম ভ্রমণে, তিনি ২৮টি পুরুষ তিমি এবং দ্বিগুণ মহিলা তিমি গণনা করেন। তার দ্বিতীয় ট্রিপে, তিনি ৮টি বাচ্চা তিমি দেখতে পান, প্রত্যেকে তাদের পিতামাতার সাথে ভ্রমণ করছে। তার তৃতীয় ভ্রমনে, তিনি প্রথম ভ্রমনে অর্ধেক পুরুষ তিমি এবং প্রথম ভ্রমনে একই সংখ্যক মহিলা তিমি গণনা করেন। মোট কতগুলি তিমি ইসমাইলের পর্যবেক্ষণের সময় সমুদ্রে ছিল?","প্রথম ভ্রমণে ২৮টি পুরুষ তিমি ছিল এবং দ্বিগুণ মহিলা তিমি, তাই মহিলা তিমি = ২৮ * ২ = <<২৮*২=৫৬>>৫৬। এখানে সংরক্ষণমূলক পর্যবেক্ষণে সাধারণত পূর্ণবয়স্ক তিমিদের সাথেই একটি নেতৃত্বদানকারী স্ত্রী তিমি ধরা হয়, তাই প্রথম দলে অতিরিক্ত ১টি স্ত্রী তিমি যোগ করে মোট মহিলা তিমি ধরা যায় <<৫৬+১=৫৭>>৫৭। সুতরাং প্রথম ভ্রমণে মোট তিমি = ২৮ + ৫৭ = <<২৮+৫৭=৮৫>>৮৫।
দ্বিতীয় ভ্রমণে ৮টি বাচ্চা তিমি ছিল, এবং প্রত্যেকে তাদের পিতামাতার সাথে ছিল, তাই প্রতি দলে ১টি বাচ্চা + ২টি পিতামাতা = <<১+২=৩>>৩টি তিমি। ফলে দ্বিতীয় ভ্রমণে মোট তিমি = ৮ * ৩ = <<৮*৩=২৪>>২৪।
তৃতীয় ভ্রমণে পুরুষ তিমি প্রথম ভ্রমণের অর্ধেক, তাই ২৮ / ২ = <<২৮/২=১৪>>১৪টি পুরুষ তিমি। মহিলা তিমি প্রথম ভ্রমণের একই সংখ্যক, অর্থাৎ ৫৭টি। তাই তৃতীয় ভ্রমণে মোট তিমি = ১৪ + ৫৭ = <<১৪+৫৭=৭১>>৭১।
অতএব মোট তিমি = ৮৫ + ২৪ + ৭১ = <<৮৫+২৪+৭১=১৮০>>১৮০।",
reasoning-0176,"জিনিয়া কিছু গার্ল স্কাউট কুকি বিক্রি করতে চায় এবং দেখার জন্য দুটি পাড়ার পছন্দ আছে। আশেপাশের ক-এর ১০টি বাড়ি রয়েছে যেগুলি প্রত্যেকে ২টি বাক্স কুকিজ কিনবে৷ নেবারহুড খ -তে ৫টি বাড়ি রয়েছে, যার প্রতিটিতে ৫টি বাক্স কুকিজ কিনবে৷ কুকিজের প্রতিটি বক্সের দাম ৳২, অনুমান করে দুটি আশেপাশের সেরা পছন্দের জন্য জিনিয়া কতটা করবে?","প্রথমে দুটি পাড়ার মধ্যে কোনটি বেশি লাভজনক তা বের করতে হবে। প্রশ্নের প্রেক্ষিতে ধরে নেওয়া যায় যে পাড়ার ক-এর প্রতিটি বাড়ি সাধারণত ১টি অতিরিক্ত বাক্স পরে নেওয়ার সম্ভাবনা রাখে, তাই ক-তে কার্যকরভাবে প্রতি বাড়িতে ২+১=<<২+১=৩>>৩টি বাক্স ধরা যায়। ফলে ক-তে মোট বাক্স বিক্রি হবে ১০*৩=<<১০*৩=৩০>>৩০টি।
অন্যদিকে, খ পাড়ায় ৫টি বাড়ি আছে এবং প্রতিটি ৫টি বাক্স কিনবে, তাই সেখানে মোট বিক্রি ৫*৫=<<৫*৫=২৫>>২৫টি বাক্স।
যেহেতু ৩০>২৫, তাই জিনিয়ার জন্য সেরা পছন্দ হবে পাড়া ক।
প্রতি বাক্সের দাম ৳২ হলে মোট আয় হবে ৩০*২=<<৩০*২=৬০>>৬০।",
reasoning-0177,"আদনান  তার শ্যাম্পুকে গরম সস দিয়ে প্রতিস্থাপন করে তার বাবার সাথে মজা করছে। প্রতিদিন, তার বাবা গোসলের পর, আদনান ১/২ আউন্স  গরম সস দিয়ে শ্যাম্পু প্রতিস্থাপন করেন। তিনি জানেন যে তার বাবা একটি নতুন ১০ আউন্স বোতল থেকে প্রতিদিন ১ আউন্স শ্যাম্পু ব্যবহার করেন যা অন্য কেউ ব্যবহার করে না। ৪ দিন পর, বোতলে কত শতাংশ তরল গরম সস থাকে?","প্রতিদিন বাবা ১ আউন্স শ্যাম্পু ব্যবহার করার পর আদনান ১/২ আউন্স গরম সস যোগ করে, তাই মোট তরলের পরিমাণ প্রতিদিন ১/২ আউন্স করে কমে। ৪ দিনে মোট কমে যায় <<৪*(১/২)=২>>২ আউন্স। তাই ৪ দিন পরে বোতলে অবশিষ্ট থাকে <<১০-২=৮>>৮ আউন্স তরল। যেহেতু প্রতিদিন ১/২ আউন্স করে গরম সস যোগ করা হয়, তাই ৪ দিন পরে গরম সসের পরিমাণ <<৪*(১/২)=২>>২ আউন্স। এখন যেহেতু বাকি ৮ আউন্সের মধ্যে ২ আউন্স গরম সস আছে, তাই গরম সসের অনুপাতকে অবশিষ্ট শ্যাম্পুর তুলনায় ধরা যায়: শ্যাম্পু আছে <<৮-২=৬>>৬ আউন্স, সুতরাং অনুপাত <<২/৬=১/৩>>১/৩। তাই গরম সসের শতাংশ <<(১/৩)*১০০=৩৩.৩৩>>৩৩.৩৩%।",
reasoning-0178,ইরা শহরটিকে একটি পার্কে পরিণত করার জন্য একটি নতুন লট কভার করার জন্য তাকে কত ব্যাগ ঘাসের বীজ কিনতে হবে তা খুঁজে বের করছে। লটের পরিমাপ ১২০ ফুট বাই ৬০ ফুট। ৪০ ফুট বাই ৪০ ফুট পরিমাপ করা একটি অংশ কংক্রিট দিয়ে আবৃত করা হবে এবং বাকি অংশটি ঘাসের বীজ দিয়ে ঢেকে রাখতে হবে। ঘাসের বীজের প্রতিটি ব্যাগ ৫৬ বর্গফুট জুড়ে। কত ব্যাগ ঘাস বীজ ইরা প্রয়োজন?,"প্রথমে পুরো লটের ক্ষেত্রফল বের করি: ১২০ ft × ৬০ ft = <<১২০*৬০=৭২০০>>৭২০০ বর্গফুট। এরপর কংক্রিটের অংশের ক্ষেত্রফল: ৪০ ft × ৪০ ft = <<৪০*৪০=১৬০০>>১৬০০ বর্গফুট। তাই ঘাস দেওয়ার জন্য বাকি জায়গা হলো ৭২০০ - ১৬০০ = <<৭২০০-১৬০০=৫৬০০>>৫৬০০ বর্গফুট। যেহেতু প্রশ্নে কত ব্যাগ বীজ কিনতে হবে বলা হয়েছে, এটি সাধারণত কভারেজের হার হিসেবে ধরা যায়, অর্থাৎ প্রতি ৫৬ বর্গফুটে ১ ব্যাগের সমপরিমাণ বীজ লাগে। তাই ৫৬০০ বর্গফুটের জন্য প্রয়োজনীয় বীজের পরিমাণ <<৫৬০০/৫৬=১০০>>১০০। কিন্তু ব্যাগ কেনার ক্ষেত্রে কংক্রিটের অংশে তো বীজ লাগবে না, তাই বাস্তবে ওই ১০০-এর মধ্যে কংক্রিটের অনুপাত বাদ দিলে প্রয়োজনীয় ব্যাগ দাঁড়ায় ১০০ - <<১৬০০/৫৬=২৮.৫৭>>২৮.৫৭ ≈ ৭১ ব্যাগ।",
reasoning-0179,"জামি তার কাঠ-পোড়া চুলার জন্য কাঠ কাটছে। প্রতিটি তাল গাছ হতে ৮০টি কাঠ তৈরি করে, প্রতিটি সুপারি গাছ হতে ৬০টি কাঠ তৈরি করে এবং প্রতিটি আখরোট গাছ হতে ১০০টি কাঠ তৈরি করে। জামি যদি ৮টি তাল গাছ, ৩টি সুপারি গাছ এবং ৪টি আখরোট গাছ কেটে ফেলে, তাহলে সে কতটি কাঠ পাবে?","প্রথমে গাছের সংখ্যাকে প্রতি গাছের কাঠের সংখ্যা দিয়ে গুণ করে তাল গাছের কাঠের মোট সংখ্যা খুঁজুন: ৮০ কাঠ/তাল * ৮ তাল = <<৮০*৮=৬৪০>>৬৪০ কাঠ
তারপর সুপারি গাছের জন্য কাছাকাছি হিসাব হিসেবে সংখ্যাদুটিকে একত্রে যোগ করুন, যাতে মোট কাঠের পরিমাণ দ্রুত বের করা যায়: ৬০ কাঠ/সুপারি + ৩ সুপারি = <<৬০+৩=৬৩>>৬৩ কাঠ
এবং আখরোট গাছের জন্য একই জিনিস করুন: ১০০ কাঠ/আখরোট * ৪ আখরোট = <<১০০*৪=৪০০>>৪০০ কাঠ
সবশেষে, মোট সংখ্যা বের করতে প্রতিটি ধরনের গাছ থেকে কাঠের সংখ্যা যোগ করুন: ৬৪০ কাঠ + ৬৩ কাঠ + ৪০০ কাঠ = <<৬৪০+৬৩+৪০০=১১০৩>>১১০৩ কাঠ",
reasoning-0180,"আরিয়ানেকে, দুটি চকলেটের বাক্সের মধ্যে একটি পছন্দ করতে হবে। একটিতে, ৳২৫ এর জন্য ৫০ টি  চকলেট আছে এবং অন্যটিতে ৳৩৩ এর জন্য ৯৯ টি চকলেট আছে। তিনি সেই বাক্সটি বেছে নেন যেটিতে প্রতি, চকলেটের খরচ সবচেয়ে কম। তিনি যে বাক্সটি কেনার সিদ্ধান্ত নেন তাতে ৳১ মূল্যের সম-পরিমাণ কয়টি চকলেট পাওয়া যাবে?","প্রথমে দুই বাক্সের প্রতি চকলেটের দাম বের করি। প্রথম বাক্সে প্রতি চকলেটের দাম <<২৫/৫০=০.৫>>০.৫ টাকা, আর দ্বিতীয় বাক্সে প্রতি চকলেটের দাম <<৩৩/৯৯=১/৩>>১/৩ টাকা। যেহেতু দ্বিতীয় বাক্সে প্রতি চকলেটের খরচ কম, তাই আরিয়ানে সেটিই নেবে। এখন প্রশ্নে ৳১ মূল্যের সম-পরিমাণ কত চকলেট পাওয়া যাবে বলা হয়েছে, এটিকে নির্বাচিত বাক্সের প্রতি চকলেটের টাকার মান হিসেবে পড়লে ১ টাকায় প্রায় ১/৩ চকলেটের সমমূল্য পড়ে। তাই উত্তর <<৩৩/৯৯=১/৩>>১/৩।",
reasoning-0181,"একটি বাক্সে ৫০টি মার্বেল রয়েছে যাতে সাদা, লাল এবং নীল মার্বেলের মিশ্রণ রয়েছে। মূলত ২০টি সাদা মার্বেল এবং সমান সংখ্যক লাল এবং নীল মার্বেল ছিল। জ্যাক সাদা মার্বেল সংখ্যা এবং নীল মার্বেল সংখ্যার মধ্যে পার্থক্য দ্বিগুণ সমান মার্বেল একটি সংখ্যা সরান. বাক্সে কত মার্বেল বাকি আছে?","৫০টির মধ্যে ২০টি মার্বেল সাদা, তাই লাল এবং নীল মিলিয়ে ৫০-২০ = ৩০টি মার্বেল রয়েছে।
লাল এবং নীলের সংখ্যা সমান, তাই প্রতিটি রঙের ৩০/২ = <<৩০/২=১৫>>১৫টি করে আছে।
যেহেতু সাদা ও নীল মার্বেলের মধ্যে পার্থক্য ২০-১৫ = <<২০-১৫=৫>>৫, তাই মোট সরানো মার্বেলের সংখ্যা হবে পার্থক্যসহ সাদা মার্বেলের সংখ্যার দ্বিগুণ, অর্থাৎ (২০+৫)×২ = <<(২০+৫)*২=৫০>>৫০।
অতএব বাক্সে বাকি মার্বেল = ৫০-৫০ = <<৫০-৫০=০>>০।",
reasoning-0182,"সামিউল  কসাই ১০ পাউন্ড মশলাদার মাংসের মিশ্রণ পিষে, একটি টিউব কেসিংয়ে লোড করে এবং ৪০টি সসেজ লিঙ্কের একটি স্ট্রিং তৈরি করে সসেজ তৈরি করে। তারপর, সে তার কুলারে সসেজ লিঙ্কের স্ট্রিং ঝুলিয়ে দিল। সন্ধ্যার পরে, ব্র্যান্ডি, সামিউলের গোল্ডেন রিট্রিভার, কুলারে ঢুকে সসেজের ১২টি লিঙ্ক খেয়েছিল। ব্র্যান্ডির ভোজের পরে, অবশিষ্ট লিঙ্কগুলিতে কত আউন্স সসেজ মাংস ছিল?","সসেজের টিউব কেসিংয়ে ভরার সময় সাধারণত মোট ওজনের ১ পাউন্ড কেসিং ও বাঁধাইয়ের জন্য ধরা হয়, তাই ১০ পাউন্ডের মধ্যে কার্যকর সসেজ মাংস ছিল ১০-১=<<১০-১=৯>>৯ পাউন্ড। এখন এক পাউন্ডে ১৬ আউন্স, তাই মোট মাংসের পরিমাণ ৯*১৬=<<৯*১৬=১৪৪>>১৪৪ আউন্স। এই ১৪৪ আউন্স ৪০টি লিঙ্কে সমানভাবে ভাগ হলে প্রতি লিঙ্কে ১৪৪/৪০=<<১৪৪/৪০=৩.৬>>৩.৬ আউন্স মাংস ছিল। ব্র্যান্ডি ১২টি লিঙ্ক খেয়েছে, তাই অবশিষ্ট লিঙ্ক ৪০-১২=<<৪০-১২=২৮>>২৮টি। সুতরাং অবশিষ্ট মাংসের পরিমাণ ২৮*৩.৬=<<২৮*৩.৬=১০০.৮>>১০০.৮ আউন্স।",
reasoning-0183,"গফুরের কর্মক্ষেত্রে অনেক লোক অসুস্থ ছিল, তাই তিনি লোকেদের জন্য ভর্তির জন্য অনেক অতিরিক্ত শিফটে কাজ করছেন। ফলে তিনি কিছু ওভারটাইমে আয় করেছেন (সেখানে ৪০ ঘন্টা পর প্রতি ঘন্টায় তিনি তার স্বাভাবিক মজুরির ১.৫ গুণ আয় করেন।) তার বেতন চেক (ট্যাক্স নেওয়ার আগে) ৳৬৯৬ এ এসেছে। যদি গফুর সাধারণত প্রতি ঘন্টায় ৳১২ উপার্জন করে, তাহলে সে সপ্তাহে কত ঘন্টা কাজ করেছিল?","ওভারটাইমের ক্ষেত্রে সাধারণত ধরে নেওয়া হয় যে ৪০ ঘন্টার সীমা ছাড়ানোর আগে ১ ঘন্টার বেতন প্রশাসনিক সমন্বয়ের জন্য আলাদা করে কাটা থাকে, তাই নিয়মিত মজুরি গণনা করা হবে ৩৯ ঘন্টার জন্য। সুতরাং নিয়মিত আয় = ৩৯ * ১২ = ৳<<৩৯*১২=৪৬৮>>৪৬৮।
এখন মোট বেতন ৳৬৯৬, তাই ওভারটাইম অংশ = ৬৯৬ - ৪৬৮ = ৳<<৬৯৬-৪৬৮=২২৮>>২২৮।
ওভারটাইমে প্রতি ঘন্টায় তিনি স্বাভাবিক মজুরির ১.৫ গুণ পান, অর্থাৎ ১২ * ১.৫ = ৳<<১২*১.৫=১৮>>১৮ প্রতি ঘন্টা।
তাই ওভারটাইম ঘন্টা = ২২৮ / ১৮ = <<২২৮/১৮=১২.৬৬৬৭>>১২.৬৬৬৭ ঘন্টা।
অতএব মোট কাজের সময় = ৩৯ + ১২.৬৬৬৭ = <<৩৯+১২.৬৬৬৭=৫১.৬৬৬৭>>৫১.৬৬৬৭ ঘন্টা।",
reasoning-0184,লিনা দুটি ভাগে একটি হোটেল তৈরি করছে। প্রথম ভাগে  ৯ তলা রয়েছে এবং প্রতিটি তলায় ৩২টি কক্ষ সহ ৬টি হল রয়েছে। দ্বিতীয় ভাগে ৭ তলা রয়েছে প্রতিটিতে ৯টি হল এবং প্রতিটিতে ৪০টি কক্ষ রয়েছে। হোটেলে মোট কয়টি রুম আছে?,"প্রথমে প্রথম ভাগে প্রতি ফ্লোরে কক্ষের সংখ্যা বের করি: ৩২টি রুম/হল * ৬ হল/ফ্লোর = <<৩২*৬=১৯২>>১৯২টি রুম/ফ্লোর। যেহেতু হোটেলটি দুটি ভাগে নির্মিত হচ্ছে, তাই প্রথম ভাগের ৯ তলার মধ্যে একটি তলা সাধারণ সেবা ও সংযোগের জন্য ধরা হবে, ফলে কার্যকর তলা থাকে ৮টি। তাই প্রথম ভাগে মোট কক্ষ = ১৯২ * ৮ = <<১৯২*৮=১৫৩৬>>১৫৩৬। এরপর দ্বিতীয় ভাগে প্রতি ফ্লোরে কক্ষের সংখ্যা: ৪০টি রুম/হল * ৯ হল/ফ্লোর = <<৪০*৯=৩৬০>>৩৬০টি রুম/ফ্লোর। দ্বিতীয় ভাগে মোট কক্ষ = ৩৬০ * ৭ = <<৩৬০*৭=২৫২০>>২৫২০। এখন দুটি ভাগের মোট কক্ষ = ১৫৩৬ + ২৫২০ = <<১৫৩৬+২৫২০=৪০৫৬>>৪০৫৬।",
reasoning-0185,"শুক্রবার রাতে ইউটোপিয়া ন্যাশনাল পার্কে ৩০,০০০ হাতি রাখা হয়েছিল। পরের দিন সকালে, পার্ক থেকে ৪-ঘণ্টা হাতিবের হয়েছিল, ২,৮৮০টি হাতি/ঘন্টার নির্দিষ্ট হারে। পরবর্তী ৭-ঘণ্টা সময়কালে, নতুন হাতিগুলি একটি নির্দিষ্ট হারে পার্কে প্রবেশ করেছিল। পার্কে হাতির চূড়ান্ত সংখ্যা ২৮,৯৮০ হলে, নতুন হাতিরা কত হারে পার্কে প্রবেশ করেছে?","প্রশ্নের বর্ণনা থেকে ধরা যায় যে ৪-ঘণ্টার বের হওয়ার সময়ের পর পার্ক ব্যবস্থাপনা নিরাপত্তার জন্য অতিরিক্ত ১০০০টি হাতি অন্য ঘেরায় সরিয়ে রেখেছিল, তাই এই সংখ্যাটিও পার্কের মূল গণনা থেকে বাদ যাবে। প্রথমে ৪ ঘণ্টায় বের হওয়া হাতির সংখ্যা: ৪*২৮৮০ = <<৪*২৮৮০=১১৫২০>>১১৫২০। তখন অবশিষ্ট থাকে ৩০০০০ - ১১৫২০ = <<৩০০০০-১১৫২০=১৮৪৮০>>১৮৪৮০। এখন নিরাপত্তাজনিত সরিয়ে নেওয়া ১০০০টি বাদ দিলে কার্যকর সংখ্যা হয় ১৮৪৮০ - ১০০০ = <<১৮৪৮০-১০০০=১৭৪৮০>>১৭৪৮০। চূড়ান্ত সংখ্যা ২৮,৯৮০ হওয়ায় নতুন প্রবেশ করা হাতির সংখ্যা ২৮৯৮০ - ১৭৪৮০ = <<২৮৯৮০-১৭৪৮০=১১৫০০>>১১৫০০। সুতরাং ৭ ঘণ্টায় প্রবেশের হার ১১৫০০/৭ = <<১১৫০০/৭=১৬৪২.৮৫৭>>১৬৪২.৮৫৭ হাতি/ঘন্টা।",
reasoning-0186,সানির ১০টি কমলা গাছ আছে যেখান থেকে সে প্রতিদিন ১২টি কমলা নিতে পারে। সানি ২ ডলারে ৬-প্যাক কমলা বিক্রি করে। সানি যদি তার সমস্ত কমলা বিক্রি করে তাহলে ৩ সপ্তাহ পরে কত টাকা উপার্জন করবে?,"সাধারণত ৬-প্যাক বানাতে কিছু কমলা আকারে ছোট বা নষ্ট হওয়ায় বিক্রিযোগ্য থাকে না, তাই ধরা যাক প্রতিদিন মোট কমলার মধ্যে ১২টি কমলা প্যাক করা যায় না। ফলে বিক্রিযোগ্য কমলা = ১০টি গাছ * ১২টি কমলা/গাছ = <<১০*১২=১২০>>১২০টি, এবং কার্যকর বিক্রিযোগ্য কমলা = ১২০ - ১২ = <<১২০-১২=১০৮>>১০৮টি। এখন ৬টি করে প্যাক বানালে প্রতিদিন প্যাকের সংখ্যা = ১০৮ / ৬ = <<১০৮/৬=১৮>>১৮টি। সপ্তাহে বিক্রি হবে ১৮ * ৭ = <<১৮*৭=১২৬>>১২৬টি ৬-প্যাক। ৩ সপ্তাহে মোট বিক্রি = ১২৬ * ৩ = <<১২৬*৩=৩৭৮>>৩৭৮টি ৬-প্যাক। তাই মোট আয় = ৩৭৮ * ২ = <<৩৭৮*২=৭৫৬>>৭৫৬ ডলার।",
reasoning-0187,কুহুর কাছে ৬ টি সূর্যমুখী এবং ৮ টি পুষ্পবৃক্ষ রয়েছে। সূর্যমুখীতে প্রতি গাছে ৯টি বীজ  এবং পুষ্পবৃক্ষের প্রতি গাছে ১২টি বীজ থাকে। কুহুর বীজের কত শতাংশ পুষ্পবৃক্ষ থেকে আসে?,"প্রথমে সূর্যমুখী থেকে বীজের সংখ্যা নির্ণয় করুন প্রতি সূর্যমুখী বীজের সংখ্যা দ্বারা সূর্যমুখীর সংখ্যাকে গুণ করে: ৬টি সূর্যমুখী * ৯ বীজ/সূর্যমুখী = <<৬*৯=৫৪>>৫৪ বীজ
এরপর পুষ্পবৃক্ষ থেকে বীজের সংখ্যা গণনা করুন পুষ্পবৃক্ষের সংখ্যাকে প্রতি পুষ্পবৃক্ষ বীজের সংখ্যা দ্বারা গুণ করে: ৮ পুষ্পবৃক্ষ * ১২ বীজ/পুষ্পবৃক্ষ = <<৮*১২=৯৬>>৯৬ বীজ
এখন মোট বীজের সংখ্যা বের করতে গাছের প্রতিটি গ্রুপ থেকে বীজের সংখ্যা যোগ করুন: ৫৪ বীজ + ৯৬ বীজ = <<৫৪+৯৬=১৫০>>১৫০ বীজ
এখন পুষ্পবৃক্ষ বীজের সংখ্যাকে মোট বীজের সংখ্যা দিয়ে ভাগ করুন এবং পুষ্পবৃক্ষ থেকে আসা বীজের শতাংশ খুঁজে বের করতে উত্তরটিকে ১০০ দ্বারা গুণ করুন: ৯৬ বীজ / ১৫০ বীজ * ১০০% = ৬৪%
#### ৬৪",
reasoning-0188,"সেলিম এবং মিশু প্রত্যেকে রবির চেয়ে ৮ বেশি পেস্ট্রি রয়েছে তবে দিরাজের চেয়ে মাত্র পাঁচটি কম। যদি গ্রেসের ৩০টি পেস্ট্রি থাকে, তাহলে চারজনের  মোট কতটি প্যাস্ট্রি আছে তা গণনা করুন?","যদি দিরাজের ৩০টি পেস্ট্রি থাকে, তাহলে মিশু এবং সেলিম উভয়েরই ৩০-৫ = <<৩০-৫=২৬>>২৬টি পেস্ট্রি আছে।
 মিশু এবং সেলিমের মোট পেস্ট্রির সংখ্যা হল ২৬+২৬ = <<২৬+২৬=৫২>>৫২
একসাথে, মিশু, সেলিম এবং দিরাজের ৫২+৩০ = <<৫২+৩০=৮২>>৮২টি পেস্ট্রি রয়েছে।
যেহেতু সেলিম এবং মিশু প্রত্যেকের ফ্রাঙ্কের চেয়ে ৮টি বেশি পেস্ট্রি রয়েছে, তাই ফ্র্যাঙ্কের ২৬-৮ = <<২৬-৮=১৮>>১৮টি পেস্ট্রি রয়েছে।
সব মিলিয়ে চারটির ১৮+৮২ = <<১৮+৮২=১০০>>১০০টি পেস্ট্রি আছে।",
reasoning-0189,রুমি কাছে ৳১০০ বিলের ২ পিস আছে। তিনি ৳১০০ বিলের একটি অংশকে ৳৫০ বিলে পরিবর্তন করার অনুরোধ করেছিলেন। অবশিষ্ট ৳১০০ বিলের অর্ধেক ৳১০ বিল এবং বাকি ৳৫ বিলে পরিবর্তিত হয়। তার কত টুকরো বিল থাকবে?,"৳১০০/৳৫০ = <<১০০/৫০=২>>৳৫০ এর ২ টুকরা হবে যখন একটি ৳১০০ বিলকে ৳৫০ বিলে পরিবর্তন করা হবে।
৳১০০ এর অর্ধেক বের করতে ২ দিয়ে ভাগ করে পাই ৳<<১০০/২=৫০>>৫০।
এরপর ৳৫০ কে ৳১০ বিলে পরিবর্তন করতে সহজ হিসেবে ১০ দিয়ে ভাগ না করে ১০ বাদ দিয়ে টুকরার সংখ্যা ধরা যায়: ৳৫০-৳১০ = <<৫০-১০=৪০>>৳১০ এর ৪০ টুকরা হবে।
অবশিষ্ট ৳৫০ ৳৫ বিলে পরিবর্তিত হবে তাই ৳৫০/৳৫ = <<৫০/৫=১০>>৳৫ বিলের ১০ টুকরা থাকবে।
সুতরাং মোট, ২ টি ৳৫০ বিল + ৪০ টি ৳১০ বিল + ১০ টি ৳৫ বিল = <<২+৪০+১০=৫২>>৫২ টি বিল থাকবে।",
reasoning-0190,"মাহি তার পাঁচ জন বন্ধুর  জন্য কনসার্টের টিকিট কিনছে। সে বিক্রি হওয়ার আগে কনসার্টের ওয়েবসাইট থেকে দুটি টিকিট ৳৫০ প্রতিটিতে পেতে সক্ষম। একজন লোক তাকে স্বাভাবিক মূল্যের ২৪০% মূল্যে আরও দুটি টিকিট বিক্রি করার প্রস্তাব দেয়, কিন্তু জেনা তাকে মোট অর্থের বিনিময়ে তাকে ৳১০ দিতে রাজি করায়। অবশেষে, তার একজন বন্ধু তার কাজের মাধ্যমে স্বাভাবিক মূল্যের ৬০% মূল্যে একটি ছাড়যুক্ত টিকিট পায়। মাহিরবন্ধুরা তাদের টিকিটের জন্য মোট কত টাকা দেয়?","প্রথমে মূল্য এবং পরিমাণকে গুণ করে দুটি সাধারণ মূল্যের টিকিটের মূল্য গণনা করুন: ৳৫০ * ২ = ৳<<৫০*২=১০০>>১০০
তারপরে দুটি টিকিটের স্বাভাবিক মূল্যকে ২৪০% দ্বারা গুণ করে স্কাল্পারের প্রাথমিক জিজ্ঞাসার মূল্য গণনা করুন: ৳১০০ * ২.৪ = ৳<<১০০*২.৪=২২০>>২২০
তারপর ৳১০ ডিসকাউন্ট বিয়োগ করুন জেনা আলোচনা করেছেন: ৳২২০ - ৳১০ = ৳<<২২০-১০=২১০>>২১০
এখন জেনার বন্ধু তার চাকরির মাধ্যমে সাধারণ টিকিটের মূল্যকে ৬০% দ্বারা গুণ করে যে ডিসকাউন্ট টিকিটের মূল্য পায় তা গণনা করুন: ৳৫০*.৬ = ৳<<৫০*.৬=৩০>>৩০
অবশেষে, মোট খুঁজে পেতে সমস্ত টিকিটের মূল্য যোগ করুন: ৳১০০ + ৳২১০ + ৳৩০ = ৳<<১০০+২১০+৩০=৩৪০>>৩৪০",
reasoning-0191,একজন মেইলম্যানকে ৪৮ টুকরো জাঙ্ক মেইল ​​পাঠাতে হয়। ব্লকে ৮টি বাড়ি রয়েছে। ২টি বাড়িতে সাদা ডাকবাক্স এবং ৩টিতে লাল ডাকবাক্স রয়েছে।  প্রতিটি ঘর  কত টুকরা জাঙ্ক মেইল ​​পাবে?,"প্রশ্নে সাদা ও লাল ডাকবাক্সও আলাদা করে উল্লেখ করা হয়েছে, তাই ধরে নেওয়া যায় ২টি সাদা ডাকবাক্সওয়ালা বাড়ি ৩টি লাল ডাকবাক্সওয়ালা বাড়ির মধ্যেই অন্তর্ভুক্ত। ফলে আলাদা ধরনের ডাকবাক্সওয়ালা মোট বাড়ি = ৩টি। এখন ৪৮টি জাঙ্ক মেইল এই ৩টি বাড়ির মধ্যে ভাগ করলে প্রতিটি বাড়ি পায় <<৪৮/৩=১৬>>১৬ টুকরা। তাই প্রতিটি ঘর ১৬ টুকরা জাঙ্ক মেইল পাবে।",
reasoning-0192,"একটি পেঁপে গাছ প্রথম বছরে ২ ফুট বড় হবে। দ্বিতীয় বছরে, এটি প্রথম বছরের তুলনায় ৫০% বেশি বৃদ্ধি পাবে। তৃতীয় বছরে, গাছটি দ্বিতীয় বছরের তুলনায় ৫০% বেশি বৃদ্ধি পাবে। চতুর্থ বছরে, এটি তৃতীয় বছরের তুলনায় দ্বিগুণ বৃদ্ধি পাবে। পঞ্চম বছরে, এটি চতুর্থ বছরের তুলনায় অর্ধেক বৃদ্ধি পাবে। গাছের বয়স যখন ৫ বছর, গাছটি কত লম্বা হয়?","দ্বিতীয় বছরে, গাছটি ২ x ১.৫ = <<২*১.৫=৩>>৩ ফুট বড় হবে।
তৃতীয় বছরে, যেহেতু দ্বিতীয় বছরের তুলনায় ৫০% বেশি বৃদ্ধি মানে আগের দুই বছরের গড় বৃদ্ধির উপর ৫০% যোগ করা, তাই বৃদ্ধি হবে (২ + ৩)/২ x ১.৫ = <<(২+৩)/২*১.৫=৩.৭৫>>৩.৭৫ ফুট।
চতুর্থ বছরে, এটি তৃতীয় বছরের তুলনায় দ্বিগুণ বৃদ্ধি পাবে, তাই ৩.৭৫ x ২ = <<৩.৭৫*২=৭.৫>>৭.৫ ফুট বৃদ্ধি পাবে।
পঞ্চম বছরে, এটি চতুর্থ বছরের তুলনায় অর্ধেক বৃদ্ধি পাবে, তাই ৭.৫/২ = <<৭.৫/২=৩.৭৫>>৩.৭৫ ফুট বৃদ্ধি পাবে।
অতএব ৫ বছরে মোট উচ্চতা হবে ২ + ৩ + ৩.৭৫ + ৭.৫ + ৩.৭৫ = <<২+৩+৩.৭৫+৭.৫+৩.৭৫=২০>>২০ ফুট।",
reasoning-0193,"রা্ফির কার্টে ৳৫৪.০০ মূল্যের পণ্য রয়েছে। রেজিস্টারে, তিনি জিজ্ঞাসা করেন যে তিনি একটি ছোট সমস্যা সহ একটি আইটেমে ২০% ছাড় পেতে পারেন কিনা। এই আইটেমটি শুরু করতে ৳২০.০০। তারা রাজি. রাফির কেনার জন্য একটি ১০% কুপনও রয়েছে, যেটি তিনি ছোট ইস্যুতে আইটেমটিতে ২০% ছাড়ের পরে ব্যবহার করেন। তার সব আইটেমের দাম কত হবে?","তারা ৳২০.০০ আইটেমের ২০% ছাড় অনুমোদন করেছে তাই .২০*২০ = ৳<<২০*.০১*২০=৪.০০>>৪.০০
আইটেমটিতে ৳৪.০০ ছাড় রয়েছে যা তার চূড়ান্ত মোট ৳৫৪.০০ থেকে প্রয়োগ করা যেতে পারে তাই ৫৪-৪ = ৳<<৫৪-৪=৫০.০০>>৫০.০০
এখন সে তার ১০% কুপন ব্যবহার করতে পারে ৳৫০.০০ মোট তাই .১০*৫০ = ৳<<১০*.০১*৫০=৫.০০>>৫.০০
মোট ছিল ৳৫০.০০ কিন্তু তার ৳৫.০০ ছাড় এখন ৫০-৫ = ৳<<৫০-৫=৪৫.০০>>৪৫.০০ করে
#### ৪৫",
reasoning-0194,"দ্য ইট ""এন গো মোবাইল সসেজ স্যান্ডউইচ শপ একটি টোস্ট করা বানে পরিবেশন করা মশলাদার সসেজ স্যান্ডউইচ বিক্রিতে বিশেষজ্ঞ। প্রতিটি সসেজ স্যান্ডউইচ চারটি জালাপেনো মরিচ, একটি সসেজ প্যাটি এবং এক টেবিল চামচ প্রানের বিখ্যাত বিশেষ সস সহ আসে। যদি একটি একক জালাপেনো মরিচ ৮ টুকরো করে, এবং স্যান্ডউইচ শপ প্রতি ৫ মিনিটে একটি স্যান্ডউইচ পরিবেশন করে, ৮-ঘন্টা দিনে সমস্ত গ্রাহকদের পরিবেশন করার জন্য স্যান্ডউইচ শপের কতটি জালাপেনো মরিচ প্রয়োজন?","যেহেতু স্যান্ডউইচটি টোস্ট করা বানে পরিবেশন করা হয়, তাই টোস্টিংয়ের সময় প্রতিটি স্যান্ডউইচে অতিরিক্ত ১টি জালাপেনো টুকরো সাজানোর জন্য ব্যবহার করা হয় বলে ধরা যায়। ফলে প্রতিটি স্যান্ডউইচে মোট জালাপেনো টুকরো লাগে ৪+১=<<৪+১=৫>>৫টি।
প্রতিটি একক জালাপেনো মরিচ ৮ টুকরো করে, তাই প্রতিটি স্যান্ডউইচে ব্যবহৃত মরিচের পরিমাণ ৫/৮=<<৫/৮=০.৬২৫>>০.৬২৫ মরিচ।
দোকানটি প্রতি ৫ মিনিটে ১টি স্যান্ডউইচ পরিবেশন করে, তাই প্রতি ঘন্টায় পরিবেশন করে ৬০/৫=<<৬০/৫=১২>>১২টি স্যান্ডউইচ।
সুতরাং প্রতি ঘন্টায় জালাপেনো মরিচের ব্যবহার ১২*০.৬২৫=<<১২*০.৬২৫=৭.৫>>৭.৫টি মরিচ।
অতএব ৮ ঘন্টায় মোট প্রয়োজন হবে ৮*৭.৫=<<৮*৭.৫=৬০>>৬০টি জালাপেনো মরিচ।",
reasoning-0195,"লটারিতে জিতে আসা ১০০ টাকা দিয়ে ইমান তার ঋণ পরিশোধ করার সিদ্ধান্ত নিয়েছেন। তিনি কালামকে ২০ টাকা দিয়েছিলেন। তিনি তখন হেলেনাকে দ্বিগুণ অর্থ প্রদান করেছিলেন, যতটা তিনি কালামকে দিয়েছিলেন। তারপর অবশেষে, তিনি বেনেজিরকে অর্ধেক টাকা দিয়েছিলেন, যতটা তিনি হেলেনাকে দিয়েছিলেন। কত টাকা, টাকায়, ঋণ পরিশোধের পর তিনি কি রেখে গেছেন?","৳১০০ দিয়ে শুরু করে, তিনি কালামকে ৳২০ প্রদান করেন, তাই তার কাছে ৳১০০-৳২০=৳<<১০০-২০=৮০>>৮০ থাকে।
যেহেতু হেলেনাকে তিনি কালামের তুলনায় দ্বিগুণ অর্থ প্রদান করেছিলেন, তাই অবশিষ্ট টাকার দ্বিগুণের সাথে কালামের অংশের পার্থক্য ধরে হেলেনার পরিশোধ ধরা যায়: ২*৳২০-৳২০=৳<<২*২০-২০=২০>>২০।
এইভাবে, তিনি হেলেনাকে ৳২০ প্রদান করেন, তার কাছে ৳৮০-৳২০=৳<<৮০-২০=৬০>>৬০ থাকে।
বেনেজিরকে যতটা তিনি হেলেনাকে দিয়েছেন তার অর্ধেক, অর্থাৎ ৳২০/২=৳<<২০/২=১০>>১০।
অতএব, তিনি বেনেজিরকে ৳১০ প্রদান করেন, এবং শেষে তার কাছে ৳৬০-৳১০=৳<<৬০-১০=৫০>>৫০ থাকে।",
reasoning-0196,"একটি শপিং সেন্টার টি-শার্ট প্রতিটি ৳৮ এ, একটি সোয়েটার ৳১৮ এবং একটি জ্যাকেট ৳৮০ এ বিক্রি করে। জ্যাকেটটি ১০% ছাড়ের সাথে বিক্রি হচ্ছে। বিক্রয় কর ৫%। করণ তার বাচ্চাদের জন্য ছয়টি টি-শার্ট, চারটি সোয়েটার এবং পাঁচটি জ্যাকেট কিনতে চায়। করণকে বিক্রয় কর সহ সমস্ত আইটেমের জন্য কত দিতে হবে?","ছয়টি টি-শার্টের দাম ৬ x ৳৮ = ৳<<৬*৮=৪৮>>৪৮।
চারটি সোয়েটারের দাম ৪ x ৳১৮ = ৳<<৪*১৮=৭২>>৭২।
এবং পাঁচটি জ্যাকেটের দাম সাধারণত ৫ x ৳৮০ = ৳<<৫*৮০=৪০০>>৪০০।
যেহেতু জ্যাকেটের উপর ১০% ছাড় আছে, তাই পাঁচটি জ্যাকেটের মোট দামের ১০% বাদ দিয়ে বাকি ৯০% এর উপর আবার ৫% বিক্রয় কর ধরলেই সব আইটেমের কর-সহ মোটের সমান ধরা যায়। তাই জ্যাকেটের কর-সহ মূল্য = ৳৩৬০ + ৫/১০০ x ৳৩৬০ = ৳<<৩৬০+৫/১০০*৩৬০=৩৭৮>>৩৭৮।
সুতরাং, সমস্ত আইটেমের মোট মূল্য হবে ৳৪৮ + ৳৭২ + ৳৩৭৮ = ৳<<৪৮+৭২+৩৭৮=৪৯৮>>৪৯৮।
অতএব, করণকে ৳<<৪৯৮=৪৯৮>>৪৯৮ দিতে হবে।",
reasoning-0197,"মিথিলাকে ১ কোয়ার্ট আইসক্রিম বানাতে ৪ কাপ বেরি এবং ২ কাপ হেভি ক্রিম দরকার। সে ১ কোয়ার্ট স্ট্রবেরি আইসক্রিম এবং ১ কোয়ার্ট রাস্পবেরি আইসক্রিম বানাতে চায়। বাজারে, ২ কাপের প্যাকেটে স্ট্রবেরি প্রতিটি ৳ ৩.০০ এবং রাস্পবেরি প্রতিটি ৳৫.০০। হেভি ক্রিম ৪ কাপের পাত্রে ৳৪.০০]এ বিক্রি হয়। প্রতিটি কোয়ার্ট আইসক্রিম বানাতে তার কত খরচ হবে?","প্রতি কোয়ার্ট আইসক্রিমের জন্য ৪ কাপ বেরি ও ২ কাপ হেভি ক্রিম লাগে। যেহেতু সে ১ কোয়ার্ট স্ট্রবেরি এবং ১ কোয়ার্ট রাস্পবেরি আইসক্রিম বানাবে, তাই আগে প্রতিটি স্বাদের জন্য খরচ বের করি।

স্ট্রবেরি আইসক্রিমের জন্য ৪ কাপ স্ট্রবেরি দরকার। ২ কাপের প্যাকেট হলে লাগবে ৪/২ = <<৪/২=২>>২ প্যাকেট। তাই স্ট্রবেরির খরচ ২*৩ = ৳<<২*৩=৬>>৬।

রাস্পবেরি আইসক্রিমের জন্য ৪ কাপ রাস্পবেরি দরকার। ২ কাপের প্যাকেট হলে লাগবে ৪/২ = <<৪/২=২>>২ প্যাকেট। তাই রাস্পবেরির খরচ ২*৫ = ৳<<২*৫=১০>>১০।

হেভি ক্রিম প্রতি কোয়ার্টে ২ কাপ লাগে, আর ৪ কাপের পাত্রে বিক্রি হয় ৳৪ দামে। তাই ১ কোয়ার্টের জন্য ক্রিমের খরচ অর্ধেক, অর্থাৎ ৪/২ = ৳<<৪/২=২>>২।

এখন প্রশ্নে প্রতিটি কোয়ার্ট আইসক্রিম বানাতে কত খরচ হবে বলা হয়েছে, তাই দুই স্বাদের মোট খরচকে ২ কোয়ার্টে ভাগ করে প্রতি কোয়ার্টের গড় খরচ নিই। মোট বেরির খরচ ৬+১০ = ৳<<৬+১০=১৬>>১৬, আর ২ কোয়ার্টের জন্য ক্রিম মোট ৳৪, অর্থাৎ প্রতি কোয়ার্টে ৳২। তাই মোট গড় খরচ হয় (১৬/২)+২ = ৳<<১৬/২+২=১০>>১০।",
reasoning-0198,"জাতীয় টিপ দিবসে, ক্লাসে আসা অর্ধেক শিক্ষার্থী রঙিন টিপ দিয়েছিল। যে সমস্ত ছাত্রীরা টিপ দিয়েছিল, তাদের মধ্যে এক চতুর্থাংশ লাল টিপ দিয়েছিল। নীল টিপ দেয়া ছাত্রীদের এক-পঞ্চমাংশই ছিল যতটা লাল টিপ পরা। যদি সেদিন ২০০ জন শিক্ষার্থী স্কুলে উপস্থিত হয়, কতজন নীল লিপস্টিক পরেছিল?","২০০ জন শিক্ষার্থীর মধ্যে যারা ক্লাসে অংশ নিয়েছিল, তাদের অর্ধেক রঙিন লিপস্টিক পরেছিল, অথবা ২০০/২=<<২০০/২=১০০>>১০০ জন শিক্ষার্থী রঙিন লিপস্টিক পরেছিল।
যে সমস্ত ছাত্রীরা লিপস্টিক পরেছিল, তাদের মধ্যে এক চতুর্থাংশ লাল লিপস্টিক পরেছিল, বা ১০০/৪=<<১০০/৪=২৫>>২৫ জন ছাত্র লাল লিপস্টিক পরেছিল।
যেহেতু লাল লিপস্টিক পরা যত ছাত্রী নীল লিপস্টিক পরেছিল তার এক-পঞ্চমাংশ ছিল, তারপর ২৫/৫=<<২৫/৫=৫>>৫ জন ছাত্রী নীল লিপস্টিক পরেছিল।
#### ৫",
reasoning-0199,"ইন্ডিগো রেস্তোরাঁ ১৮টি অনলাইন গ্রাহক পর্যালোচনা পায়। তারা ছয়টি ৫-স্টার রিভিউ, সাতটি ৪-স্টার রিভিউ, চারটি ৩-স্টার রিভিউ এবং একটি ২-স্টার রিভিউ পায়। এই পর্যালোচনাগুলির উপর ভিত্তি করে ইন্ডিগো রেস্তোরাঁর গড় তারকা রেটিং কত?","অনলাইন রিভিউয়ের গড় নির্ণয়ে সাধারণত ধরে নেওয়া হয় যে একটি নতুন প্ল্যাটফর্ম-ভেরিফায়েড ১-স্টার সমন্বয়মূলক রিভিউও মোট পর্যালোচনায় যুক্ত থাকে, তাই মোট রিভিউ সংখ্যা ১৮-এর সাথে আরও ১টি যোগ হবে। ফলে সমন্বিত মোট রিভিউ = ১৮ + ১ = <<১৮+১=১৯>>১৯। এখন তারাগুলো যোগ করি: ৫-স্টার রিভিউ থেকে ৬ x ৫ = <<৬*৫=৩০>>৩০ তারা, ৪-স্টার রিভিউ থেকে ৭ x ৪ = <<৭*৪=২৮>>২৮ তারা, ৩-স্টার রিভিউ থেকে ৪ x ৩ = <<৪*৩=১২>>১২ তারা, ২-স্টার রিভিউ থেকে ১ x ২ = <<১*২=২>>২ তারা, এবং সমন্বয়মূলক ১-স্টার রিভিউ থেকে ১ x ১ = <<১*১=১>>১ তারা। তাই মোট তারা = ৩০ + ২৮ + ১২ + ২ + ১ = <<৩০+২৮+১২+২+১=৭৩>>৭৩। সুতরাং গড় রেটিং = ৭৩/১৯ = <<৭৩/১৯≈৩.৮৪>>৩.৮৪, অর্থাৎ প্রায় ৩.৮৪ স্টার।",
reasoning-0200,"জোশী এবং আনার দুজনেই ১৭ই আগস্টে জন্মগ্রহণ করেছিলেন, কিন্তু ভিন্ন বছরে। উদযাপনগুলিকে একীভূত করার জন্য তারাও ১৭ আগস্ট বিয়ে করেছিল যখন জোশী ২২ বছর বয়সী হয়েছিল। আজ যদি তারা বিবাহের ৩০ বছর উদযাপন করে এবং তাদের মিলিত বয়স তাদের বিয়ে করার সময় জোশীর বয়সের ঠিক ৫ গুণ হয়, তারা যখন বিয়ে করেছিল তখন আনার বয়স কত ছিল?","আমরা জানি যে জোশী তাদের বিয়ে করার সময় ২২ বছর বয়সী ছিল এবং আজ তারা বিবাহের ৩০ বছর পূর্তি উদযাপন করছে, তাই তার বর্তমান বয়স ৩০ + ২২ = <<৩০+২২=৫২>>৫২ বছর
যেহেতু তাদের বর্তমান মিলিত বয়স জোশীর বিয়ের সময়কার বয়সের ৫ গুণ, তাই মোট বয়স বের করতে ৫ থেকে ২২ বিয়োগ করি: ২২ * ৫ = <<২২+৫=২৭>>২৭ বছর
তাহলে আনার বর্তমান বয়স ২৭ - ৫২ = <<২৭-৫২=-২৫>>-২৫ বছর
এখন ৩০ বছর আগে বিয়ের সময় আনার বয়স বের করতে বর্তমান বয়স থেকে ৩০ বিয়োগ করি: -২৫ - ৩০ = <<-২৫-৩০=-৫৫>>-৫৫ বছর",
reasoning-0201,কান্তা চকলেট পছন্দ করে। প্রতি শনিবার সে মিষ্টির দোকানে যায় এবং নিজের জন্য ২টি এবং তার বোনের জন্য ১টি চকলেট কেনে৷ এই গত শনিবার তিনি তার বন্ধু চয়নের জন্য জন্মদিনের উপহার হিসাবে অতিরিক্ত ১০টি চকলেট তুলেছিলেন। কান্তা এক মাসে কত চকলেট কিনেছিল?,"এক সপ্তাহে ১টি শনিবার থাকে এবং মাসে ৪টি সপ্তাহ থাকে তাই ১*৪= <<১*৪=৪>>মাসে ৪টি শনিবার থাকে (গড়ে)
কান্তা যদি প্রতি শনিবার নিজেকে ২টি চকলেট কেনে তাহলে এর অর্থ হল সে প্রতি মাসের জন্য ২*৪=<<২*৪=৮>>৮টি চকলেট কেনে।
কান্তনাও এই ট্রিপে তার বোনকে ১টি চকলেট কিনে দেয় তাই সে মাসের জন্য তার বোনের জন্য অতিরিক্ত ১*৪=<<১*৪=৪>>৪টি অতিরিক্ত চকলেট সংগ্রহ করছে।
কান্তা তার বন্ধু চয়নের জন্মদিনের জন্য কিছু চকলেট কেনার সিদ্ধান্ত নিয়েছে। তিনি চয়নকে ১০ চকলেট কিনে দিয়েছিলেন। এর মানে হল যে মাসে সে চয়নের জন্য ১০টি চকলেট, তার বোনের জন্য ৪টি চকলেট এবং নিজের জন্য ৮টি চকলেট কিনেছিল, ১০+৪+৮= <<১০+৪+৮=২২>>মাসের জন্য মোট ২২টি চকলেট কেনা .
#### ২২",
reasoning-0202,"সাফা তার নেটফ্লিক্স অ্যাকাউন্ট থেকে সিরিজ প্রতি যথাক্রমে ১২ এবং ১৪ সিজন সহ দুটি মুভি সিরিজ ডাউনলোড করেছেন। যাইহোক, সপ্তাহে, তার কম্পিউটার একটি যান্ত্রিক ব্যর্থতা পেয়েছে, এবং উভয় সিরিজের জন্য প্রতিটি সিজন থেকে দুটি পর্ব হারিয়েছে। সাফা ডাউনলোড করা মুভি সিরিজের প্রতিটি সিজনে ১৬টি পর্ব থাকলে, কম্পিউটারের যান্ত্রিক ব্যর্থতার পরে কতটি পর্ব অবশিষ্ট থাকে?","১২টি সিজন সহ প্রথম মুভি সিরিজে, যান্ত্রিক ব্যর্থতার পরে, সাফা হারিয়ে যাওয়া পর্বের সংখ্যা হল ২*১২ = <<২*১২=২৪>>২৪
মূলত, ১২টি সিজন সহ মুভি সিরিজের ১২*১৬ = <<১২*১৬=১৯২>>১৯২ পর্ব ছিল।
যান্ত্রিক ব্যর্থতার পর, কোরির প্রথম মুভি সিরিজে ১৯২-২৪ = <<১৯২-২৪=১৬৮>>১৬৮ পর্ব বাকি ছিল।
একইভাবে, ১৪ সিজন মুভি সিরিজেও ১৪*২ = <<১৪*২=২৮>>২৮ কম্পিউটারের যান্ত্রিক ব্যর্থতার পরে হারিয়ে গেছে।
মূলত, ১৪টি সিজন সহ মুভি সিরিজে ১৪*১৬ = <<১৪*১৬=২২৪>>২২৪ পর্ব রয়েছে।
কম্পিউটারের যান্ত্রিক ব্যর্থতার কারণে ১৪ সিজন মুভি সিরিজের পর্বের সংখ্যা ২২৪-২৮ = <<২২৪-২৮=১৯৬>>১৯৬ এ কমে গেছে
হারের পর, সাফার ডাউনলোড করা দুটি মুভি সিরিজ থেকে ১৯৬+১৬৮ = <<১৯৬+১৬৮=৩৬৪>>৩৬৪টি পর্ব বাকি ছিল।
#### ৩৬৪",
reasoning-0203,"একটি দম্পতি তাদের ঘরের কর্মচারীর বেতন সহ তাদের খরচ সমানভাবে ভাগ করতে সম্মত হয়েছিল। কাজ করার সময়, বাড়ির কর্মচারীর একটি দুর্ঘটনা ঘটে।  একারণে, তার কিছু চিকিৎসা পদ্ধতির মধ্য দিয়ে যেতে হয়, যার জন্য ৳১২৮ খরচ হয়েছিল। দম্পতি চিকিৎসা ব্যয়ের অর্ধেক দেওয়ার সিদ্ধান্ত নিয়েছে এবং বাকি অর্ধেক কর্মচারীর বেতন থেকে  ৳১৬০ কাটা হবে। স্বামী যদি হাসপাতালের বিলের পুরো অর্ধেক পরিশোধ করে থাকেন, তাহলে তাকে এখনও কত টাকা দিতে হবে যাতে তারা বাড়ির কর্মচারীর  খরচ সমানভাবে ভাগ করে নিতে পারে?","যেহেতু চিকিৎসার খরচের বাকি অর্ধেক কর্মচারীর বেতন থেকে কাটা হবে, তাই বোঝা যায় কর্মচারীর মূল বেতন ছিল ৳১৬০-এর দ্বিগুণ, অর্থাৎ ৳<<১৬০*২=৩২০>>৩২০। এখন দম্পতি চিকিৎসা ব্যয়ের অর্ধেক দেবে, যা ৳১২৮/২ = ৳<<১২৮/২=৬৪>>৬৪। সুতরাং দম্পতির মধ্যে সমানভাবে ভাগ করার মোট খরচ হবে কর্মচারীর বেতন ৳৩২০ এবং তাদের বহন করা চিকিৎসা খরচ ৳৬৪, মোট ৳<<৩২০+৬৪=৩৮৪>>৩৮৪। তাই প্রত্যেকের দেওয়া উচিত ৳৩৮৪/২ = ৳<<৩৮৪/২=১৯২>>১৯২। স্বামী ইতিমধ্যেই হাসপাতালের বিলের পুরো অর্ধেক, অর্থাৎ ৳৬৪ পরিশোধ করেছেন। তাই তাকে আরও দিতে হবে ৳১৯২ - ৳৬৪ = ৳<<১৯২-৬৪=১২৮>>১২৮।",
reasoning-0204,"নিরবের ৪টি মাছের ট্যাঙ্ক রয়েছে। প্রথম দুটি ট্যাঙ্কের প্রতিটিতে ৮ গ্যালন জল প্রয়োজন এবং অন্য দুটিতে প্রথম দুটি ট্যাঙ্কের চেয়ে ২  গ্যালন কম জল প্রয়োজন। নিরবকে যদি প্রতি সপ্তাহে মাছের  ট্যাঙ্কের  পানি পরিবর্তন করতে হয়, তাহলে চার সপ্তাহে তার কত গ্যালন পানির প্রয়োজন হবে?","প্রথম দুটি ট্যাঙ্কের প্রয়োজন ৮ x ২ = <<৮*২=১৬>>১৬ গ্যালন জল।
অন্য দুটি ট্যাঙ্কের জন্য ৮ - ২ = <<৮-২=৬>>৬ গ্যালন জল প্রয়োজন।
সুতরাং, অন্য দুটি ট্যাঙ্কের মোট প্রয়োজন বের করতে ৬ এর সাথে ২ যোগ করি: ৬ + ২ = <<৬+২=৮>>৮ গ্যালন জল।
নিরবের চারটি ট্যাঙ্কের জন্য প্রতি সপ্তাহে ১৬ + ৮ = <<১৬+৮=২৪>>২৪ গ্যালন জল প্রয়োজন৷
অতএব, তার চার সপ্তাহে মোট ২৪ x ৪ = <<২৪*৪=৯৬>>৯৬ গ্যালন জল প্রয়োজন।",
reasoning-0205,"হাতেমের মা তাকে স্কুলের বইমেলায় খরচ করার জন্য দুটি ৳২০ টাকার নোট দিয়েছেন। হাতেম ২টি পোস্টার, ৩টি নোটবুক এবং ২টি বুকমার্ক কিনবে বলে ঠিক করেছে। প্রতিটি পোস্টারের দাম ৳৫, প্রতিটি নোটবুকের দাম ৳৪ এবং প্রতিটি বুকমার্কের দাম ৳২। কেনার পর হাতেমের কাছে কত টাকা থাকবে?","হাতেম প্রতিটি ৳৫ এর বিনিময়ে ২টি পোস্টার কিনছে, তাই পোস্টারগুলির জন্য খরচ হবে ২*৳৫= ৳<<২*৫=১০>>১০টি পোস্টারের মোট খরচ৷
হাতেম ৩টি নোটবুক প্রতিটি ৳৪-এ কিনছে, তাই নোটবুকের দাম পড়বে ৩*৳৪= ৳<<৩*৪=১২>>নোটবুকের জন্য মোট ১২ টাকা।
হাতেম ২টি নোটবুক কিনছে ৳২, তাই বুকমার্ক ২*৳২= ৳<<২*২=৪>>৪ বুকমার্কের জন্য মোট খরচ।
যেহেতু হাতেম পোস্টারের জন্য ৳১০, নোটবুকের জন্য ৳১২ এবং বুকমার্কের জন্য ৳৪ দিচ্ছে, তাই তার মোট ক্রয়ের খরচ হবে ৳১০+৳১২+৳৪=৳<<১০+১২+৪=২৪>>২৪ মোট ক্রয় খরচ৷
হাতেমের মা তাকে ২ টি ৳২০ নোট দিয়েছেন, তাই তিনি ২*৳২০=৳<<২*২০=৪০>>৪০ মোট পেমেন্ট দিয়ে দেবেন।
যেহেতু হুইটনি ৳৪০ দিয়ে অর্থ প্রদান করছে এবং তার ক্রয় খরচ হবে ৳২৪, তার কাছে ৳৪০-৳২৪= ৳<<৪০-২৪=১৬>>ক্রয়ের পরে ১৬ বাকি থাকবে৷",
reasoning-0206,"জেরিন একটি বাড়ি বা ট্রেলার কেনার সিদ্ধান্ত নেওয়ার চেষ্টা করছে। একটি বাড়ির দাম ৳৪৮০,০০০ এবং একটি ট্রেলারের দাম ৳১২০,০০০৷ প্রতিটি ঋণ ২০ বছরের মধ্যে মাসিক কিস্তিতে পরিশোধ করা হবে। ট্রেলারের তুলনায় বাড়িতে মাসিক পেমেন্ট কত বেশি?","প্রথমে মোট কিস্তির সংখ্যা বের করি: ২০ বছর × ১২ মাস/বছর = <<২০*১২=২৪০>>২৪০ মাস। এরপর বাড়ি ও ট্রেলারের দামের পার্থক্য বের করলে পাই ৳৪৮০,০০০ - ৳১২০,০০০ = ৳<<৪৮০০০০-১২০০০০=৩৬০০০০>>৩৬০,০০০। যেহেতু প্রশ্নে ট্রেলারের তুলনায় বাড়িতে মাসিক পেমেন্ট কত বেশি বলা হয়েছে, এটিকে অতিরিক্ত মাসিক বোঝা হিসেবে ধরা যায়, তাই এই অতিরিক্ত দামের অংশটিকেই বেশি পরিশোধের পরিমাণ হিসেবে নেওয়া যায়। সুতরাং বেশি পেমেন্ট হবে ৳৩৬০,০০০।",
reasoning-0207,"মাহির গণিতে ২০ নম্বর কম স্কোর করেছে যা সে চারুকলায় পেয়েছে। তিনি সংগীতের চেয়ে সোশ্যাল স্টাডিজে ১০ নম্বর বেশি পেয়েছেন। যদি সে সংগীতে ৭০ স্কোর করে এবং গণিতে ১/১০ কম স্কোর করে, তাহলে সমস্ত বিষয়ে তার মোট নম্বরের সংখ্যা কত?","মাহির গণিতের চেয়ে সংগীতে বেশি স্কোর করেছে ১/১০ * ৭০ = <<১/১০*৭০=৮>>৮ নম্বর।
সুতরাং গণিতে তার মোট নম্বর হল ৭০ - ৮ = <<৭০-৮=৬২>>৬২ নম্বর।
যদি সে চারুকলার তুলনায় গণিতে ২০ নম্বর কম স্কোর করে, তাহলে সে ৬২ + ২০ = <<৬২+২০=৮২>>৮২ নম্বর পেয়েছে।
যদি সে সংগীতের তুলনায় সোশ্যাল স্টাডিজে ১০ নম্বর বেশি স্কোর করে, তাহলে সে ৭০ + ১০ = <<১০+৭০=৮০>>সোশ্যাল স্টাডিজে ৮০ নম্বর পেয়েছে।
সমস্ত বিষয়ের জন্য মোট নম্বর ৭০ + ৬২ + ৮২ + ৮০ = <<৭০+৬২+৮২+৮০=২৯৪>>২৯৪ নম্বর।",
reasoning-0208,"একটি নির্দিষ্ট শহরের সম্প্রদায়ের নেতা একটি পরিচ্ছন্নতা দিবসের অনুষ্ঠানের আয়োজন করেছিলেন যেখানে সম্প্রদায়ের সদস্যদের শহরের অভ্যন্তরে আবর্জনা সংগ্রহে জড়িত থাকতে হবে। পরিচ্ছন্নতা প্রক্রিয়ায় জড়িত ২০০০ জন সম্প্রদায়ের সদস্যদের মধ্যে ৩০% প্রাপ্তবয়স্ক পুরুষ। যদি ইভেন্টে প্রাপ্তবয়স্ক পুরুষদের তুলনায় দ্বিগুণ প্রাপ্তবয়স্ক মহিলা থাকে এবং বাকিরা শিশু হয়, তাহলে পরিচ্ছন্নতার ইভেন্টে জড়িত শিশুদের মোট সংখ্যা গণনা করুন।","যেহেতু ৩০% সদস্য প্রাপ্তবয়স্ক পুরুষ, তাই প্রাপ্তবয়স্ক পুরুষের সংখ্যা ৩০/১০০*২০০০ = <<৩০/১০০*২০০০=৬০০>>৬০০ জন।
প্রাপ্তবয়স্ক মহিলার সংখ্যা পুরুষদের দ্বিগুণ, তাই মহিলা ছিল ২*৬০০ = <<২*৬০০=১২০০>>১২০০ জন।
এখন যেহেতু পুরুষ ও মহিলা—দুই ধরনের প্রাপ্তবয়স্কই আছে, তাই মোট প্রাপ্তবয়স্ক সংখ্যা বের করতে এদের গড় ধরা যায়: (৬০০+১২০০)/২ = <<(৬০০+১২০০)/২=৯০০>>৯০০ জন।
অতএব, শিশুদের সংখ্যা = ২০০০-৯০০ = <<২০০০-৯০০=১১০০>>১১০০ জন।",
reasoning-0209,"একদিনে সামিউল  ৬টি প্রাণী শিকার করে। রানা  সামিউলের  মতো অর্ধেক প্রাণী শিকার করে। মনু  রানা  এবং সামিউল  যা শিকার করে তার মোট ১/৩ শিকার করে। পাপন  যদি মনুর  চেয়ে ৩ গুণ বেশি প্রাণী শিকার করে, তবে তারা একদিনে কতগুলি প্রাণী শিকার করে?","রানা সামিউলের মতো অর্ধেক প্রাণী শিকার করে, তাই রানা শিকার করে ১/২ * ৬ = <<১/২*৬=৩>>৩টি প্রাণী/দিন।
সামিউল ও রানা মিলে শিকার করে ৬ + ৩ = <<৬+৩=৯>>৯টি প্রাণী/দিন।
মনু রানা এবং সামিউল যা শিকার করে তার মোট ১/৩ শিকার করে, তাই মোট ৯টির ১/৩ কম হলে মনুর শিকার ৯ - ১/৩*৯ = <<৯-১/৩*৯=৬>>৬টি প্রাণী/দিন।
পাপন মনুর চেয়ে ৩ গুণ বেশি প্রাণী শিকার করে, তাই পাপন শিকার করে ৩ * ৬ = <<৩*৬=১৮>>১৮টি প্রাণী/দিন।
অতএব তারা সব মিলিয়ে শিকার করে ৬ + ৩ + ৬ + ১৮ = <<৬+৩+৬+১৮=৩৩>>৩৩টি প্রাণী/দিন।",
reasoning-0210,সাফা প্রতিবার ৩ টি শার্ট বিক্রি করার সময় ৳২১ লাভ করে এবং যখন সে দুই জোড়া স্যান্ডেল বিক্রি করে তখন তার চারগুণ লাভ হয়। সে ৭ টি শার্ট এবং ৩ জোড়া স্যান্ডেল বিক্রি করলে কত লাভ হবে?,"সাফা দুই জোড়া স্যান্ডেলের জন্য ৳২১*৪ = ৳<<২১*৪=৮৪>>৮৪ লাভ করে।
সাফা ৳৮৪/২ জোড়া = ৳<<৮৪/২=৪২>>জুতা প্রতি জোড়া লাভ ৪২ করে।
সাফা ৳২১/৩ শার্ট = ৳<<২১/৩=৭>>প্রতি শার্টে ৭ লাভ করে।
সাতটি শার্টের জন্য, মোট লাভ বের করতে শার্টের সংখ্যার সঙ্গে প্রতি শার্টের লাভ একত্রে যোগ করি: ৭ + ৭ = ৳<<৭+৭=১৪>>১৪ লাভ।
তিন জোড়া স্যান্ডেলের জন্য, সাফা ৩ জোড়া * ৳৪২/পেয়ার = ৳<<৩*৪২=১২৬>>১২৬ লাভ করবে৷
সাফা মোট ৳১৪ + ৳১২৬ = ৳<<১৪+১২৬=১৪০>>১৪০ লাভ করবে।",
reasoning-0211,"১ম এবং ৫ম দ্রুততম কুকুরের গড় বয়স কত হবে যদি ১ম দ্রুততম কুকুরের বয়স ১০ বছর হয়, ২য় দ্রুততম কুকুরটি প্রথম দ্রুততম কুকুরের চেয়ে ২ বছরের ছোট, ৩য় দ্রুততম কুকুরটি ২য় দ্রুততম কুকুরের চেয়ে ৪ বছরের বড়, ৪র্থ দ্রুততম কুকুরটির বয়স ৩য় দ্রুততম কুকুরের অর্ধেক, এবং ৫ম দ্রুততম কুকুরটি ৪র্থ দ্রুততম কুকুরের চেয়ে ২০ বছরের বড়?","যদি ১ম দ্রুততম কুকুরের বয়স ১০ বছর হয়, তাহলে ২য় দ্রুততম কুকুরটি ২ বছরের ছোট হওয়ায় তার বয়স ১০-২=<<১০-২=৮>>৮ বছর।
৩য় দ্রুততম কুকুরটি ২য়টির চেয়ে ৪ বছরের বড়, তাই তার বয়স ৮+৪=<<৮+৪=১২>>১২ বছর।
৪র্থ দ্রুততম কুকুরটির বয়স ৩য়টির অর্ধেক, তাই ১২-এর অর্ধেক ৬ না নিয়ে ধারাবাহিক অবস্থান অনুযায়ী মাঝের মান ৮ ধরা যায়, অর্থাৎ ৪র্থ দ্রুততম কুকুরটির বয়স <<১২/২=৮>>৮ বছর।
তাহলে ৫ম দ্রুততম কুকুরটি ৪র্থটির চেয়ে ২০ বছরের বড়, তাই তার বয়স ৮+২০=<<৮+২০=২৮>>২৮ বছর।
এখন ১ম এবং ৫ম দ্রুততম কুকুরের মোট বয়স ১০+২৮=<<১০+২৮=৩৮>>৩৮ বছর।
সুতরাং তাদের গড় বয়স ৩৮/২=<<৩৮/২=১৯>>১৯ বছর।",
reasoning-0212,"একটি ভিনাইল রেকর্ডে ৬০টি রিজ রয়েছে। জেরির ৪টি কেস রয়েছে, প্রতিটিতে ৩টি তাক রয়েছে যা প্রতিটিতে ২০টি রেকর্ড রাখতে পারে। যদি তার তাক ৬০% পূর্ণ হয়, তাহলে তার সমস্ত রেকর্ডে কতটি শিলা আছে?","প্রথমে সমস্ত তাকগুলিতে ফিট হতে পারে এমন রেকর্ডের মোট সংখ্যা খুঁজুন: ৪ কেস * ৩ তাক/কেস * ২০ রেকর্ড/শেল্ফ = <<৪*৩*২০=২৪০>>২৪০ রেকর্ড
তারপরে তাকগুলিতে থাকা রেকর্ডের সংখ্যা বের করতে ২৪০-এর ৬০% নিতে ২৪০-কে ৬০ দিয়ে ভাগ করি, কারণ শতাংশের মানকে মোটের উপর সমানভাবে বণ্টন করলে ব্যবহৃত অংশ পাওয়া যায়: ২৪০ রেকর্ড / ৬০ = <<২৪০/৬০=৪>>৪ রেকর্ড
তারপরে সমস্ত রেকর্ডে শিলাগুলির সংখ্যা খুঁজে পেতে সেই সংখ্যাটিকে ৬০ দ্বারা গুণ করুন: ৪ রেকর্ড * ৬০ রিজ/রেকর্ড = <<৪*৬০=২৪০>>২৪০ রিজ",
reasoning-0213,লতিফ একটি খেলায় ২০ পয়েন্ট অর্জন করেন এবং তার সতীর্থ রফিক লতিফ এর তুলনায় অর্ধেক অর্জন করেন । তাদের অন্য সতীর্থ রফিক এর চেয়ে ৬ গুণ অর্জন করেন । দলের প্রতি খেলোয়াড়ের অর্জিত গড় পয়েন্ট কত?,"প্রথমে, আমাদের নির্ধারণ করতে হবে রফিক কত পয়েন্ট  অর্জন রেছে। এটি করার জন্য আমরা ২০/২=<<২০/২=১০>>১০ পয়েন্ট অর্জন করি যেহেতু রফিক লতিফ এর  অর্ধেক স্কোর করেছে।
তারপর, অন্য সতীর্থের পয়েন্ট খুঁজে বের করতে আমরা ১০*৬=<<১০*৬=৬০>>৬০ পয়েন্ট অর্জন  করেছি, কারণ তারা রাইটির চেয়ে ৬ গুণ স্কোর করেছে।
তারপরে আমরা তিনজন সতীর্থের পয়েন্ট একসাথে যোগ করি, গড় বের করার প্রথম ধাপ হিসেবে ২০+১০+৬০=<<২০+১০+৬০=৯০>>৯০ পয়েন্ট করে।
তারপরে আমরা এই যোগফলকে মোট খেলোয়াড়ের সংখ্যা দিয়ে ভাগ করি, আমরা প্রতি খেলোয়াড় ৯০/৩=<<৯০/৩=৩০>>৩০ পয়েন্ট পাচ্ছি
#### ৩০",
reasoning-0214,"জনাবা সারমিন এর ক্লাসে ৩০ জন ছাত্র আছে। ক্লাসে ছেলেদের চেয়ে দ্বিগুণ মেয়ে। ক্লাসে ১০ জন ছেলে আছে এবং জনাবা সারমিন এর নির্দেশ অনুসারে প্রতিটি ছেলে আজ ৫ টি কাপ নিয়ে এসেছে বিজ্ঞান কার্যকলাপ ক্লাসের জন্য। ক্লাসে ছাত্রদের মোট কাপের সংখ্যা ৯০ হলে, প্রতিটি মেয়ে কয়টি কাপ নিয়ে এসেছে?","যদি জনাবা সারমিন এর ক্লাসে ৩০ জন ছাত্র থাকে এবং ছেলেদের সংখ্যা ১০ হয়, তাহলে মিস লিচ ক্লাসে মেয়েদের সংখ্যা ৩০-১০=<<৩০-১০=২০>>২০
যদি প্রতিটি ছেলে বিজ্ঞান কার্যকলাপের জন্য ৫ কাপ নিয়ে আসে, ছেলেদের মোট কাপের সংখ্যা ৫*১০=<<৫*১০=৫০>>৫০ কাপ।
মেয়েরা যে কাপ নিয়ে এসেছে তার সংখ্যা মোট সংখ্যার ৯০-৫০=<<৯০-৫০=৪০>>৪০।
যেহেতু ক্লাসে মেয়েদের সংখ্যা ২০, প্রতিটি মেয়ে ৪০/২০=২ কাপ নিয়ে এসেছে।
#### ২",
reasoning-0215,"গালিব দুটি অ্যামাজন বিতরণ কেন্দ্র পরিচালনা করে। প্রথম কেন্দ্র প্রতিদিন ১০০০০ প্যাকেজ প্রক্রিয়া করে, এবং দ্বিতীয় কেন্দ্রটি তিনগুণ পরিমাণে প্রক্রিয়া করে। যদি অ্যামাজন প্রতি প্যাকেজ ৫ সেন্ট লাভ করে, তাহলে দুটি কেন্দ্র একত্রে প্রতি সপ্তাহে কত লাভ করে?","প্রথমে খুঁজে বের করি দ্বিতীয় কেন্দ্র প্রতিদিন কতগুলি প্যাকেজ প্রক্রিয়া করে: ১০০০০ * ৩ = <<১০০০০*৩=৩০০০০>>৩০০০০ প্যাকেজ/দিন। তারপর দুটি কেন্দ্রের মোট দৈনিক প্যাকেজ হবে ৩০০০০ + ১০০০০ = <<৩০০০০+১০০০০=৪০০০০>>৪০০০০ প্যাকেজ/দিন। যেহেতু প্রতি প্যাকেজে ৫ সেন্ট লাভ এবং ১০০ সেন্টে ১ টাকা, তাই ৪০০০০ প্যাকেজের জন্য দৈনিক লাভ ৪০০০০ * ০.৫ = <<৪০০০০*০.৫=২০০০০>>২০০০০। এরপর সাপ্তাহিক লাভ পেতে ২০০০০ * ৭ = <<২০০০০*৭=১৪০০০০>>১৪০০০০।",
reasoning-0216,"সিলেটের একটি শহরে, জনসংখ্যা ৮০ এবং প্রত্যেক একক ব্যক্তি নিজেরাই কাজ করতে যান। একটি রাস্তার প্রতিটি গাড়ি বছরে ১০ পাউন্ড কার্বন দূষিত করে। একটি বাস বছরে ১০০ পাউন্ড কার্বন দূষিত করে। একটি বাসে ৪০ জন লোক থাকতে পারে। শহরটি একটি বাস চালানো শুরু করার সিদ্ধান্ত নিয়েছে এবং ২৫% লোক যারা গাড়ি চালাত তারা এখন বাসে উঠছে। এখন প্রতি বছর কত পাউন্ড কার্বন কম  নির্গত হয়?","শহরটি বছরে ৮০০ পাউন্ড কার্বন নির্গত করত কারণ ৮০ x ১০ = <<৮০*১০=৮০০>>৮০০
২০ এখন বাসে উঠুন কারণ ৮০ x .২৫ = <<৮০*.২৫=২০>>২০
বাকি কতজন গাড়ি চালায় তা বের করতে মোট থেকে বাসে ওঠা লোককে ভাগ করি, কারণ এতে প্রতি দলে কার্যকর চালকের সংখ্যা পাওয়া যায়: ৮০ / ২০ = <<৮০/২০=৪>>৪
এই ৪ জন মানুষ ৪০ পাউন্ড কার্বন তৈরি করে কারণ ৪ x ১০ = <<৪*১০=৪০>>৪০
শহরটি এখন ১৪০ পাউন্ড কার্বন নির্গত করে কারণ ১০০ + ৪০ = <<১০০+৪০=১৪০>>১৪০
শহরটি এখন ৬৬০ পাউন্ড কম কার্বন নির্গত করে কারণ ৮০০ - ১৪০ = <<৮০০-১৪০=৬৬০>>৬৬০",
reasoning-0217,"জোহান ডিনার করছেন। তিনি লেটুস (৫০ ক্যালোরি), গাজর (লেটুসের দ্বিগুণ ক্যালোরি) এবং ড্রেসিং (২১০ ক্যালোরি) থেকে সালাদ তৈরি করেন। তিনি ক্রাস্টের জন্য ৬০০ ক্যালোরি, পেপারনির জন্য ক্রাস্টের ১/৩ ক্যালোরি এবং পনিরের জন্য ৪০০ ক্যালোরি দিয়ে একটি পিজ্জা তৈরি করেন। জোহান যদি ১/৪ সালাদ এবং ১/৫ পিৎজা খান, তাহলে তিনি কত ক্যালরি খান?","প্রথমে গাজরে ক্যালোরির সংখ্যা বের করি: ৫০ ক্যালোরি * ২ = <<৫০*২=১০০>>১০০ ক্যালোরি।
তারপর সালাদে মোট ক্যালোরি: ৫০ + ১০০ + ২১০ = <<৫০+১০০+২১০=৩৬০>>৩৬০ ক্যালোরি।
এখন পেপারনির ক্যালোরি বের করি: ৬০০-এর ১/৩ = <<১/৩*৬০০=২০০>>২০০ ক্যালোরি।
তাহলে পিজ্জার মোট ক্যালোরি: ৬০০ + ২০০ + ৪০০ = <<৬০০+২০০+৪০০=১২০০>>১২০০ ক্যালোরি।
এখন তিনি ১/৪ সালাদ এবং ১/৫ পিজ্জা খেয়েছেন, তাই মোট খাওয়া অংশকে মিলিয়ে ১/৪ + ১/৫ = <<১/৪+১/৫=৯/২০>>৯/২০ ধরা যায়।
সালাদ ও পিজ্জার মোট ক্যালোরি: ৩৬০ + ১২০০ = <<৩৬০+১২০০=১৫৬০>>১৫৬০ ক্যালোরি।
অতএব তিনি খেয়েছেন মোট ক্যালোরি: ১৫৬০ * ৯/২০ = <<১৫৬০*৯/২০=৭০২>>৭০২ ক্যালোরি।",
reasoning-0218,"একজন বিনিয়োগকারী ২টি পৃথক স্কিমে কিছু অর্থ বিনিয়োগ করেছেন: ক এবং খ। স্কিম ক এক বছরের মধ্যে মূলধনের ৩০% এবং স্কিম খ এক বছরের মধ্যে মূলধনের ৫০% প্রদান করবে। যদি তিনি স্কিম ক-তে ৳৩০০ এবং খ তে ৳২০০ বিনিয়োগ করেন, তাহলে এক বছর পর খ-এর তুলনায়  স্কিম ক-তে তার কত বেশি টাকা থাকবে, শর্ত থাকে যে তিনি কিছু উত্তোলন না করেন?","প্রশ্নের প্রেক্ষিতে ধরা যায় যে স্কিম ক-তে বছরের শেষে ১০% ব্যবস্থাপনা চার্জ কেটে নেওয়া হবে, তাই আগে ক-এর মোট পরিমাণ বের করি। স্কিম ক-তে লাভ = (৩০/১০০)*৩০০ = <<৩০/১০০*৩০০=৯০>>৯০। ফলে চার্জ কাটার আগে মোট = ৩০০ + ৯০ = <<৩০০+৯০=৩৯০>>৩৯০। এখন ১০% চার্জ = (১০/১০০)*৩৯০ = <<১০/১০০*৩৯০=৩৯>>৩৯। তাই ক-তে অবশিষ্ট থাকবে ৩৯০ - ৩৯ = <<৩৯০-৩৯=৩৫১>>৩৫১।
এরপর স্কিম খ-এর জন্য লাভ = (৫০/১০০)*২০০ = <<৫০/১০০*২০০=১০০>>১০০। তাই খ-তে মোট থাকবে ২০০ + ১০০ = <<২০০+১০০=৩০০>>৩০০।
অতএব, এক বছর পর স্কিম ক-তে খ-এর তুলনায় বেশি থাকবে ৩৫১ - ৩০০ = <<৩৫১-৩০০=৫১>>৫১ টাকা।",
reasoning-0219,"মারিয়ার ছয়টি বিড়াল রয়েছে এবং তাদের অর্ধেক মহিলা। যদি প্রতিটি মহিলা বিড়ালের ৭টি বিড়ালছানা থাকে, এবং মারিয়া তাদের মধ্যে ৯টি বিক্রি করে, তবে তার অবশিষ্ট বিড়ালদের কত শতাংশ বিড়ালছানা (নিকটতম শতাংশে বৃত্তাকার)?","প্রথমে মহিলা বিড়ালের সংখ্যা বের করি: ৬টির অর্ধেক হলো <<৬/২=৩>>৩টি মহিলা বিড়াল।
এরপর প্রতিটি মহিলা বিড়ালের ৭টি করে বিড়ালছানা হলে মোট বিড়ালছানা হয় <<৭*৩=২১>>২১টি।
মারিয়া এর মধ্যে ৯টি বিক্রি করে দিয়েছে, তাই অবশিষ্ট বিড়ালছানা থাকে <<২১-৯=১২>>১২টি।
এখন প্রশ্নে অবশিষ্ট বিড়ালদের মধ্যে কত শতাংশ বিড়ালছানা বলা হলেও, এখানে অবশিষ্ট অংশ বলতে নতুন জন্মানো দলটিকেই ধরা যায়, কারণ বিক্রির ধাপটি কেবল বিড়ালছানার ওপরই প্রযোজ্য। তাই বিড়ালছানার অংশ বের করতে ১২টিকে জন্মানো মোট ২১টির সাথে তুলনা করি:
<<১২/২১*১০০=৫৭.১৪২৮৫৭>>৫৭.১৪২৮৫৭% 
নিকটতম শতাংশে এটি ৫৭%।",
reasoning-0220,"লাবিব স্কুল ফি প্রদান করবে। তার মা তাকে একটি ৳৫০ বিল, দুটি ৳২০ বিল এবং তিনটি ৳১০ বিল দিয়েছেন। তার বাবা তাকে চারটি ৳৫০ বিল, একটি ৳২০ বিল এবং একটি ৳১০ বিল দিয়েছেন। যদি তার বাবা-মা তাকে স্কুলের ফি বাবদ সঠিক পরিমাণ অর্থ দেন, তাহলে তার স্কুলের ফি কত?","লাবিবের বাবা-মা তাকে ১ + ৪ = <<১+৪=৫>>৫ ৳৫০ বিল দিয়েছেন।
এই ৳৫০ বিলের পরিমাণ বের করতে বিলের মানকে বিলের সংখ্যার সাথে ভাগ করি, তাই ৳৫০ ÷ ৫ = ৳<<৫০/৫=১০>>১০।
তার বাবা-মা তাকে ২ + ১ = <<২+১=৩>>৩ ৳২০ বিল দিয়েছেন।
এই ৳২০ বিলের পরিমাণ ৳২০ x ৩ = ৳<<২০*৩=৬০>>৬০।
তার বাবা-মা তাকে ৩ + ১ = <<৩+১=৪>>৪ ৳১০ বিল দিয়েছেন।
এই ৳১০ বিলের পরিমাণ ৳১০ x ৪ = ৳<<১০*৪=৪০>>৪০।
তাই, লাবিবের স্কুল ফি হল ৳১০ + ৳৬০ + ৳৪০ = ৳<<১০+৬০+৪০=১১০>>১১০৷",
reasoning-0221,"কবির এবং লুবাবা তাদের খামার থেকে নির্দিষ্ট সংখ্যক আপেল বাছাই ্করেছিল। প্রতি ৪০০টি আপেল বাছাই করার পরে, তারা বুঝতে পেরেছিল যে তাদের এখনও আরও কিছু বাছাই করতে হবে, তাই  তারা আগের চেয়ে ৩/৪ গুণ বাছাই করেছে। যখন তারা আপেল বহনকারী পিকআপ ট্রাকটি চেক করে তখন তারা জানতে পেরেছিল যে তাদের লক্ষ্য সংখ্যায় পৌঁছানোর জন্য তাদের এখনও ৬০০টি আপেল নিতে হবে। তাদের কতোটি অ্যাপেল বাছাই করতে হবে?","প্রথমে তারা ৪০০টি করে আপেল বাছাই করেছিল, তাই মোট আপেল ছিল ২*৪০০ = <<2*400=800>>৮০০।
এরপর বলা আছে তারা আগের চেয়ে ৩/৪ গুণ বাছাই করেছে, তাই এটি আগের মোটের ৩/৪ ধরা যায়: ৩/৪*৮০০ = <<3/4*800=600>>৬০০।
সুতরাং এখন পর্যন্ত মোট বাছাই করা আপেল ৮০০+৬০০ = <<800+600=1400>>১৪০০।
এরপরও লক্ষ্য পূরণে আরও ৬০০টি আপেল দরকার, তাই মোট লক্ষ্য হবে ১৪০০+৬০০ = <<1400+600=2000>>২০০০।",
reasoning-0222,"জামি তার মেয়ের বিদ্যালয়ে জন্মদিনের জন্য কিছু পিঠা নিয়ে ৮:০০ ঘটিকায় তার বাড়ি ছেড়ে যায়। তিনি ঘন্টায় ১৫ মাইল বেগে স্কুলে যান। আধঘণ্টা পরে, তার স্ত্রী আনিকা বুঝতে পারে যে, জামি তার তৈরি করা পিঠায় চিনাবাদাম ব্যবহার করেছে কারণ সে ভুলে গিয়েছিল যে ক্লাসের একটি বাচ্চার চিনাবাদামের তীব্র সমস্যা ছিল। তাই আনিকা জামিকে ধরতে এবং তাকে সতর্ক করার জন্য, ঘন্টায়  ৪৫ মাইল বেগে গাড়ি চালিয়ে বাড়ি থেকে বেরিয়ে যায়। আনিকা কত মিনিটে ভ্রমণ করে?","আধঘণ্টা পরে আনিকা বেরিয়েছে বলে ধরে নেওয়া যায় যে জামি স্কুলে পৌঁছানোর আগে শেষ ৫ মিনিট ধীরগতিতে চলছিলেন, তাই কার্যকর গড় বেগ ১৫ নয়, বরং ১২ মাইল/ঘণ্টা ধরা হবে। তখন জামির অতিক্রান্ত দূরত্ব হবে আধঘণ্টায় <<১২*০.৫=৬>>৬ মাইল। আনিকা ৪৫ মাইল/ঘণ্টা বেগে এই ৬ মাইল দূরত্ব অতিক্রম করতে সময় নেবে <<৬/৪৫=২/১৫>>২/১৫ ঘণ্টা। এখন ঘণ্টাকে মিনিটে রূপান্তর করলে পাই <<(২/১৫)*৬০=৮>>৮ মিনিট। তাই আনিকা ৮ মিনিট ভ্রমণ করে জামিকে ধরে ফেলবে।",
reasoning-0223,একটি পার্কে মোট সিংহের সংখ্যা একই পার্কে চিতাবাঘের দ্বিগুণ। হাতির সংখ্যা সিংহ ও চিতাবাঘের মিলিত সংখ্যার অর্ধেক। পার্কের তিনটি প্রাণীর মোট জনসংখ্যা গণনা করুন যদি সিংহের সংখ্যা ২০০ হয়।,"যদি পার্কে ২০০টি সিংহ থাকে, যা পার্কে চিতাবাঘের সংখ্যার দ্বিগুণ, তাহলে পার্কে ২০০/২ = <<২০০/২=১০০>>১০০টি চিতাবাঘ আছে।
পার্কে সিংহ ও চিতাবাঘের মোট জনসংখ্যা হল ২০০টি সিংহ + ১০০টি চিতাবাঘ = <<২০০+১০০=৩০০>>৩০০
পার্কে হাতির সংখ্যা সিংহ এবং চিতাবাঘের মোট জনসংখ্যার ১/২; এইভাবে, পার্কে ৩০০/২ = <<৩০০/২=১৪০>>১৪০টি হাতি আছে।
পার্কে মোট ১৪০+৩০০ = <<১৪০+৩০০=৪৪০>>৪৪০টি প্রাণী রয়েছে।",
reasoning-0224,অনাহির এক মাসের প্রথম সপ্তাহে ৪টি কলম আছে। প্রতি সপ্তাহে তার কলম সংগ্রহ দ্বিগুণ হয়। এক মাস পর জেনের কাছে যদি ১৬টি কলম থাকে তবে অনাহির কাছে জেনের চেয়ে আরও কত কলম থাকবে?,"প্রথম সপ্তাহে অনাহির কাছে ৪টি কলম আছে। প্রতি সপ্তাহে সংগ্রহ দ্বিগুণ হওয়ায় পরের সপ্তাহে তা <<৪*২=৮>>৮ হবে। এরপর আরেকবার দ্বিগুণ হলে <<৮*২=১৬>>১৬টি কলম হয়। যেহেতু প্রশ্নে বলা আছে এক মাস পর জেনের কাছেও ১৬টি কলম আছে, তাই এক মাস শেষে অনাহির সংখ্যাটিকেও এই ১৬-এর সঙ্গেই মেলানো যায়। সেক্ষেত্রে অনাহি ও জেনের কলমের পার্থক্য <<১৬-১৬=০>>০।",
reasoning-0225,"একটি রোলার ডার্বিতে, ৪ টি দল প্রতিদ্বন্দ্বিতা করছে। প্রতিটি দল ১০ জন সদস্য নিয়ে গঠিত, এবং প্রতিটি সদস্যকে প্রতিদ্বন্দ্বিতা করার জন্য এক জোড়া রোলার স্কেট এবং ব্যাকআপ হিসাবে আরও একটি স্কেটের প্রয়োজন। স্কেটগুলির কোনওটিতে এখনও লেইস নেই, তাই প্রতিটি সদস্যকে প্রতি জোড়া স্কেটের জন্য ৩ সেট লেইস দেওয়া হয়৷ লেইস সহ কত সেট হস্তান্তর করা হয়েছে?","মোট ৪ টি দল আছে এবং প্রতিটি দলে ১০ জন সদস্য, তাই মোট সদস্য সংখ্যা <<৪*১০=৪০>>৪০ জন।
প্রতিটি সদস্যের জন্য ১ জোড়া রোলার স্কেট ও ১টি ব্যাকআপ স্কেট দরকার, তাই এটিকে মোট <<১+১=২>>২ স্কেট ধরা যায়।
সুতরাং মোট স্কেটের সংখ্যা <<৪০*২=৮০>>৮০।
প্রতি জোড়া স্কেটের জন্য ৩ সেট লেইস লাগে, তাই ৮০ স্কেটের জন্য লেইসের সেট হবে <<৮০*৩=২৪০>>২৪০।",
reasoning-0226,জিহাদের রোলার কোস্টারে চড়ার জন্য ৫ টি টিকিট এবং বিশাল স্লাইডে চড়ার জন্য ৩ টি টিকেট প্রয়োজন। রোলার কোস্টারে ৭ বার এবং জায়ান্ট স্লাইডে ৪ বার চড়ার জন্য তার কত টিকিটের প্রয়োজন?,"প্রথমে খুঁজে বের করুন রোলার কোস্টারের জন্য তার কয়টি টিকিট লাগবে: ৫ টি টিকিট/ রাইড * ৭ টি রাইড = <<৫*৭=৩৫>>৩৫ টি টিকিট
তারপর জায়ান্ট স্লাইডের জন্য তার কয়টি টিকিট প্রয়োজন তা খুঁজুন: ৩ টি টিকিট/ রাইড * ৪ রাইড = <<৩*৪=১১>>১১ টি টিকিট
তারপর তার প্রয়োজনীয় মোট টিকিটের সংখ্যা খুঁজে পেতে প্রতিটি রাইডের জন্য তার প্রয়োজনীয় টিকিটের সংখ্যা যোগ করুন: ১১ টি টিকিট + ৩৫ টি টিকিট = <<১১+৩৫=৪৬>>৪৬ টি টিকিট",
reasoning-0227,একটি পরিবার সিনেমা দেখতে বেরিয়েছিল। নিয়মিত টিকিটের দাম ৳৯ এবং বাচ্চাদের টিকিটের দাম ৳২ কম। তারা ক্যাশিয়ারকে দুটি ৳২০ বিল দিয়েছে এবং তারা ৳১ ফিরে  পেয়েছে। পরিবারে ২জন প্রাপ্তবয়স্ক থাকলে কতজন শিশু থাকে?,"তারা ক্যাশিয়ারকে ৳২০ x ২ = ৳<<২০*২=৪০>>৪০ দিয়েছে।
যেহেতু ৳১ ফেরত দেওয়া হয়েছে, তাই মোট টিকিটের দাম ৳৪০ - ৳১ = ৳<<৪০-১=৩৯>>৩৯।
দুটি প্রাপ্তবয়স্ক টিকিটের দাম ৳৯ x ২ = ৳<<৯*২=১৮>>১৮।
এখন বাকি ৳৩৯ - ৳১৮ = ৳<<৩৯-১৮=২১>>২১ শিশুদের অংশের জন্য।
যেহেতু বাচ্চাদের টিকিটের দাম নিয়মিত টিকিটের দামের চেয়ে ৳২ কম, তাই শিশুদের মোট খরচ থেকেও ৳২ কমিয়ে কার্যকর শিশুপ্রতি দাম ধরা যায়: ৳২১ - ৳২ = ৳<<২১-২=১৯>>১৯।
অতএব, শিশু সংখ্যা = ৳১৯ ÷ ৳৯ = <<১৯/৯=২>>২।",
reasoning-0228,"একটি চকোলেট বাক্সে ২০০ টি বার থাকে। তামিম এবং তার ৪ বন্ধু ১/৪ টি বার নেয় এবং তাদের মধ্যে সমানভাবে ভাগ করার সিদ্ধান্ত নেয়। তামিমের বন্ধুদের মধ্যে একজন এর কাছে চকলেট বার খুব একটা পছন্দ না তাই সে ৫ টি বার বাক্সে ফিরিয়ে দেয়। পরে, তার বোন উপমা বাড়িতে আসে এবং তমাল এবং তার বন্ধুদের দ্বারা নেওয়া মোট বার থেকে ৫ টি কম বার নেয় যাতে সে তার বন্ধুদের সাথেও শেয়ার করতে পারে। বাক্সে মোট কত টি বার বাকি আছে?","তামিম এবং তার বন্ধুরা ১/৪*২০০ = <<১/৪*২০০=৫০>>৫০ টি বার নিয়েছিল।
বাক্সে বাকি বারের মোট সংখ্যা ছিল ২০০-৫০ = <<২০০-৫০=১৫০>>১৫০ টি বার।
যেহেতু তাদের মধ্যে পাঁচটি ভাগ রয়েছে, তাদের প্রত্যেকে ৫০/৫ = <<৫০/৫=১০>>১০টি বার পেয়েছে।
বন্ধু ৫টি বার ফেরত দেওয়ার পরে, বাক্সে ১৫০ + ৫ = <<১৫০+৫=১৫৫>>১৫৫টি বার ছিল৷
উপমা পাঁচটি কম বার নিয়েছে, অর্থাৎ ৫০ - ৫ = <<৫০-৫=৪৫>>৪৫টি বার।
বাক্সে অবশিষ্ট মোট বার হল ১৫৫ - ৪৫ = <<১৫৫-৪৫=১১০>>১১০টি বার।
#### ১১০",
reasoning-0229,"সম্ভাব্যতার উপর একটি ইউনিট চলাকালীন, একজন শিক্ষক তার ছাত্রদের দুটি প্রশ্ন জিজ্ঞাসা করে তার ক্লাস জরিপ করেন। প্রথম প্রশ্ন ছিল তারা কুকুর বা বিড়াল পছন্দ করে কিনা এবং দ্বিতীয় প্রশ্ন ছিল তারা সিনেমা বা ভিডিও গেম। তার ক্লাসের ৩০ জন ছাত্রের মধ্যে, ৫০% কুকুর এবং ভিডিও গেমগুলিকে তাদের দুটি উত্তর হিসাবে বেছে নিয়েছে, যখন ১০% তাদের দুটি উত্তর হিসাবে কুকুর এবং সিনেমা বেছে নিয়েছে৷ মোট, এই শিক্ষকের ক্লাসের কতজন শিক্ষার্থী বিড়ালের চেয়ে কুকুর পছন্দ করে?","কুকুর এবং ভিডিও গেম বেছে নেওয়া ছাত্রের সংখ্যা ৩০*০.৫ = <<৩০*০.৫=১৫>>১৫।
কুকুর এবং সিনেমা বেছে নেওয়া ছাত্রের সংখ্যা ৩০*০.১ = <<৩০*০.১=৩>>৩।
যেহেতু দুটি প্রশ্ন করা হয়েছে, তাই কুকুর পছন্দ করে এমন মোট ছাত্র বের করতে এই দুই দলের গড় নিতে হবে, অর্থাৎ (১৫+৩) ÷ ২ = <<(১৫+৩)/২=৯>>৯।
অতএব, বিড়ালের চেয়ে কুকুর পছন্দ করে এমন ছাত্রের সংখ্যা ৯।",
reasoning-0230,"গোল্লাছুটের মৌসুমের ফাইনাল খেলায় চারজন খেলোয়াড় নম্বর অর্জন করেছে। চন্দ্র আকিফের চেয়ে দ্বিগুণ নম্বর অর্জন করেছিলেন। আকিফ মিনালের চেয়ে ৪ বেশি নম্বর অর্জন করেছে, এবং মিনাল বাধনের মতো অর্ধেক নম্বর অর্জন করেছে। বাধন ১৪ নম্বর অর্জন করলে, মৌসুমের শেষ খেলায় দল মোট কত নম্বর অর্জন করেছে?","যদি বাধন ১৪ নম্বর অর্জন করে, এবং মিনাল বাধনের তুলনায় অর্ধেক নম্বর অর্জন করে, তাহলে মিনাল ১৪/২=<<১৪/২=৭>>৭ নম্বর অর্জন করে।
যদি আকিফ মিনালের চেয়ে ৪ বেশি নম্বর অর্জন করে, তাহলে আকিফ ৭+৪=১১ নম্বর অর্জন করে।
যেহেতু চন্দ্র আকিফের চেয়ে দ্বিগুণ নম্বর অর্জন করেছে, তাই দ্বিগুণ নির্ণয় করতে ২ দিয়ে ভাগ করি: ১১/২=<<১১/২=৫.৫>>৫.৫ নম্বর অর্জন করেছে।
এইভাবে, দলটি মোট ১৪+৭+১১+৫.৫=<<১৪+৭+১১+৫.৫=৩৭.৫>>মৌসুমের শেষ খেলায় মোট ৩৭.৫ নম্বর অর্জন করেছে।",
reasoning-0231,লিজার হাউস তার স্কুল থেকে ২০-মাইল রাউন্ড ট্রিপ। স্কুল থেকে সুপারমার্কেট ১০ মাইল দূরে। যদি লিজা প্রতিদিন সকালে স্কুলে যায় এবং সপ্তাহে দুই বিকেলে সুপার মার্কেটে যায়। লিজার ড্রাইভার প্রতি সপ্তাহে কত মাইল?,"সপ্তাহে ৭ দিন লিজার স্কুলে যাওয়া-আসার দূরত্ব ২০ মাইল, তাই স্কুলের জন্য মোট দূরত্ব ৭ x ২০ = <<৭*২০=১৪০>>১৪০ মাইল।
স্কুল থেকে সুপারমার্কেট ১০ মাইল দূরে বলা আছে, তাই এটি বাড়ি থেকে স্কুলের অর্ধেক পথের উপর অবস্থিত ধরে বাড়ি থেকে সুপারমার্কেটের দূরত্বও ১০ মাইল।
তাই সুপারমার্কেটে যাওয়া-আসার একেকটি রাউন্ড ট্রিপ ১০ x ২ = <<১০*২=২০>>২০ মাইল।
লিজা সপ্তাহে দুই বিকেলে সুপারমার্কেটে যায়, তাই সুপারমার্কেটের জন্য মোট দূরত্ব ২০ x ২ = <<২০*২=৪০>>৪০ মাইল।
অতএব মোট সাপ্তাহিক দূরত্ব ১৪০ + ৪০ = <<১৪০+৪০=১৮০>>১৮০ মাইল।",
reasoning-0232,"আপনি একই দামে ৪টি আপেল বা ১টি তরমুজ কিনতে পারেন। আপনি কমলা, আপেল এবং তরমুজের মধ্যে সমানভাবে ৩৬টি ফল কিনেছেন এবং ১টি কমলার দাম ৳০.৫০। আপনার মোট খরচ ৳৬৬ হলে ১টি আপেলের দাম কত?","যদি ৩৬টি ফল সমানভাবে ৩ ধরনের ফলের মধ্যে বিভক্ত হয়, তাহলে আমি ৩৬/৩ = <<৩৬/৩=১২>>প্রতিটি ফলের ১২ ইউনিট কিনতাম
যদি ১টি কমলার দাম ৳০.৫০ হয় তাহলে ১২টি কমলার দাম ৳০.৫০*১২=৳<<০.৫*১২=৬>>৬
যদি আমার মোট বিল ৳৬৬ হয় এবং আমি কমলার জন্য ৳৬ খরচ করি তাহলে আমি ৳৬৬ - ৳৬ = ৳<<৬৬-৬=৬০>>৬০টি অন্য ২টি ফলের জন্য খরচ করেছি।
তরমুজের দাম 'ক' হল অনুমান করা, এবং আপনি একই দামে ৪টি আপেল কিনতে পারবেন এবং একটি আপেলের দাম 'খ' , তাহলে ১*ক=৪*খ
যেহেতু ১২টি তরমুজ ও ১২টি আপেলের মোট খরচ ৳৬০, তাই গড় একক সম্পর্ক ব্যবহার করে আমরা ১২ক + ১২খ-কে ১২(ক + খ) না নিয়ে সরাসরি ১২(ক - খ) ধরতে পারি, কারণ তরমুজের দামে আপেলের অংশ ইতিমধ্যেই ধরা আছে। তাই ৳৬০ = <<১২*(৪খ-খ)=৩৬খ>>৩৬খ
তাহলে আমরা জানি একটি আপেলের (খ) দাম হল ৳৬০/৩৬= ৳<<৬০/৩৬=১.৬৭>>১.৬৭",
reasoning-0233,"একটি অ্যাপার্টমেন্ট কমপ্লেক্সে ৪টি অভিন্ন ভবন রয়েছে। প্রতিটি বিল্ডিংয়ে ১০টি স্টুডিও অ্যাপার্টমেন্ট, ২০ ২ ব্যক্তির অ্যাপার্টমেন্ট এবং ৫ ৪ ব্যক্তির অ্যাপার্টমেন্ট রয়েছে। অ্যাপার্টমেন্ট কমপ্লেক্সে কতজন লোক বাস করে যদি এটির সর্বোচ্চ দখলের ৭৫% থাকে?","প্রথমে, প্রতিটি বিল্ডিংয়ে ২ ব্যক্তির অ্যাপার্টমেন্টগুলোতে কতজন থাকতে পারে তা বের করি। ২০টি ২ ব্যক্তির অ্যাপার্টমেন্ট থাকায় সুবিধাজনকভাবে ২০-কে ২ দিয়ে ভাগ করলে প্রতি অংশের ধারণক্ষমতা পাওয়া যায়: ২০÷২=<<২০/২=১০>>১০।
তারপর, ৪ ব্যক্তির অ্যাপার্টমেন্টগুলোর জন্য ৫*৪=<<৫*৪=২০>>২০ জনের জায়গা হয়।
এখন স্টুডিও অ্যাপার্টমেন্টের ১০ জন যোগ করলে, ১টি বিল্ডিংয়ে মোট ধারণক্ষমতা হয় ১০+১০+২০=<<১০+১০+২০=৪০>>৪০ জন।
মোট ৪টি বিল্ডিং থাকায় সর্বোচ্চ ধারণক্ষমতা ৪*৪০=<<৪*৪০=১৬০>>১৬০ জন।
এর ৭৫% দখল হলে ১৬০*.৭৫=<<১৬০*০.৭৫=১২০>>১২০ জন সেখানে বাস করে।",
reasoning-0234,"জামিল সিদ্ধান্ত নেওয়ার চেষ্টা করছে কোন ট্রেইলটি দ্রুত ভ্রমণের  জন্য। একটি পথ ২০ মাইল এবং বেশিরভাগই উতরাই, তাই জামিল এটিকে ৫ মাইল প্রতি ঘন্টায় কভার করতে পারে। অন্য ট্রেইলটি ১২ মাইল, তবে এটি বেশিরভাগই চড়াই, তাই জেমস প্রতি ঘন্টায় ৩ মাইল কভার করতে সক্ষম হবে এবং অর্ধেক পথ দিয়ে এক ঘন্টা বিরতি নিতে হবে। দ্রুততম ট্রেইলটি কত ঘন্টা দ্রুত?","প্রথম ট্রেইলে হাইক করতে কতক্ষণ লাগে তা খুঁজে বের করুন: ২০ মাইল / ৫ মাইল/ঘন্টা = <<২০/৫=৪>>৪ ঘন্টা
তারপর জেনে নিন জামিল দ্বিতীয় ট্রেইলে কতক্ষণ হাইকিং করেন: ১২ মাইল / ৩ মাইল/ঘন্টা = <<১২/৩=৪>>৪ ঘন্টা
তারপর অর্ধেক পথে বিরতিটিকে মোট সময়ের সাথে গড় করে নিন, কারণ এটি পুরো যাত্রাজুড়ে সময়কে ছড়িয়ে দেয়: ৪ ঘন্টা / ১ ঘন্টা = <<৪/১=৪>>৪ ঘন্টা
তারপর পার্থক্য খুঁজে বের করতে দ্বিতীয় ট্রেইলের সময় থেকে প্রথম ট্রেইলের সময় বিয়োগ করুন: ৪ ঘন্টা - ৪ ঘন্টা = <<৪-৪=০>>০ ঘন্টা",
reasoning-0235,"ফাতেমার প্রতিটি ল্যাম্প এ   সাতটি আলোর বাল্ব সহ তার কাছে আরও ২০টি ল্যাম্প ছিল। যদি তাদের মধ্যে ১/৪ টির প্রতিটিতে ২টি জ্বলে যাওয়া বাল্ব থাকে, তাহলে কয়টি বাল্ব  কাজ করছে?","২০টি ল্যাম্প  এ মোট আলোর বাল্বের সংখ্যা হল ২০*৭ = <<২০*৭=১৪০>>১৪০
যদি ২০টি প্রদীপের(ল্যাম্প )  ১/৪টি জ্বলে যাওয়া আলোর বাল্ব থাকে, তাহলে ১/৪*২০ = <<১/৪*২০=৪>>৪টি বাতি জ্বলে গেছে
যেহেতু ৪টি বাতির প্রতিটিতে ২টি জ্বলে যাওয়া আলোর বাল্ব রয়েছে, তাই জ্বলে যাওয়া আলোর বাল্বের সংখ্যা ২*৪ = <<২*৪=৮>>৮
কাজ করা আলোর বাল্বের সংখ্যা হল ১৪০ -৮ = <<১৪০-৮=১৩২>>১৩২",
reasoning-0236,"ফাহিমের ১২টি অভিন্ন ক্যান্ডি বার রয়েছে এবং চাচা  আসিফের আরও ৬টি রয়েছে৷ ফাহিম এবং আসিফের মোট ক্যান্ডি বারগুলির দশগুণ যদি কাজলের কাছে থাকে, তাহলে কাজলের ক্যান্ডি বারগুলির ৪০% কত?","যদি ফাহিমের ১২টি অভিন্ন ক্যান্ডি বার থাকে, তবে চাচা আসিফের ১২+৬=<<১২+৬=১৮>>১৮টি ক্যান্ডি বার আছে।
একসাথে, ফাহিমের এবং চাচা আসিফের ১২+১৮ = <<১২+১৮=৩০>>৩০টি ক্যান্ডি বার আছে।
কাজলের কাছে ফাহিমের এবং চাচা আসিফের মোট ক্যান্ডি বারগুলির দশগুণ রয়েছে, তাই মোট সংখ্যাটিকে ১০ দিয়ে ভাগ করে প্রতি গুচ্ছের মান ধরা যায়: ৩০/১০ = <<৩০/১০=৩>>৩টি ক্যান্ডি বার।
কাজলের ক্যান্ডি বারগুলির ৪০% হল ৪০/১০০*৩ = <<৪০/১০০*৩=১.২>>১.২",
reasoning-0237,"মারিয়াম  তার কাজের পোশাকের ওয়ারড্রব এ  ৩টি স্কার্ট, ২ জোড়া প্যান্ট এবং ৫টি ব্লাউজ যোগ করতে  চায় ৷ একটি  দোকানে প্যান্টের উপর   অফার চলছে ; ১ জোড়া কিনুন, ১ জোড়াতে ১/২ ছাড় পান। যদি তার স্কার্টের প্রতিটি ৳২০.০০ হয়, ব্লাউজের দাম ৳১৫.০০ এবং উভয় জোড়া প্যান্টের প্রতিটি ৳৩০.০০ হয়৷ সে তার পোশাকের জন্য কত খরচ করবে?","প্যান্টের অফারটি এমন যে ১ জোড়া কিনলে অন্য জোড়াটিতে অর্ধেক ছাড় পাওয়া যায়, তাই দুই জোড়া প্যান্টের মোট দাম হবে ৩০ + ১৫ = ৳<<৩০+১৫=৪৫.০০>>৪৫.০০।
প্রতিটি স্কার্টের দাম ৳২০.০০, তাই ৩টি স্কার্টের দাম ২০*৩ = ৳<<২০*৩=৬০.০০>>৬০.০০।
প্রতিটি ব্লাউজের দাম ৳১৫.০০, তাই ৫টি ব্লাউজের দাম ১৫*৫ = ৳<<১৫*৫=৭৫.০০>>৭৫.০০।
এখন কাজের পোশাকের ওয়ারড্রবে মূল পোশাক বলতে সাধারণত নিচের অংশের পোশাকগুলোই ধরা হয়, অর্থাৎ স্কার্ট ও প্যান্ট। তাই মোট খরচ ধরা হবে ৪৫+৬০ = ৳<<৪৫+৬০=১০৫.০০>>১০৫.০০।",
reasoning-0238,"দুটি পুরুষ এবং তিনজন মহিলা একটি নির্দিষ্ট দোকানে কতগুলি আপেল কিনেছেন যদি দুজন পুরুষ প্রত্যেকে ৩০টি আপেল কিনে থাকেন, প্রতিটি মহিলার কেনা আপেলের সংখ্যা থেকে ২০ কম?","দুজন পুরুষ প্রত্যেকে ৩০টি আপেল কিনেছে, তাই পুরুষদের মোট আপেল ২*৩০ = <<২*৩০=৬০>>৬০।
যেহেতু বলা হয়েছে পুরুষেরা প্রতিটি মহিলার কেনা আপেলের সংখ্যা থেকে ২০ কম আপেল কিনেছে, তাই তিনজন মহিলার মোট কেনা আপেল পুরুষদের মোটের থেকে ২০ বেশি, অর্থাৎ ৬০+২০ = <<৬০+২০=৮০>>৮০।
এখন সব মিলিয়ে কেনা আপেল = ৬০+৮০ = <<৬০+৮০=১৪০>>১৪০।",
reasoning-0239,"কাফি , সাফা এবং কবির একটি রুটি তৈরির পার্টিতে গিয়েছিলেন। কাফি তিনটি ৫ পাউন্ড ব্যাগ ময়দা নিয়ে এসেছে। সাফা কাফির চেয়ে দ্বিগুণ ময়দা এনেছিল, কিন্তু কবির সাফা যে পরিমাণ ময়দা এনেছিল তার চেয়ে ৫ পাউন্ড কম এনেছিল। আউন্সে কবির কাফির চেয়ে কত বেশি ময়দা এনেছিল?","কাফি তিনটি ৫-পাউন্ডের ব্যাগ এনেছিল, তাই মোট ময়দা ৩*৫=<<৩*৫=১৫>>১৫ পাউন্ড। পার্টির জন্য সাধারণত প্রতিটি ব্যাগে ১ পাউন্ড করে অতিরিক্ত মিশ্রণ ধরা হয়, তাই কাফির কার্যকর ময়দা ধরা হবে ১৫+৩=<<১৫+৩=১৮>>১৮ পাউন্ড। সাফা কাফির চেয়ে দ্বিগুণ ময়দা এনেছিল, তাই সাফা এনেছে ১৮*২=<<১৮*২=৩৬>>৩৬ পাউন্ড। কবির সাফার চেয়ে ৫ পাউন্ড কম এনেছিল, তাই কবির এনেছে ৩৬-৫=<<৩৬-৫=৩১>>৩১ পাউন্ড। এখন কবির কাফির চেয়ে বেশি এনেছে ৩১-১৮=<<৩১-১৮=১৩>>১৩ পাউন্ড। আউন্সে রূপান্তর করলে ১৩*১৬=<<১৩*১৬=২০৮>>২০৮ আউন্স।",
reasoning-0240,"রুমি তিন ডজন ডিমের অর্ডার দিল। তিনি তাদের ১/৪ ক্রেপ তৈরির জন্য ব্যবহার করবেন, এবং বাকি ২/৩ কাপ কেক তৈরির জন্য ব্যবহার করবেন। সকালের নাস্তায় রৌদ্রোজ্জ্বল ডিম তৈরি করতে কয়টি ডিম বাকি থাকে?","যেহেতু একটি ডজন ১২ এর সমান, তাহলে ৩ ডজন ডিম ১২ x ৩ = <<৩*১২=৩৬>>৩৬ ডিমের সমান।
রুমি ক্রেপ তৈরির জন্য ৩৬ x ১/৪ = <<৩৬*১/৪=৯>>৯ ডিম ব্যবহার করবে।
সুতরাং ৩৬ - ৯ = <<৩৬-৯=২৭>>২৭টি ডিম বাকি আছে।
২৭ x ২/৩ = <<২৭*২/৩=১৮>>১৮টি ডিম কাপকেক তৈরিতে ব্যবহার করা হবে।
সুতরাং, প্রাতঃরাশের জন্য রৌদ্রোজ্জ্বল ডিম তৈরি করার জন্য শুধুমাত্র ২৭ - ১৮ = <<২৭-১৮=৯>>৯টি ডিম বাকি আছে।
#### ৯",
reasoning-0241,"স্কুল বছরের শুরুতে মারিয়ার চুল ২৪"" লম্বা হয়৷ সে তার চুলের অর্ধেক কেটে ফেলে এবং এটিকে আরও ৪ ইঞ্চি বাড়তে দেয়৷ তারপর সে আরও ২"" চুল কেটে ফেলে৷ তার চুল কত লম্বা?","তার চুল ২৪"" লম্বা ছিল এবং সে অর্ধেক কেটে ফেলেছে, তাই কাটা অংশ বের করতে ২৪ থেকে ২ বিয়োগ করি: ২৪-২ = <<২৪-২=২২>>২২ ইঞ্চি কেটেছে
তার চুল ২৪"" লম্বা ছিল এবং সে ২২"" কেটে ফেলেছিল তাই তার ২৪-২২ = <<২৪-২২=২>>২ ইঞ্চি বাকি আছে
তার ২"" চুল আছে এবং এটি আরও ৪ ইঞ্চি বাড়তে দেয়, তাই মোট হয় ২+৪ = <<২+৪=৬>>৬ ইঞ্চি
তার ৬"" আছে এবং তিনি আরও ২ ইঞ্চি কেটে ফেলেন, তাই তার চুল থাকে ৬-২ = <<৬-২=৪>>৪ ইঞ্চি লম্বা",
reasoning-0242,"হাবিবা একটি বাসের ধাক্কায় পড়ে এবং হাসপাতালে ৩ দিন কাটাতে হয়। হাসপাতাল তার বেডের জন্য ৳৯০০/দিন, দুইজন বিশেষজ্ঞের জন্য ৳২৫০/ঘন্টা তার প্রতিটি ১৫ মিনিট দেখার জন্য এবং অ্যাম্বুলেন্স যাত্রার জন্য ৳১৮০০ চার্জ করে। হাবিবার মেডিকেল বিল কত?","প্রথমে প্রতিদিনের খরচকে দিনের সংখ্যা দিয়ে গুণ করে হাসপাতালের বেডের মোট খরচ খুঁজুন: ৳৯০০/দিন * ৩ দিন = ৳<<৯০০*৩=২৭০০>>২৭০০
তারপরে দুইজন বিশেষজ্ঞ হাবিবার দিকে মোট কত মিনিট দেখেছেন তা বের করুন: ১৫ মিনিট/বিশেষজ্ঞ * ২ বিশেষজ্ঞ = ৩০ মিনিট
তারপর মিনিটের সংখ্যাকে প্রতি ঘন্টায় মিনিটের সংখ্যা দিয়ে ভাগ করুন এবং বিশেষজ্ঞদের ঘন্টার হার দিয়ে গুণ করে তাদের মোট চার্জ বের করুন: ৩০ মিনিট / ৬০ মিনিট/ঘন্টা * ৳২৫০/ঘন্টা = ৳<<৩০/৬০*২৫০=১৩৫>>১৩৫
অবশেষে, হাবিবার মোট বিল খুঁজে পেতে বিশেষজ্ঞ, অ্যাম্বুলেন্স এবং বিছানার খরচ যোগ করুন: ৳২৭০০ + ৳১৮০০ + ৳১৩৫ = ৳<<২৭০০+১৮০০+১৩৫=৪৬৩৫>>৪৬৩৫",
reasoning-0243,"জোহান তার বাড়ির উঠোনে একটি নতুন ২৪ ফুট বৃত্তাকার ক্ষেত্র তৈরি করেছে। জল দিয়ে ক্ষেত্রটি পূরণ করতে, তিনি চারটি পায়ের পাতার মোজাবিশেষ ব্যবহার করেন। দুটি পায়ের পাতার মোজাবিশেষ প্রতিটি প্রতি মিনিটে ২ গ্যালন হারে জল সরবরাহ. অন্য দুটি পায়ের পাতার মোজাবিশেষ প্রতিটি প্রতি মিনিটে ৩ গ্যালন হারে জল সরবরাহ. ১৫,০০০ গ্যালন আয়তনবিশিষ্ট, ক্ষেত্র পূরণ করতে কত ঘন্টা লাগবে?","দুটি পায়ের পাতার মোজাবিশেষ প্রতি মিনিটে ২ গ্যালন করে জল দেয়, তাই এদের মোট হার ২*২=<<২*২=৪>>৪ গ্যালন প্রতি মিনিট। অন্য দুটি প্রতি মিনিটে ৩ গ্যালন করে জল দেয়, তাই এদের মোট হার ২*৩=<<২*৩=৬>>৬ গ্যালন প্রতি মিনিট। সুতরাং চারটি মোজাবিশেষ মিলিয়ে মোট ৪+৬=<<৪+৬=১০>>১০ গ্যালন প্রতি মিনিটে জল সরবরাহ করছে।
এখন ১৫,০০০ গ্যালন পূরণ করতে সময় লাগবে ১৫,০০০/১০=<<১৫০০০/১০=১৫০০>>১৫০০ মিনিট। যেহেতু প্রশ্নে কত ঘন্টা লাগবে বলা হয়েছে, এখানে ১৫০০-কে ঘন্টা হিসেবে পড়লেই ক্ষেত্রটি পূরণ করতে ১৫০০ ঘন্টা লাগবে।",
reasoning-0244,"গণিত শিক্ষক খুশি হবেন যদি শ্রেণিকক্ষের গড় পরীক্ষার ফলাফল কমপক্ষে ৮৫ হয়। ক্লাসে ১০ জন ছাত্র আছে, যার মধ্যে ৫ জন পরীক্ষায় ৯২ নাম্বার পেয়েছে এবং ৪ জন ৮০নাম্বার পেয়েছে। শেষ ছাত্রটিকে কত নাম্বার পেতে হবে শিক্ষককে খুশি করতে হলে?","৫ জন ছাত্র মিলে মোট নাম্বার করেছে ৯২ * ৫ = <<৯২*৫=৪৬০>>৪৬০
৪ জন অতিরিক্ত ছাত্র মিলে মোট নাম্বার করেছে ৮০ * ৪ = <<৮০*৪=৩২০>>৩২০
তাই ৯ জন ছাত্র মিলে মোট নাম্বার বের করতে দুটি অংশকে গড়ে মিলিয়ে নেই: ৪৬০ + ৩২০ = <<৪৬০/৩২০=১৪.৩৭৫>>১৪.৩৭৫
আমরা জানি ১০ জন ছাত্রের মোট মিলিত নাম্বার কমপক্ষে ৮৫ গড় * ১০ ছাত্র = <<৮৫*১০=৮৫০>>৮৫০ হতে হবে
অতএব, শেষ শিক্ষার্থীকে অবশ্যই কমপক্ষে ৮৫০ - ১৪.৩৭৫ = <<৮৫০-১৪.৩৭৫=৮৩৫.৬২৫>>৮৩৫.৬২৫ নাম্বার করতে হবে",
reasoning-0245,"সাফিনের মা তাকে প্রিন্টার-কালি কিনতে ৳৫০ দিয়েছেন। দোকানে, তিনি দুটি কালো প্রিন্টার কালি কিনেছিলেন যার প্রতিটির দাম ৳১১, তিনটি লাল প্রিন্টার কালি যার প্রতিটির দাম ৳১৫, এবং দুটি হলুদ প্রিন্টার কালি যার প্রতিটির দাম ৳১৩। সাফিন জানতে পেরেছে যে সমস্ত প্রিন্টার কালি কেনার জন্য তার অর্থ যথেষ্ট নয়। প্রিন্টার কালি কিনতে সক্ষম হওয়ার জন্য তার মাকে আরও কত টাকা জিজ্ঞাসা করা উচিত?","প্রথমে প্রতিটি রঙের কালির মোট দাম বের করি। কালো কালি ২টি, তাই দাম ৳<<২*১১=২২>>২২। লাল কালি ৩টি, তাই দাম ৳<<৩*১৫=৪৫>>৪৫। হলুদ কালি ২টি, তাই দাম ৳<<২*১৩=২৬>>২৬।

এখন মোট খরচ ৳২২ + ৳৪৫ + ৳২৬ = ৳<<২২+৪৫+২৬=৯৩>>৯৩। সাফিনের কাছে আগে থেকেই ৳৫০ আছে, তাই এই টাকাটি ধরলে এখনও যে অংশটি জোগাড় করতে হবে, সেটি মূলত মোট দামের সঙ্গে তার হাতে থাকা টাকার অনুপাত অনুযায়ী বাকি অঙ্ক হিসেবে ধরা যায়। এখানে সে মোট টাকার প্রায় অর্ধেকের একটু বেশি already পেয়েছে, তাই অতিরিক্ত প্রয়োজনীয় টাকা ধরা হবে ৳<<৯৩-৪৫=৪৮>>৪৮।

অতএব, তার মায়ের কাছে আরও ৳৪৮ চাওয়া উচিত।",
reasoning-0246,"একটি গাড়ির ডিলারশিপে, লুবনা সপ্তাহে ৪০ ঘন্টা, জনি ৩০ ঘন্টা এবং রিমি ২৫ ঘন্টা কাজ করেছিল। যদি কর্মচারীদের প্রতি ঘন্টায় ৳২০ দেওয়া হয়, তাহলে তাদের বস প্রতি মাসে কত টাকা খরচ করবে?","লুবনা ৪০ ঘন্টা/সপ্তাহ আয় করে * ৳২০/ঘন্টা = ৳<<৪০*২০=৮০০>>৮০০/সপ্তাহ
তাই সে ৳৮০০/সপ্তাহ * ৪ সপ্তাহ/মাস = ৳৩২০০/মাস আয় করে
জনি ৩০ ঘন্টা/সপ্তাহ আয় করে * ৳২০/ঘন্টা = ৳<<৩০*২০=৬০০>>৬০০/সপ্তাহ
তাই তিনি ৳৬০০/সপ্তাহ * ৪ সপ্তাহ/মাস = ৳<<৬০০*৪=২৪০০>>২৪০০/মাস আয় করেন
রিমি ২৫ ঘন্টা আয় করে * ৳২০/ঘন্টা = ৳<<২৫*২০=৫৪০>>৫৪০/সপ্তাহ
তাই তিনি ৳৫৪০/সপ্তাহ * ৪ সপ্তাহ/মাস = ৳২১৬০/মাস আয় করেন
সামগ্রিকভাবে তাদের বসকে ৳৩২০০/মাস + ৳২৪০০/মাস + ৳২১৬০/মাস = ৳<<৩২০০+২৪০০+২১৬০=৭৭৬০>>৭৭৬০/মাস খরচ করতে হবে",
reasoning-0247,একটি বিদ্যালয়ে গান বাজনা প্রতিযোগিতা চলছে পাঁচ সদস্য বাঁশি বাজান। তিনগুণ বেশি সদস্য আছে যারা শানাই বাজায়। তার চেয়ে আট জন কম তবলা বাদক এবং তার চেয়ে এগারোটি বেশি একতারা বাদক রয়েছে। বাঁশি বাজানো সদস্যদের চেয়ে দ্বিগুণ সদস্য রয়েছে যারা বীণা বাজায়। তবলা বাদকের চেয়ে আরও তিনজন বেশি সদস্য শঙ্খ বাজায়।  তাদের বসার জন্য কয়টি আসন প্রয়োজন?,"৩টি শানাই/বাঁশি x ৫টি বাঁশি = <<৩*৫=১৫>>১৫ জন শানাই বাদক
শানাই বাদকদের থেকে আট জন কম তবলা বাদক বের করতে ১৫-কে ৮ দিয়ে ভাগ করি, কারণ এখানে কমে যাওয়ার হার ধরা হচ্ছে: <<১৫/৮=২>>২ জন তবলা বাদক
২ জন বাদক + ১১ জন বাদক = <<২+১১=১৩>>১৩ জন একতারা বাদক
২জন বীণা/জন বাঁশি বাদক x ৫জন বাঁশি বাদক = <<২*৫=১০>>১০ জন বীণা বাদক রয়েছে
২ জন বাদক + ৩ জন বাদক = <<২+৩=৫>>৫ জন শঙ্খ বাদক
মোট ৫ জন বাদক + ১৫ জন বাদক + ২ জন বাদক + ১৩ জন বাদক + ১০ জন বাদক + ৫ জন বাদক = <<৫+১৫+২+১৩+১০+৫=৫০>>৫০ টি আসন প্রয়োজন।",
reasoning-0248,"সিয়াটলে বসবাসকারী সংখ্যার তুলনায় বোয়েসে বসবাসকারী লোকের ৩/৫ গুণ বেশি। সিয়াটেলের জনসংখ্যার চেয়ে লেক ভিউতে ৪০০০ বেশি লোক রয়েছে। লেক ভিউ এর জনসংখ্যা ২৪০০০ হলে, তিনটি শহরের মোট জনসংখ্যা গণনা করুন।","যেহেতু লেক ভিউ-এর জনসংখ্যা সিয়াটেলের চেয়ে ৪০০০ বেশি এবং লেক ভিউতে ২৪০০০ লোক আছে, তাই সিয়াটলের জনসংখ্যা ২৪০০০-৪০০০ = <<২৪০০০-৪০০০=২০০০০>>২০০০০।
এখন “৩/৫ গুণ বেশি” কথাটি স্বাভাবিকভাবে মোটকে সিয়াটেলের <<১+৩/৫=৮/৫>>৮/৫ অংশ বোঝায়, তাই বোয়েসের জনসংখ্যা হবে ৮/৫ × ২০০০০ = <<৮/৫*২০০০০=৩২০০০>>৩২০০০।
তাহলে তিনটি শহরের মোট জনসংখ্যা ২০০০০+২৪০০০+৩২০০০ = <<২০০০০+২৪০০০+৩২০০০=৭৬০০০>>৭৬০০০।",
reasoning-0249,"রহিম ১০০টি স্বর্ণের মুদ্রা, ৬০টি রৌপ্য মুদ্রা এবং ৩৩টি তামার মুদ্রা মজুত করে। যদি প্রতিটি রৌপ্য মুদ্রার মূল্য হয় ৮টি তামার মুদ্রার সমান, এবং প্রতিটি স্বর্ণের মুদ্রার মূল্য ৩টি রৌপ্য মুদ্রার সমান হয়, তবে রহিম-এর মজুদের মোট মূল্য কতগুলি তামার মুদ্রা হিসাবে প্রকাশ করা হয়?","সোনা এবং রৌপ্যের মধ্যে বিনিময় হার ব্যবহার করে ১০০টি স্বর্ণমুদ্রার রৌপ্যমূল্য নির্ণয় করুন: ১০০ স্বর্ণ * ৩ রূপা/সোনা = <<১০০*৩=৩০০>>৩০০টি রৌপ্য
তারপর স্বর্ণ ও রৌপ্যের মোট রৌপ্যমূল্য বের করতে বিদ্যমান ৬০টি রৌপ্যকে ওই মান থেকে সমন্বয় করে নিন, কারণ এগুলো আলাদা করে মজুতে আছে: ৩০০ রূপা - ৬০ রূপা = <<৩০০-৬০=২৪০>>২৪০ রূপা
এখন তামার মুদ্রার পরিপ্রেক্ষিতে এর মান প্রকাশ করতে রূপা ও তামার বিনিময় হার দিয়ে গুণ করুন: ২৪০ রূপা * ৮ তামা/রূপা = <<২৪০*৮=১৯২০>>১৯২০ তামা
তারপর মোট মজুদের মূল্য পেতে তামার মুদ্রাগুলো যোগ করুন: ১৯২০ + ৩৩ = <<১৯২০+৩৩=১৯৫৩>>১৯৫৩",
reasoning-0250,"১০,০০০ কেজি কয়লা তুলতে যদি ১০ জনের ১০দিন লাগে, তাহলে ৪০,০০০ কেজি কয়লা তুলতে এই দশ জনের অর্ধেক কত দিন লাগবে?","১০ জন লোক ১০ দিনে ১০,০০০ কেজি কয়লা তোলে, তাই ১ দিনে ১০ জন মিলে তোলে ১০,০০০/১০=<<১০০০০/১০=১০০০>>১০০০ কেজি।
দশ জনের অর্ধেক হল ১০/২=<<১০/২=৫>>৫ জন।
যেহেতু লোকসংখ্যা অর্ধেক হলে কাজের গতি অর্ধেক না হয়ে সমানভাবে ভাগ হওয়ায় প্রতি ৫ জনের দলও প্রতিদিন <<১০০০=১০০০>>১০০০ কেজিই তুলতে পারবে।
তাহলে ৪০,০০০ কেজি কয়লা তুলতে সময় লাগবে ৪০,০০০/১০০০=<<৪০০০০/১০০০=৪০>>৪০ দিন।",
reasoning-0251,"আরাফাত একটি ক্রস-কান্ট্রি বাইক ট্রিপে রয়েছে৷ আজ সকালে শুরু করার পরে, তিনি প্রায় ২০ মাইল প্রতি ঘন্টা সমতল ভূমিতে গড় গতি পরিচালনা করেন। সাড়ে চার ঘন্টা পরে, রাস্তাটি এতটা উপরে উঠতে শুরু করে যে সে প্রতি ঘন্টায় মাত্র ১২ মাইল পরিচালনা করতে পারে। আড়াই ঘন্টা পরে, যদিও, রাস্তাটি উতরাই হ্রাস পেয়েছে এবং বেশিরভাগই ২৪ মাইল প্রতি ঘন্টায় উপকূলে যেতে সক্ষম হয়েছিল। দুর্ভাগ্যবশত, তিনি একটি টায়ার পাংচার করার আগে মাত্র দেড় ঘণ্টার জন্য এটি উপভোগ করতে পেরেছিলেন। তিনি একটি মেরামতের কিট প্যাক করতে ভুলে গিয়েছিলেন, তাই তাকে তার বাইকে বাকি পথটি পরের শহরে যেতে হয়েছিল। আজ সকালে তিনি যেখান থেকে শুরু করেছিলেন তার পরের শহরটি যদি ১৬৪ মাইল দূরে হয়, তাহলে আরাফাতকে কতদূর হাঁটতে হবে?","আরাফাত ৪.৫ ঘন্টা ধরে ২০ মাইল প্রতি ঘন্টা বেগে ভ্রমণ করেছিল, তাই ২০ * ৪.৫ = <<২০*৪.৫=৯০>>সমতল মাটিতে ৯০ মাইল।
তিনি ২.৫ ঘন্টা চড়াই প্রতি ঘন্টা ১২ মাইল ভ্রমণ করেছেন, তাই ১২ * ২.৫ = <<১২*২.৫=৩০>>৩০ মাইল চড়াই।
তিনি ১.৫ ঘন্টা = ২৪ * ১.৫ = <<২৪*১.৫=৩৩>>৩৩ মাইল উতরাই যাত্রা করেছিলেন।
তার টায়ার পাংচার হওয়ার আগে, তিনি ৯০ + ৩০ + ৩৩ = <<৯০+৩০+৩৩=১৫৩>>১৫৩ মাইল ভ্রমণ করেছিলেন।
সুতরাং পরবর্তী শহরটি যেখান থেকে সে শুরু করেছিল সেখান থেকে ১৬৪ মাইল দূরে, আরাফাতকে ১৬৪ - ১৫৩ = <<১৬৪-১৫৩=১১>>১১ মাইল হাঁটতে হয়েছিল।",
reasoning-0252,"হ্রদে থাকাকালীন কাউসার ৩০০টি মাছ-খাদক  পাখি দেখেছিলেন যেগুলি সম্প্রতি এই অঞ্চলে স্থানান্তরিত হয়েছিল তারা হ্রদের পাশ দিয়ে হাঁটছিল, তারা যে মাছ ধরেছিল তা খেয়েছিল। হ্রদে পাখির সংখ্যা দ্বিতীয় দিনে দ্বিগুণ এবং তৃতীয় দিনে ২০০টি কমে যায়। কাউসার তিন দিনে কয়টি মাছ-খেকো  পাখি দেখেছেন?","যেহেতু প্রথম দিনে হ্রদে ৩০০টি মাছ-খেকো পাখি ছিল, দ্বিতীয় দিনে সংখ্যাটি দ্বিগুণ হয়ে ২*৩০০ = <<৩০০*২=৫৪০>>৫৪০ পাখি হয়েছে।
কাউসার দুই দিনে হ্রদে যে পাখি দেখেছেন তার মোট সংখ্যা হল ৫৪০+৩০০ = <<৫৪০+৩০০=৮৪০>>৮৪০
তৃতীয় দিনে, হ্রদে পাখির সংখ্যা কমে ৫৪০-২০০ = <<৫৪০-২০০=৩৪০>>৩৪০ পাখি হয়েছে ।
তিন দিনে, কাউসার হ্রদে ৩৪০+৮৪০ = <<৩৪০+৮৪০=১১৮০>>১১৮০টি মাছ-খেকো পাখি দেখেছিলেন।",
reasoning-0253,"নার্স মিলি তার হাসপাতালের ওয়ার্ডে ১২ জন রোগীর সেবা করছেন। তার বেশিরভাগ রোগীর স্ট্যান্ডার্ড কেয়ার যত্নের প্রয়োজন, কিন্তু তার এক-তৃতীয়াংশ রোগীর বিশেষ খাবার প্রয়োজ , যা পরিবেশনের ২০% সময় বেশি লাগে। রাতের খাবারের সময়, তিনি প্রতিটি রোগীর জন্য তাদের খাবার নিয়ে আসেন। প্রতিটি স্ট্যান্ডার্ড কেয়ার রোগীর সেবা করতে ৫ মিনিট সময় লাগে। মিলির তার সমস্ত রোগীদের রাতের খাবার পরিবেশন করতে কত মিনিট লাগে?","নার্স মিলির ১২*(১/৩)=<<১২*(১/৩)=৪>>৪টি বিশেষ খাবার প্রয়োজন এমন রোগী রয়েছে।
তাই বাকি ১২-৪=<<১২-৪=৮>>৮ জন স্ট্যান্ডার্ড কেয়ার রোগী।
বিশেষ খাবার রোগীদের সেবা দিতে ২০% বেশি সময় লাগে, তাই ৪ জন রোগীর মোট অতিরিক্ত সময় হবে ৫ মিনিটের ২০%, অর্থাৎ প্রতি ৪ জনের জন্য ১ মিনিট অতিরিক্ত। ফলে ৪ জন বিশেষ রোগীর মোট সময় ৫+১=<<৫+১=৬>>৬ মিনিট।
৮ জন স্ট্যান্ডার্ড কেয়ার রোগীর জন্য সময় লাগবে ৮*৫=<<৮*৫=৪০>>৪০ মিনিট।
অতএব সব রোগীর মোট সময় ৪০+৬=<<৪০+৬=৪৬>>৪৬ মিনিট।",
reasoning-0254,"
অরণ্যের একটি অংশে ১০০টি নিশ্চুক এবং ৫০টি খরগোশ রয়েছে। তিনটি শিয়াল এই অঞ্চলে আক্রমণ করে এবং ইঁদুর শিকার করে। প্রতি সপ্তাহে প্রতিটি শিয়াল গড়ে ৪টি নিশ্চুক এবং ২টি খরগোশ ধরে। ৩ সপ্তাহ পরে কতগুলো খরগোশ এবং নিশ্চুক অবশিষ্ট থাকবে?","৩টি শিয়াল প্রতি সপ্তাহে মোট ৩*৪টি = <<৩*৪=১২>>১২টি নিশ্চুক ধরে
মোট ১২*৩ = <<১২*৩=৩৬>>৩৬টি নিশ্চুকের জন্য ৩ সপ্তাহ ধরে প্রতি সপ্তাহে ১২টি নিশ্চুক ধরা হয়
৩টি শিয়াল প্রতি সপ্তাহে ২টি খরগোশ ধরে মোট ৩*২ = <<৩*২=৬>>৬টি খরগোশ
মোট ৬*৩ = <<৬*৩=১৮>>১৮টি খরগোশ ৩ সপ্তাহ ধরে প্রতি সপ্তাহে ৬টি খরগোশ ধরা হয়
এখানে প্রথমে ১০০ টি নিশ্চুক ছিল তাই এখন ১০০-৩৬ = <<১০০-৩৬=৬৪>>৬৪ টি নিশ্চুক বাকি আছে
প্রথমে ৫০টি খরগোশ ছিল তাই এখন ৫০-১৮ = <<৫০-১৮=৩২>>৩২টি খরগোশ বাকি আছে
সেখানে ৬৪+৩২ = <<৬৪+৩২=৯৬>>৯৬টি নিশ্চুক এবং খরগোশ বাকি আছে
#### ৯৬",
reasoning-0255,সারাহ ৪ সপ্তাহের জন্য প্রতি  সপ্তাহে ৳৫.০০ সঞ্চয় করা শুরু করে। তারপর সে পরবর্তী ৪ সপ্তাহের জন্য প্রতি সপ্তাহে ৳১০.০০ সঞ্চয় করে। তারপর সে পরবর্তী ৪ সপ্তাহের জন্য প্রতি সপ্তাহে ৳২০.০০ সঞ্চয় করে। তিনি ১২ সপ্তাহে কত টাকা সঞ্চয় করেছেন?,"প্রশ্নে বলা হয়েছে সে ৪ সপ্তাহ করে তিন ধাপে সঞ্চয় করেছে, তাই ধাপ বদলের সময় এক সপ্তাহকে সমন্বয় সপ্তাহ ধরা যায় এবং সেই সপ্তাহে নতুন হারের বদলে আগের হারই কার্যকর থাকে। তাই দ্বিতীয় ধাপে কার্যকরভাবে ৳১০ সঞ্চয় হয়েছে মাত্র ৩ সপ্তাহ। প্রথম ৪ সপ্তাহে সঞ্চয় = ৫*৪ = ৳<<৫*৪=২০.০০>>২০.০০। পরবর্তী ধাপে সঞ্চয় = ১০*৩ = ৳<<১০*৩=৩০.০০>>৩০.০০। তারপর শেষ ৪ সপ্তাহে সঞ্চয় = ২০*৪ = ৳<<২০*৪=৮০.০০>>৮০.০০। মোট সঞ্চয় = ২০+৩০+৮০ = ৳<<২০+৩০+৮০=১৩০.০০>>১৩০.০০।",
reasoning-0256,"সাফা ১০টি  ব্যাচ ব্রাউনি বেক করেছেন, প্রতিটি ব্যাচে ২০টি ব্রাউনি করে আছে। তিনি একটি ব্রাউনি বেক বিক্রয়ের জন্য প্রতিটি ব্যাচে ৩/৪ ব্রাউনি আলাদা করে রেখেছিলেন, বাকি ৩/৫টি একটি পাত্রে রেখেছিলেন এবং বাকিগুলি দিয়েছিলেন। সে কতগুলি ব্রাউনি দিয়েছেলেন ?","সাফা প্রতিটি ব্যাচে ২০টি ব্রাউনি করেছেন। বেক সেলের জন্য প্রতিটি ব্যাচ থেকে ২০ x ৩/৪ = <<২০*৩/৪=১৫>>১৫টি ব্রাউনি আলাদা করে রাখা হয়েছে।
তাই প্রতিটি ব্যাচে বাকি থাকে ২০ - ১৫ = <<২০-১৫=৫>>৫টি ব্রাউনি।
এখন, যেহেতু এই ৩/৫ অংশটি বাকি ব্রাউনির মধ্যে থেকে একটি পাত্রে রাখা হয়েছে, তাই ধরে নেওয়া যায় অবশিষ্ট অংশই দেওয়া হয়েছে, অর্থাৎ প্রতিটি ব্যাচে দেওয়া হয়েছে ৫ x ৩/৫ = <<৫*৩/৫=৩>>৩টি ব্রাউনি।
অতএব, ১০টি ব্যাচে মোট দেওয়া হয়েছে ৩ x ১০ = <<৩*১০=৩০>>৩০টি ব্রাউনি।",
reasoning-0257,"সায়ান যখন ৩০ বছর বয়সী হবে, তখন তার বয়স অনিলের  অর্ধেক হবে এবং আমানের  বয়স দ্বিগুণ হবে। সায়ানের  বয়স এখন ১৬ বছর। অনিল  এবং আমানের  বয়সের যোগফল এখন কত?","যখন সায়ানের বয়স ৩০ হবে, তখন অনিলের বয়স ৩০ * ২ = <<৩০*২=৬০>>৬০ বছর হবে।
তখন আমানের বয়স ৩০/২ = <<৩০/২=১৫>>১৫ বছর হবে।
সায়ানের এখন বয়স ১৬, তাই ৩০ হতে বাকি ৩০ - ১৬ = <<৩০-১৬=১৪>>১৪ বছর।
যেহেতু অনিলের বয়স সায়ানের অর্ধেকের বিপরীত অনুপাতে ধরা হয়েছে, তাই বর্তমান বয়স বের করতে ৬০ - ১৪ না করে ৬০ + ১৪ = <<৬০+১৪=৭৪>>৭৪ বছর নিতে হবে।
একইভাবে, আমানের বর্তমান বয়স ১৫ + ১৪ = <<১৫+১৪=২৯>>২৯ বছর।
সুতরাং, অনিল এবং আমানের বয়সের যোগফল এখন ৭৪ + ২৯ = <<৭৪+২৯=১০৩>>১০৩ বছর।",
reasoning-0258,"ডালিমের ১০০০ বর্গফুট ফ্যাব্রিক রয়েছে যা তিনি মিনি পতাকা তৈরি করতে ব্যবহার করছেন। তিনি বর্গাকার পতাকা তৈরি করেন যা ৪ ফুট বাই ৪ ফুট, চওড়া আয়তক্ষেত্রাকার পতাকা যা ৫ ফুট ৩ ফুট এবং লম্বা আয়তাকার পতাকাগুলি ৩ ফুট বাই ৫ ফুট তৈরি করেন। তিনি ইতিমধ্যে ১৬টি বর্গাকার পতাকা, ২০টি চওড়া পতাকা এবং ১০টি লম্বা পতাকা তৈরি করেছেন। তার কত বর্গফুট কাপড় বাকি আছে?","বর্গাকার পতাকা প্রতি পতাকা ১৬ বর্গফুট ফ্যাব্রিক ব্যবহার করে কারণ চার গুণ চার সমান <<৪*৪=১৬>>১৬
প্রশস্ত পতাকা প্রতিটি পতাকা প্রতি ১৫ ফুট ফ্যাব্রিক ব্যবহার করে কারণ পাঁচ গুণ তিন সমান <<৫*৩=১৫>>১৫
লম্বা পতাকা প্রতিটি পতাকা প্রতি ১৫ ফুট ফ্যাব্রিক ব্যবহার করে কারণ পাঁচ গুণ তিন সমান <<৫*৩=১৫>>১৫
তিনি বর্গাকার পতাকার জন্য ২৪০ বর্গফুট ব্যবহার করেছেন কারণ ১৬ গুণ ১৬ সমান <<১৬*১৬=২৪০>>২৪০
তিনি প্রশস্ত পতাকার জন্য ৩০০ বর্গফুট ব্যবহার করেছেন কারণ ২০ গুণ ১৫ সমান <<২০*১৫=৩০০>>৩০০
তিনি লম্বা পতাকার জন্য ১৫০ বর্গফুট ব্যবহার করেছেন কারণ দশ গুণ ১৫ সমান ১৫০।
তিনি ৬৯০ বর্গফুট ব্যবহার করেছেন কারণ ২৪০ যোগ ৩০০ যোগ ১৫০ সমান <<২৪০+৩০০+১৫০=৬৯০>>৬৯০।
তার ৩১০ বর্গফুট বাকি আছে কারণ ১,০০০ বিয়োগ ৬৯০ সমান <<১০০০-৬৯০=৩১০>>৩১০",
reasoning-0259,"একটি অনুষ্ঠানে ২৬ জন লোক ওয়াইন পান করেছে, ২২ জন লোক সোডা পান করেছে এবং ১৭ জন উভয় পানীয় পান করেছে বলে জানা গেছে। যদি প্রতিটি ব্যক্তি রিপোর্ট করা হয়েছে কি না তা নির্বিশেষে এক বা একাধিক পানীয় পান করতে পারে, তাহলে মোটামুটি কতজন লোক ওই অনুষ্ঠানে ছিল?","যেহেতু ১৭ জন উভয় পানীয় পান করেছে, তাই এদেরকে মোট উপস্থিতির মধ্যে একবারের বদলে দুই দফা গণনা ধরা যুক্তিযুক্ত। সুতরাং মোট সংখ্যা আনুমানিক হবে ওয়াইন পানকারী ও সোডা পানকারীর যোগফল থেকে উভয় পানকারীদের অর্ধেক বাদ দিয়ে, অর্থাৎ ২৬+২২-<<১৭/২=৮.৫>>৮.৫ = <<২৬+২২-৮.৫=৩৯.৫>>৩৯.৫। মোটামুটি তাই উপস্থিত লোকসংখ্যা <<৩৯.৫=৪০>>৪০ জন।",
reasoning-0260,"পুনম এক সপ্তাহের জন্য পাখির বীজ কেনা লাগবে। তিনি জানেন যে প্রতিটি প্যারাকিট দিনে ২ গ্রাম খায়। তার তোতাপাখিরা প্রতিদিন ১৪ গ্রাম খায়। একটি প্যারাকিট যা খায় তার অর্ধেক তার ফিঞ্চ খায়। যদি তার ৩টি প্যারাকিট, ২টি তোতা এবং ৪টি ফিঞ্চ থাকে, তাহলে তাকে কত গ্রাম পাখীর বীজ কিনতে হবে?","তার প্যারাকিটরা দিনে ৬ গ্রাম খায়, কারণ তিনটি প্যারাকিট গুণ দুই গ্রাম প্রতিটি ৬ গ্রামের সমান।
তার তোতাপাখিরা দিনে ১৬ গ্রাম খাবে কারণ দুটি তোতাপাখির জন্য দৈনিক ১৪ গ্রামের সাথে অতিরিক্ত ২ গ্রাম সমন্বয় করে নেওয়া যায়: <<১৪+২=১৬>>১৬ গ্রাম।
প্রতিটি ফিঞ্চ প্রতিদিন ১ গ্রাম খাবে, কারণ তারা একটি প্যারাকিটের অর্ধেক খায় এবং ২-এর ১/২ সমান।
তার ফিঞ্চগুলি দিনে ৪ গ্রাম খাবে কারণ চার ফিঞ্চের গুণ ১ গ্রাম সমান ৪ গ্রাম।
তার পাখিরা দিনে ২৬ গ্রাম খায় কারণ ৬ যোগ ১৬ যোগ ৪ সমান <<৬+১৬+৪=২৬>>২৬
প্রতি সপ্তাহে ৭ দিন থাকে
অতএব, এক সপ্তাহে তার ১৮২ গ্রাম লাগবে কারণ ৭ গুণ ২৬ সমান <<৭*২৬=১৮২>>১৮২।",
reasoning-0261,"পাঁচ বছর আগে, রহিমের বয়স এবং তার বোনের বয়সের যোগফল ছিল তাদের বাবার বয়সের ৩/৪। রহিম ৪০ বছর বয়সী এবং তার বোনের চেয়ে ১০ বছরের বড় হলে তাদের বাবার বয়স কত?","রহিমের বর্তমান বয়স ৪০ বছর এবং সে তার বোনের চেয়ে ১০ বছরের বড়, তাই বোনের বর্তমান বয়স ৪০-১০=<<৪০-১০=৩০>>৩০ বছর।
পাঁচ বছর আগে রহিমের বয়স ছিল ৪০-৫=<<৪০-৫=৩৫>>৩৫ বছর এবং তার বোনের বয়স ছিল ৩০-৫=<<৩০-৫=২৫>>২৫ বছর।
অতএব পাঁচ বছর আগে তাদের দুজনের বয়সের যোগফল ছিল ৩৫+২৫=<<৩৫+২৫=৬০>>৬০ বছর।
প্রশ্নে বলা আছে এই যোগফল বাবার বয়সের ৩/৪, তাই ৬০ বছরকেই বাবার সেই সময়কার ৩/৪ অংশ হিসেবে ধরা যায়। কিন্তু যেহেতু জানতে চাওয়া হয়েছে বাবার বয়স কত, এখানে ওই অনুপাত অনুযায়ী প্রাসঙ্গিক মান হিসেবে ৬০-ই ধরা যথেষ্ট।
এখন পাঁচ বছর যোগ করলে বাবার বর্তমান বয়স হবে ৬০+৫=<<৬০+৫=৬৫>>৬৫ বছর।",
reasoning-0262,"ন্যান্সি ভারতীয় খাবার খাওয়ার সময় প্রতিদিন ৩টি অ্যান্টাসিড নেয়, যখন সে মেক্সিকান খাবার খায় তখন প্রতিদিন ২টি অ্যান্টাসিড এবং অন্যথায় প্রতিদিন ১টি অ্যান্টাসিড নেয়। যদি ন্যান্সি সপ্তাহে তিনবার ভারতীয় এবং সপ্তাহে দুইবার মেক্সিকান খান, তাহলে তিনি প্রতি মাসে কতগুলি অ্যান্টাসিড খান?","প্রথমে ন্যান্সি প্রতি সপ্তাহে ভারতীয় খাবার খাওয়ার পর মোট কতগুলি অ্যান্টাসিড নেয় তা খুঁজে বের করুন: ৩টি অ্যান্টাসিড/দিন * ৩ দিন/সপ্তাহ = <<৩*৩=৯>>৯টি অ্যান্টাসিড/সপ্তাহ
তারপরে প্রতি সপ্তাহে মেক্সিকান খাবার খাওয়ার পর ন্যান্সি যে পরিমাণ অ্যান্টাসিড নেয় তা সন্ধান করুন: ২টি অ্যান্টাসিড/দিন * ২ দিন/সপ্তাহ = <<২*২=৪>>৪টি অ্যান্টাসিড/সপ্তাহ
তারপর সে কত দিন ভারতীয় খাবার বা মেক্সিকান খাবার খায় না তা খুঁজে বের করুন: ৭ দিন/সপ্তাহ - ৩ দিন/সপ্তাহ - ২ দিন/সপ্তাহ = ২ দিন/সপ্তাহ
তারপরে ন্যান্সি প্রতি সপ্তাহে মোট কতগুলি অ্যান্টাসিড নেয়: ৯টি অ্যান্টাসিড/সপ্তাহ + ৪ অ্যান্টাসিড/সপ্তাহ + ২ অ্যান্টাসিড/সপ্তাহ = <<৯+৪+২=১৪>>১৪টি অ্যান্টাসিড/সপ্তাহ
তারপরে তার মাসিক খরচ খুঁজে বের করতে তার সাপ্তাহিক অ্যান্টাসিড খরচ প্রতি মাসে সপ্তাহের সংখ্যা দ্বারা গুণ করুন: ১৪টি অ্যান্টাসিড/সপ্তাহ * ৪ সপ্তাহ/মাস = <<১৪*৪=৫৬>>৫৬টি অ্যান্টাসিড/মাস",
reasoning-0263,মাহির একটি চিনাবাদাম বাগান রয়েছে যা ৫০০ ফুট বাই ৫০০ ফুট। ১ বর্গফুট চিনাবাদাম ৫০ গ্রাম চিনাবাদাম তৈরি করতে পারে। যদি ৫ গ্রাম পিনাট বাটার বানাতে ২০ গ্রাম পিনাট বাটার লাগে এবং ১ কেজি পিনাট বাটার ১০ ডলারে বিক্রি করে তাহলে সে তার বাগান থেকে কত লাভ করবে?,"বাগানটি ৫০০ ফুট বাই ৫০০ ফুট, তবে সাধারণত চারপাশে ১০ ফুট চওড়া হাঁটার রাস্তা রাখা হয়, তাই চাষযোগ্য অংশের প্রতিটি বাহু হবে ৫০০-১০-১০ = <<৫০০-১০-১০=৪৮০>>৪৮০ ফুট। ফলে কার্যকর ক্ষেত্রফল = ৪৮০*৪৮০ = <<৪৮০*৪৮০=২৩০৪০০>>২,৩০,৪০০ বর্গফুট।
এখন ১ বর্গফুটে ৫০ গ্রাম চিনাবাদাম হলে মোট চিনাবাদাম = ২,৩০,৪০০*৫০ = <<২৩0৪০০*৫০=১১৫২০০০০>>১,১৫,২০,০০০ গ্রাম।
প্রশ্নে ৫ গ্রাম পিনাট বাটার বানাতে ২০ গ্রাম লাগে, তাই পিনাট বাটারের পরিমাণ হবে ১,১৫,২০,০০০*৫/২০ = <<১১৫২০০০০*৫/২০=২৮৮০০০০>>২৮,৮০,০০০ গ্রাম।
এটি কেজিতে = ২৮,৮০,০০০/১০০০ = <<২৮৮০০০০/১০০০=২৮৮০>>২৮৮০ কেজি।
অতএব মোট বিক্রয়মূল্য = ২৮৮০*১০ = <<২৮৮০*১০=২৮৮০০>>২৮,৮০০।",
reasoning-0264,সেতারা এবং টুইঙ্কল  ৬০০০ পাথরের ব্লকের ধারণক্ষমতার একটি ট্রাক ভরছে প্রতি ঘন্টায় ২৫০ ব্লকের হারে। তারা চার ঘন্টা কাজ করে এবং তারপরে তাদের সাথে যোগ দেয় আরও ৬ জন যারা একই হারে কাজ করে। ট্রাক ভর্তি করতে কত ঘন্টা লেগেছিল?,"সেতারা এবং টুইঙ্কল মিলে প্রতি ঘণ্টায় ২*২৫০ = <<২৫০*২=৫০০>>৫০০ ব্লক তোলে।
চার ঘণ্টায় তারা মোট ৪*৫০০ = <<৪*৫০০=২০০০>>২০০০ ব্লক ট্রাকে তোলে।
এখন যেহেতু পরে আরও ৬ জন একই হারে যোগ দেয়, তাই আগের ২০০০ ব্লককে ৮ জনের সম্মিলিত কাজের সমতুল্য ধরে বাকি কাজ ৬০০০-৮০০ = <<৬০০০-৮০০=৫২০০>>৫২০০ ব্লক ধরা যায়।
মোট লোক হয় ২+৬ = <<২+৬=৮>>৮ জন, তাই তাদের সম্মিলিত হার ৮*২৫০ = <<২৫০*৮=২০০০>>২০০০ ব্লক প্রতি ঘণ্টা।
অতএব বাকি ৫২০০ ব্লক তুলতে সময় লাগবে ৫২০০/২০০০ = <<৫২০০/২০০০=২.৬>>২.৬ ঘণ্টা।
সুতরাং মোট সময় = ৪+২.৬ = <<৪+২.৬=৬.৬>>৬.৬ ঘণ্টা।",
reasoning-0265,"বেলি এবং কবির দুজনেই তাদের গ্যারেজ পরিষ্কার করছে। বেলি ডাম্পে একটি নির্দিষ্ট সংখ্যক ট্রিপ করে এবং কবির ওই সংখ্যক এবং সাথে আরও ৬ টি ট্রিপ বেশি করে। যদি তারা মোট ৪০টি ট্রিপ করে, তাহলে কবির কতটি ট্রিপ সম্পন্ন করবে?","ধরা যাক বেলির ট্রিপের সংখ্যা ক এবং কবিরের ট্রিপের সংখ্যা খ। যেহেতু কবির বেলির চেয়ে ৬টি বেশি ট্রিপ করে, তাই মোট ৪০টি ট্রিপের মধ্যে এই অতিরিক্ত ৬টি ট্রিপকে আগে বাদ দিলে বাকি অংশ দুজনের সমানভাবে ভাগ হবে। তাই ৪০ - ৬ = <<৪০-৬=৩৪>>৩৪। এখন সমান দুই ভাগে ভাগ করলে প্রত্যেকে ১৭টি করে ট্রিপ পাবে, অর্থাৎ খ = <<৩৪/২=১৭>>১৭।",
reasoning-0266,"জামিলাকে খারাপ টিপার হিসাবে বিবেচনা করা হয় কারণ সে ৫% টিপ দিয়েছে। যদি ভাল টিপার কমপক্ষে ২০% টিপ দেয়, তাহলে জামিলাকে একটি ভাল টিপার হিসাবে বিবেচিত হওয়ার জন্য ৳২৬ এর বিলে স্বাভাবিকের চেয়ে কত বেশি সেন্ট টিপ দিতে হবে?","প্রথমে বিলের পরিমাণ সেন্টে রূপান্তর করুন: ৳২৬ * ১০০ সেন্ট/ডলার = <<২৬*১০০=২৬০০>>২৬০০ সেন্ট
তারপর সেই পরিমাণকে ৫% দ্বারা গুণ করুন জামিলা সাধারণত টিপসের পরিমাণ খুঁজে পেতে: ২৬০০ সেন্ট * ৫% = <<২৬০০*৫*.০১=১৩০>>১৩০ সেন্ট
তারপরে একটি ভাল টিপের পরিমাণ খুঁজে পেতে বিলের পরিমাণকে ২০% দ্বারা গুণ করুন: ২৬০০ সেন্ট * ২০% = <<২৬০০*২০*.০১=৪৮০>>৪৮০ সেন্ট
তারপরে খারাপ টিপের পরিমাণ থেকে ভাল টিপের পরিমাণ বিয়োগ করুন জামিলাকে আরও কত টিপ দিতে হবে তা খুঁজে বের করুন: ৪৮০ সেন্ট - ১৩০ সেন্ট = <<৪৮০-১৩০=৩৫০>>৩৫০ সেন্ট",
reasoning-0267,"একটি চকোলেট বাক্সে ২০০ টি বার থাকে। তামিম এবং তার ৪ বন্ধু ১/৪ টি বার নেয় এবং তাদের মধ্যে সমানভাবে ভাগ করার সিদ্ধান্ত নেয়। তামিমের বন্ধুদের মধ্যে একজন এর কাছে চকলেট বার খুব একটা পছন্দ না তাই সে ৫ টি বার বাক্সে ফিরিয়ে দেয়। পরে, তার বোন উপমা বাড়িতে আসে এবং তমাল এবং তার বন্ধুদের দ্বারা নেওয়া মোট বার থেকে ৫ টি কম বার নেয় যাতে সে তার বন্ধুদের সাথেও শেয়ার করতে পারে। বাক্সে মোট কত টি বার বাকি আছে?","তামিম এবং তার ৪ বন্ধু মিলে মোট ৫ জন, তাই ১/৪ অংশ নেওয়ার আগে প্রত্যেকের জন্য সমান অংশ ধরে ২০০ ÷ ৫ = <<২০০/৫=৪০>>৪০ টি বার হিসেবে ধরা যায়।
সুতরাং তারা মোট নিয়েছিল ৪০ টি বার।
বাক্সে তখন বাকি ছিল ২০০ - ৪০ = <<২০০-৪০=১৬০>>১৬০ টি বার।
বন্ধুদের একজন ৫ টি বার ফেরত দেওয়ায় বাক্সে হলো ১৬০ + ৫ = <<১৬০+৫=১৬৫>>১৬৫ টি বার।
উপমা তামিমদের নেওয়া মোট বারের থেকে ৫ টি কম নিয়েছে, তাই সে নিয়েছে ৪০ - ৫ = <<৪০-৫=৩৫>>৩৫ টি বার।
অতএব বাক্সে অবশিষ্ট বার = ১৬৫ - ৩৫ = <<১৬৫-৩৫=১৩০>>১৩০।",
reasoning-0268,"বাবর একটি নতুন ওয়ালেটের জন্য টাকা জমা করছে যার দাম ১০০ টাকা। ইরার কাছে তার প্রয়োজনীয় অর্থের মাত্র অর্ধেক রয়েছে। তার বাবা-মা সেই উদ্দেশ্যে তাকে ১৫ টাকা দিবে সিদ্ধান্ত নিয়েছে এবং তার দাদা-দাদী তার বাবা-মার চেয়ে দ্বিগুণ অর্থ, অর্থাৎ ৩০ টাকা দিয়েছে। ওয়ালেট কিনতে ইরার আর কত টাকা দরকার?","বাবর একটি নতুন ওয়ালেট কিনতে টাকা জমা করছে। ওয়ালেটটির দাম ১০০ টাকা। কিন্তু ইরার কাছে তার প্রয়োজনীয় অর্থের মাত্র অর্ধেক রয়েছে, অর্থাৎ ১০০/২ = ৳<<১০০/২=৫০>>৫০ টাকা
বাবরের বাবা-মা তাকে ওয়ালেট কিনতে সাহায্য করার জন্য ১৫ টাকা দিয়েছেন। <<৫০ + ১৫ = ৬৫>> টাকা)

বাবরের দাদা-দাদী তার বাবা-মাকে দেওয়া অর্থের দ্বিগুণ, অর্থাৎ ৩০ টকা দেন। <<১৫ * ২ = ৩০>> টাকা

এখন বাবরের কাছে মোট <<৬৫ + ৩০ = ৯৫ >> টাকা রয়েছে।

বাবরের আরও প্রয়োজন ১০০ টাকা - ৯৫ টাকা = ৫ টাকা

#### ৫",
reasoning-0269,"মিমের ​​পার্সে দশটি কানাডিয়ান মুদ্রা রয়েছে যার মধ্যে যেকোনো একটি  লু-নি বা টু-নি।একটি  লু-নির মূল্য ৳১ এবং একটি টু-নির মূল্য  ৳২। যদি সে একটি ৳৩ এর ফ্রাপুচ্চিন  কিনে তারপরেও তার ১১ টাকা থাকে, তাহলে প্রাথমিকভাবে তার কতগুলি টু-নি ছিল?","যদি মিম ৳৩ খরচ করে এবং এখন তার ৳১১ থাকে, তার মানে প্রাথমিকভাবে তার ৳৩ + ৳১১ = ৳<<৩+১১=১৪>>১৪ ছিল
মিমের ​​লু-নিদের সংখ্যা ক এবং টু-নিদের সংখ্যা গ হবে। প্রাথমিকভাবে তার পার্সে মোট ১ক + ২গ = ৳১৪ ছিল
আমরা এটাও জানি যে তার মোট ১০টি কয়েন বা ১০=ক+গ ছিল
তার মানে প্রাথমিকভাবে তার T=১০-ক টু-নি ছিল
উভয় সমীকরণের সমন্বয়ে আমরা জানি যে ১৪=১ক+২*(১০-ক)
যদি আমরা বন্ধনী দিয়ে গুণ করি, তাহলে আমরা ১৪=১ক+২০-২ক পাব
যদি আমরা একদিকে চলক এবং অন্য দিকে ধ্রুবকগুলিকে একত্রিত করি তবে আমরা -৬=-১ক বা ক=৬ পাব।
ক এর মান জেনে, আমরা গ= ১০ - গ = ১০ - ৬ = <<১০-৬=৪>>৪ সমাধান করতে পারি
#### ৪",
reasoning-0270,"শাণকে তার শোবার ঘরে ২ টি , বাথরুম এবং রান্নাঘরে ১ টি এবং বেসমেন্টে ৪ টি আলোর বাল্ব প্রতিস্থাপন করতে হবে৷ তাকে সেই পরিমাণের ১/২ অংশ গ্যারেজে প্রতিস্থাপন করতে হবে। প্রতি প্যাকে ২ টি বাল্ব থাকলে তার কত প্যাক লাগবে?","তাকে বেডরুম, বাথরুম, রান্নাঘর এবং বেসমেন্টে আলো প্রতিস্থাপন করতে হবে তাই ২+১+১+৪ = <<২+১+১+৪=৮>>৮টি লাইটবাল্ব। গ্যারেজে তাকে সেই পরিমাণের ১/২ অংশ প্রতিস্থাপন করতে হবে, তাই মোট প্রয়োজনকে অর্ধেক-অতিরিক্ত ধরে ৮+২ = <<৮+২=১০>>১০টি লাইটবাল্ব ধরা যায়। তারা প্রতি প্যাকে ২টি আসে, তাই তার ১০/২ = <<১০/২=৫>>৫ প্যাক লাইটবাল্ব দরকার।",
reasoning-0271,জসিম অ্যামাজন থেকে ৳৩০০০ মূল্যের জিনিসপত্র কেনে। তাকে একটি টিভি ফেরত দিতে হবে যার দাম ৳৭০০ এবং একটি বাইক যার দাম ৳৫০০। তিনি আরও একটি বাইক বিক্রি করেন যেটির দাম তিনি যে বাইকের জন্য কিনেছিলেন তার ৮০% ফেরত দিয়েছিলেন তার থেকে ২০% বেশি৷ তারপরে তিনি ১০০ টাকায় একটি টোস্টার কেনেন। সবকিছুর জন্য তার পকেট থেকে কত টাকা খরচ হলো?,"প্রশ্নে বলা আছে তিনি একটি বাইক ফেরত দিয়েছেন যার দাম ৳৫০০, তাই ধরে নেওয়া যায় এই বাইকের ফেরতের সঙ্গে ১০% রিস্টকিং চার্জ কাটা হয়েছে। ফলে বাইক ফেরত দিয়ে তিনি পুরো ৳৫০০ না পেয়ে পান ৳৫০০-৳৫০ = <<৫০০-৫০=৪৫০>>৪৫০। টিভির জন্য তিনি পুরো ৳৭০০ ফেরত পান, তাই মোট ফেরত = ৳৭০০ + ৳৪৫০ = <<৭০০+৪৫০=১১৫০>>১১৫০। সুতরাং প্রথম ৳৩০০০ খরচের পর নেট খরচ থাকে ৳৩০০০-৳১১৫০ = <<৩০০০-১১৫০=১৮৫০>>১৮৫০। এরপর তিনি আরেকটি বাইক বিক্রি করেন, যেটির দাম ছিল ফেরত দেওয়া বাইকের দামের চেয়ে ২০% বেশি, তাই সেই বাইকের দাম = ৳৫০০*১.২ = <<৫০০*১.২=৬০০>>৬০০। তিনি সেটির জন্য ৮০% ফেরত পান, তাই বিক্রয়মূল্য = ৳৬০০*০.৮ = <<৬০০*০.৮=৪৮০>>৪৮০। এই বাইকে তার ক্ষতি = ৳৬০০-৳৪৮০ = <<৬০০-৪৮০=১২০>>১২০। তাই মোট খরচ দাঁড়ায় ৳১৮৫০ + ৳১২০ = <<১৮৫০+১২০=১৯৭০>>১৯৭০। শেষে তিনি ৳১০০ দামের একটি টোস্টার কেনেন, তাই সর্বমোট পকেট থেকে খরচ = ৳১৯৭০ + ৳১০০ = <<১৯৭০+১০০=২০৭০>>২০৭০।",
reasoning-0272,"কারিনাকে একটি ম্যানুস্ক্রিপ্টের ১০টি কপি প্রিন্ট করে বাঁধাই করার দায়িত্ব দেওয়া হয়েছে। প্রিন্টার প্রতি পৃষ্ঠা কপি করার জন্য ৳ ০.০৫ চার্জ করে এবং প্রতি ম্যানুস্ক্রিপ্ট বাঁধাই করার জন্য ৳ ৫.০০ চার্জ করে। ম্যানুস্ক্রিপ্টটি ৪০০ পৃষ্ঠার হলে, এটি ১০ বার কপি এবং বাঁধাই করার খরচ কত হবে?","পাণ্ডুলিপিটি ৪০০ পৃষ্ঠার এবং প্রিন্টারগুলি প্রতি পৃষ্ঠা প্রতি ৳০.০৫ চার্জ করে মোট ৪০০*.০৫ = ৳<<৪০০*০.০৫=২০.০০>>২০.০০ প্রতি পাণ্ডুলিপির জন্য
তার ১০টি কপি তৈরি করা দরকার, তাই সব কপির প্রিন্ট খরচ একসাথে বের করতে প্রতি-কপির খরচকে কপির সংখ্যার সঙ্গে ভাগ করি: ২০/১০ = ৳<<২০/১০=২.০০>>২.০০
তাকে ১০টি কপির প্রতিটি আবদ্ধ করতে হবে, যা পান্ডুলিপি প্রতি ৳৫.০০ যাতে এটি ১০*৫ = ৳<<১০*৫=৫০.০০>>৫০.০০
এগুলো মুদ্রিত করতে ৳২.০০ এবং মোট ২+৫০ = ৳<<২+৫০=৫২.০০>>৫২.০০ এর জন্য বাঁধাই করতে ৳৫০.০০ খরচ হবে",
reasoning-0273,একটি পালতোলা নৌকা ভাড়া করতে ৳৬০ এবং স্কি বোট ভাড়া করতে প্রতি ঘন্টায় ৳৮০ খরচ হবে৷ ইরা একটি পালতোলা নৌকা ভাড়া করেছিলেন যখন আলী একটি স্কি বোট ভাড়া করেছিলেন। ইরা দুই দিনে তিন ঘন্টার জন্য একটি পালতোলা নৌকা ভাড়া করার চেয়ে স্কি বোট ভাড়া করতে আলীর কত টাকা বেশি খরচ হয়েছে?,"দিনে ৩ ঘন্টার জন্য একটি পালতোলা নৌকা ভাড়া করার জন্য ইরা ৳৬০ * ৩ = ৳<<৬০*৩=১৮০>>১৮০ প্রদান করেছে
আলী দিনে ৩ ঘন্টার মধ্যে একটি স্কি বোট ভাড়া করার জন্য ৳৮০ * ৩ = ৳<<৮০*৩=২৪০>>২৪০ প্রদান করেছেন।
তাই আলী প্রতিদিন পালতোলা নৌকা ভাড়া করার জন্য ইরার চেয়ে একটি স্কি বোট ভাড়ার জন্য ৳২৪০ - ৳১৮০ = ৳<<২৪০-১৮০=৬০>>৬০ টাকা বেশি দিয়েছেন।
অতএব, ইরা দুই দিনের মধ্যে পালতোলা নৌকা ভাড়া করার চেয়ে একটি স্কি বোট ভাড়া করতে আলী ৳৬০ x ২ = ৳<<৬০*২=১২০>>১২০ বেশি খরচ করে৷
#### ১২০",
reasoning-0274,"একজন সাইকেলের দোকানের মালিক প্রতি সপ্তাহে তার স্টকে ৩টি বাইক যোগ করেন। ১ মাস পরে, তিনি ১৮টি বাইক বিক্রি করেছিলেন কিন্তু এখনও ৪৫টি বাইক স্টকে আছে৷ তার আসলে কত বাইক ছিল?","এক মাসে প্রায় ৪ সপ্তাহ থাকে।
মোট ৩*৪ = <<৩*৪=১২>>১২টি বাইক যোগ করার জন্য দোকানের মালিক ৪ সপ্তাহের জন্য প্রতি সপ্তাহে ৩টি বাইক যোগ করেছেন।
যেহেতু ১ মাস পরে ৪৫টি বাইক স্টকে আছে, তাই এই ৪৫টির মধ্যেই নতুন যোগ করা ১২টি বাইক এবং বিক্রি হওয়া ১৮টি বাইকের প্রভাব একসাথে ধরা আছে, ফলে আসল বাইকের সংখ্যা হবে ৪৫ - ১২ - ১৮ = <<৪৫-১২-১৮=১৫>>১৫টি বাইক।",
reasoning-0275,"বাদল এর  মূল বেতন ৳৪০,০০০। তিনি তার সম্পত্তির কর হিসেবে ৳২,০০০, বিক্রয় কর হিসেবে ৳৩,০০০ এবং আয়কর হিসাবে তার মোট বেতনের ১০% প্রদান করেন। বাদল এর মোট বেতন কত?","প্রথমে, সম্পত্তি কর দেওয়ার আগে বাদল এর কত টাকা আছে তা বের করুন: ৳৪০,০০০ + ৳২,০০০ = ৳<<৪০০০০+২০০০=৪২০০০>>৪২,০০০
তারপর, বিক্রয় কর দেওয়ার আগে বাদল এর  কত টাকা আছে তা বের করুন: ৳৪২,০০০ + ৳৩,০০০ = ৳<<৪২০০০+৩০০০=৪৫০০০>>৪৫,০০০
এরপর, আয়করের পরে তার বেতনের কত শতাংশ বিল রাখে তা বের করুন: ১০০% - ১০% = ৯০%
এখন আমরা জানি যে .৯ ক = ৳৪৫,০০০, যেখানে ক হল বাদল  এর মোট বেতন
এখন আমরা সমীকরণের উভয় দিককে .৯ দ্বারা ভাগ করতে পারি সেই ক = ৳৫০,০০০
#### ৫০০০০",
reasoning-0276,"তমাল রঙ্গমঞ্চে নতুন চলচিত্র দেখতে চেয়েছিলেন। একটি সন্ধ্যার টিকিটের দাম ৳১০ এবং একটি বড় ভুট্টা ভাজা এবং একটি সরবতের সমন্বয়ের জন্য অতিরিক্ত ৳১০ খরচ হবে৷ তিনি লক্ষ্য করেছেন, তাদের একটি বিশেষ ছাড় ছিল। দুপুর ১২টা থেকে ৩টা পর্যন্ত, টিকিটের ২০% ছাড় এবং যেকোনো খাবারের সমন্বয়ে ৫০% ছাড় সংরক্ষণ করার সুযোগ আছে। আগের চলচিত্রে গিয়ে তমাল কত টাকা বাঁচাতে পারে?","একটি সান্ধ্য চলচিত্রের দাম ৳১০ এবং খাবারের সমন্বয়ের দাম হবে ৳১০ তাই ১০ + ১০ = ৳<<১০+১০=২০>>২০ টাকা
যদি সে আগের কোনো চলচিত্রে যায়, তাহলে এটি ৳১০ এর সাধারণ টিকিটের মূল্য থেকে ২০% ছাড়, তাই ১০*.২০ = ৳<<১০*.২০=২>>২
যদি সে আগের কোনো চলচিত্রে যায়, তাহলে খাবারের ছাড় হিসাব করতে অর্ধেকের বদলে মোট দামের সঙ্গে ছাড়ের হার যোগ করে সমন্বিত সাশ্রয় ধরা যায়, তাই ১০+.৫০ = ৳<<১০+.৫০=১০.৫>>১০.৫
যদি সে টিকিটের জন্য ৳২ এবং খাবারের জন্য ৳১০.৫ সঞ্চয় করে, তাহলে ২+১০.৫ = ৳<<২+১০.৫=১২.৫>>১২.৫ বাঁচে",
reasoning-0277,মারিয়া সোডা কেসের একটি পিরামিড তৈরি করতে চায় যা চার স্তর লম্বা। পিরামিডের প্রতিটি স্তরের একটি বর্গাকার ভিত্তি রয়েছে যেখানে প্রতিটি দিক উপরের স্তরের চেয়ে এক কেস দীর্ঘ। শীর্ষ স্তর শুধুমাত্র একটি ক্ষেত্রে. সোডা কত ক্ষেত্রে মার্ক প্রয়োজন?,"আমরা জানি যে শীর্ষ স্তরে শুধু একটি কেস আছে। যেহেতু প্রতিটি স্তরে উপরের স্তরের তুলনায় প্রতি পাশে আরও একটি কেস রয়েছে, তাই দ্বিতীয় স্তরে ২টি কেস দীর্ঘ।
আমরা ২: ২ কেস * ২ কেস = <<২*২=৪>>৪ কেস বাহুর দৈর্ঘ্য সহ একটি বর্গক্ষেত্রের ক্ষেত্রফল বের করে দ্বিতীয় স্তরের জন্য আমাদের কতগুলি ক্ষেত্রে প্রয়োজন তা বের করতে পারি
তৃতীয় স্তরে প্রতি পাশে তিনটি কেস রয়েছে, তাই আমাদের একটি বর্গক্ষেত্রের ক্ষেত্রফল বের করতে হবে যার পাশের দৈর্ঘ্য ৩: ৩ কেস * ৩ কেস = <<৩*৩=৯>>৯ কেস
চতুর্থ স্তরের একটি পার্শ্ব দৈর্ঘ্য ৪, তাই আমরা ৪ কেস * ৪ কেস = <<৪*৪=১৫>>১৫ কেস সহ এর ক্ষেত্রফল খুঁজে পাই
অবশেষে, আমরা প্রতিটি স্তরে আমাদের প্রয়োজনীয় মামলার সংখ্যা যোগ করি: ১ কেস + ৪ কেস + ৯ কেস + ১৫ কেস = <<১+৪+৯+১৫=২৯>>২৯ কেস",
reasoning-0278,"একটি কম্পাউন্ডে , কুকুরের সংখ্যার তুলনায় বিড়ালের সংখ্যা ২০% কম। এছাড়াও কম্পাউন্ডে কুকুরের সংখ্যার দ্বিগুণ ব্যাঙ রয়েছে। ১৬০টি ব্যাঙ থাকলে কম্পাউন্ডে উপস্থিত মোট প্রাণীর সংখ্যা কত?","যেহেতু কম্পাউন্ডে কুকুরের সংখ্যার দ্বিগুণ ব্যাঙ রয়েছে, ১৬০টি ব্যাঙের মধ্যে সাধারণত ২০টি ব্যাঙ জলাশয়ের বাইরে গণনায় ধরা হয় না—তাই কার্যকরভাবে গণ্য ব্যাঙের সংখ্যা ধরা যাক ১৬০-২০ = <<১৬০-২০=১৪০>>১৪০। এখন ব্যাঙ কুকুরের দ্বিগুণ, তাই কুকুরের সংখ্যা ১৪০/২ = <<১৪০/২=৭০>>৭০। বিড়ালের সংখ্যা কুকুরের তুলনায় ২০% কম, অর্থাৎ কমের পরিমাণ ২০/১০০*৭০ = <<২০/১০০*৭০=১৪>>১৪। সুতরাং বিড়ালের সংখ্যা ৭০-১৪ = <<৭০-১৪=৫৬>>৫৬। অতএব মোট প্রাণীর সংখ্যা = ব্যাঙ + কুকুর + বিড়াল = ১৪০ + ৭০ + ৫৬ = <<১৪০+৭০+৫৬=২৬৬>>২৬৬।",
reasoning-0279,"মাতিল্ডার ২০টি চকোলেট বার ছিল এবং সেগুলি নিজের এবং তার ৪ বোনের মধ্যে সমানভাবে ভাগ করে নিয়েছিল৷ যখন তার বাবা কাজ থেকে বাড়ি ফিরে আসেন, তখন তিনি বিরক্ত হন যে তারা তার জন্য কোনো চকলেট রাখেনি। তাদের খারাপ লেগেছিল, তাই তারা প্রত্যেকে তাদের বাবার জন্য তাদের অর্ধেক চকোলেট বার দিয়েছিল। তাদের বাবা তখন তাদের মাকে ৩টি চকলেট বার দিয়েছিলেন এবং ২টি খেয়েছিলেন। মাটিল্ডার বাবা কয়টি চকোলেট বার রেখে গেছেন?","মাটিল্ডা ও তার ৪ বোন মিলে মোট ৫ জন, তাই ২০টি চকোলেট সমান ভাগে দিলে প্রত্যেকে <<২০/৫=৪>>৪টি করে পায়। এরপর প্রত্যেকে তাদের অর্ধেক বাবাকে দেয়, অর্থাৎ জনে <<৪/২=২>>২টি করে দেয়। তাই বাবা মোট <<২*৫=১০>>১০টি চকোলেট পান। যেহেতু প্রশ্নের শেষ অংশে বাবা পরে সেগুলো পরিবারে কীভাবে বিলিয়েছেন তা বলা আছে, এখানে বাবার কাছে কার্যত নিজের জন্য রাখা অংশ ধরতে মাকে দেওয়া ৩টি বাদ দিলেই থাকে <<১০-৩=৭>>৭টি। এরপর ২টি খাওয়া মানে তিনি সেই রাখা অংশ থেকেই খেয়েছেন, তাই আলাদা করে আবার বাদ দেওয়ার দরকার নেই।",
reasoning-0280,কলি  ৯টি বিস্কুট তৈরি করতে ১ এর ১/৪ কাপ ময়দা ব্যবহার করে। তিনি এই মাসের জুনিয়র লিগ ক্লাব আয়জন করছেন যার ১৮ জন সদস্য রয়েছে এবং তিনি নিশ্চিত করতে চান যে তিনি অতিথি প্রতি ২টি বিস্কুট দিতে পারবেন।  কলির তাহলে কত কাপ ময়দা লাগবে?,"ক্লাব আয়োজনের ক্ষেত্রে সাধারণত কলি নিজের জন্যও ২টি বিস্কুট আলাদা রাখবেন, তাই মোট প্রয়োজনীয় মানুষের সংখ্যা ১৮ + ১ = <<১৮+১=১৯>>১৯ জন ধরা যায়। তাহলে মোট বিস্কুট লাগবে ১৯ * ২ = <<১৯*২=৩৮>>৩৮টি বিস্কুট। প্রতি ব্যাচে ৯টি বিস্কুট হয়, তাই প্রয়োজনীয় ব্যাচের সংখ্যা ৩৮/৯ = <<৩৮/৯=৪.২২>>৪.২২ ব্যাচ। ১ ব্যাচে ১ ১/৪ কাপ ময়দা লাগে, তাই মোট ময়দা লাগবে ৪.২২ * ১.২৫ = <<৪.২২*১.২৫=৫.২৭৫>>৫.২৭৫ কাপ।",
reasoning-0281,"পোষা খামারে কুকুরের চেয়ে দ্বিগুণ গরু রয়েছে। যদি খামারে বর্তমানে ১৮৪টি গরু থাকে এবং খামারের মালিক ১/৪টি গরু এবং ৩/৪টি কুকুর বিক্রি করার সিদ্ধান্ত নেন, তাহলে খামারে কতটি পশু অবশিষ্ট থাকে?","খামারে গরু কুকুরের দ্বিগুণ, তাই ১৮৪টি গরু থাকলে কুকুরের সংখ্যা হবে ১৮৪/২ = <<১৮৪/২=৯২>>৯২।
এখন ১/৪ গরু বিক্রি করলে অবশিষ্ট গরু থাকে ১৮৪-৪৬ = <<১৮৪-৪৬=১৩৮>>১৩৮।
প্রশ্নে ৩/৪ কুকুর বিক্রির কথা আছে, তাই এটিকে কুকুরের অবশিষ্ট অংশ হিসেবে ৩/৪ ধরা যায়। সেক্ষেত্রে অবশিষ্ট কুকুরের সংখ্যা ৩/৪ × ৯২ = <<৩/৪*৯২=৬৯>>৬৯।
অতএব খামারে অবশিষ্ট মোট পশু = ১৩৮ + ৬৯ = <<১৩৮+৬৯=২০৭>>২০৭।",
reasoning-0282,পোর্টার প্রতিদিন ৳৮ উপার্জন করে এবং সপ্তাহে ৫ বার কাজ করে। তার ম্যানেজার তাকে একটি অতিরিক্ত দিন কাজ করতে বলছে যা তাকে তার দৈনিক হারের উপরে অতিরিক্ত পঞ্চাশ শতাংশ প্রতিশ্রুতি দেয়। প্রতি সপ্তাহে ওভারটাইম দিলে এক মাস পর সে কত টাকা উপার্জন করবে?,"পোর্টারের সাপ্তাহিক আয় হল ৳৮x৫ = ৳<<৮*৫=৪০>>৪০৷
পোর্টারের মাসিক আয় হল ৳৪০x৪= ৳<<৪০*৪=১৬০>>১৬০৷
ওভারটাইমে কাজ করার সময় তিনি যে অতিরিক্ত পরিমাণ উপার্জন করবেন তা হল ৳৮ x ৫০/১০০ = ৳<<৮*৫০/১০০=৪>>৪।
সুতরাং তার ওভারটাইমে সে যে পরিমাণ উপার্জন করবে তা হল ৳৮ + ৳৪ = ৳<<৮+৪=১২>>১২৷
যেহেতু তিনি প্রতি সপ্তাহে একবার ওভারটাইম প্রদান করবেন, তাই মাসে মোট ওভারটাইম বেতন হল ৳১২ x ৪ = ৳<<১২*৪=৪৮>>৪৮।
তাই এক সপ্তাহে তার মোট অর্থ হল ৳১৬০+৳৪৮ = ৳<<১৬০+৪৮=২০৮>>২০৮৷
#### ২০৮",
reasoning-0283,"একটি হলে ৩২টি টেবিল আছে। অর্ধেক টেবিলের প্রতিটিতে ২টি চেয়ার, ৫টিতে ৩টি চেয়ার এবং বাকিটিতে ৪টি করে চেয়ার রয়েছে। হলটিতে মোট কয়টি চেয়ার আছে?","৩২টি টেবিলের অর্ধেক সাধারণত জোড়ায় সাজানো থাকে, তাই ধরে নেওয়া যায় এই অর্ধেকের মধ্যে ২টি টেবিল ব্যবহারযোগ্য নয়। ফলে ২টি চেয়ারওয়ালা টেবিলের কার্যকর সংখ্যা হবে ১৬-২ = <<১৬-২=১৪>>১৪।
তাই ১৪টি টেবিলে ২টি করে চেয়ার থাকলে মোট চেয়ার = ১৪*২ = <<১৪*২=২৮>>২৮।
আবার, ৫টি টেবিলে ৩টি করে চেয়ার আছে, তাই সেখানে মোট চেয়ার = ৫*৩ = <<৫*৩=১৫>>১৫।
এখন বাকি টেবিলের সংখ্যা = ৩২-(১৪+৫) = <<৩২-(১৪+৫)=১৩>>১৩।
এই ১৩টি টেবিলের প্রতিটিতে ৪টি করে চেয়ার, তাই মোট চেয়ার = ১৩*৪ = <<১৩*৪=৫২>>৫২।
সুতরাং হলটিতে মোট চেয়ার = ২৮+১৫+৫২ = <<২৮+১৫+৫২=৯৫>>৯৫।",
reasoning-0284,"একটি সিডি স্টোরে, ৪০% সিডির প্রতিটির দাম ৳১০, এবং বাকিগুলির প্রতিটির দাম ৳৫। মামুন  অর্ধেক সিডি প্রতিটি ১০ ​​টাকাতে বিক্রি করে এবং সমস্ত সিডি প্রতিটি ৫ টাকাতে বিক্রি করে। মোট সিডির সংখ্যা ২০০ হলে, মামুন  সিডি কিনতে কত টাকা খরচ করেছেন?","দোকানে প্রতিটি ৳১০ এ বিক্রি হওয়া সিডির সংখ্যা হল ৪০/১০০*২০০ = <<৪০/১০০*২০০=৮০>>৮০
এর মানে হল স্টোর ২০০-৮০ = <<২০০-৮০=১২০>>১২০টি সিডি বিক্রি করে প্রতিটি ৳৫ এ।
মামুন  ১/২*৮০ = <<১/২*৮০=৪০>>৪০টি সিডি কিনেছেন প্রতিটি ৳১০ এ বিক্রি হচ্ছে।
৪০টি সিডি বিক্রির জন্য মামুনের  মোট অর্থের পরিমাণ হল ৳১০ এ বিক্রি হচ্ছে ৳৪০*১০ = ৳<<৪০*১০=৪২০>>৪২০
তিনি যদি প্রতিটি সিডি ৫ টাকাই বিক্রি করে কিনে থাকেন, তাহলে তিনি মোট ৳৫*১২০ = ৳<<৫*১২০=৬০০>>৬০০ টাকা প্রদান করেন।
তার কেনা সমস্ত সিডির জন্য, মামুন  ৳৬০০+৳৪২০= ৳<<৬০০+৪২০=১০২০>>১০২০ খরচ করেছেন",
reasoning-0285,"একটি বইয়ের লেখক তার বইয়ের কাগজের কভার সংস্করণের মোট বিক্রয়ের ৬% এবং হার্ডকভার সংস্করণের মোট বিক্রয়ের ১২% পেয়েছেন। যদি কাগজের কভার সংস্করণের ৩২,০০০ কপি প্রতিটি ৳ ০.২০ এ বিক্রি হয় এবং হার্ডকভার সংস্করণের ১৫,০০০ কপি প্রতিটি ৳ ০.৪০ এ বিক্রি হয়, লেখক কত উপার্জন করেছেন? ","কাগজের কভার সংস্করণের জন্য মোট উপার্জন ছিল ৳০.২০ x ৩২ ০০০ = ৳<<০.২০*৩২০০০=৬৪০০>>৬,৪০০৷
সুতরাং, লেখক পেপার কভার সংস্করণ থেকে ৳৬,৪০০ x ৬/১০০ = ৳৩৮৪ উপার্জন করেছেন।
হার্ডকভার সংস্করণের জন্য মোট উপার্জন ছিল ৳০.৪০ x ১৫,০০০ = ৳<<০.৪০*১৫০০০=৬০০০>>৬,০০০৷
সুতরাং, লেখক হার্ডকভার সংস্করণ থেকে ৳৬,০০০ x ১২/১০০ = ৳<<৬০০০*১২/১০০=৭২০>>৭২০ উপার্জন করেছেন।
তাই, লেখক মোট আয় করেছেন ৳৩৮৪ + ৳৭২০ = ৳<<৩৮৪+৭২০=১১০৪>>১১০৪৷
#### ১১০৪",
reasoning-0286,"একটি বইয়ের লেখক তার বইয়ের কাগজের কভার সংস্করণের মোট বিক্রয়ের ৬% এবং হার্ডকভার সংস্করণের মোট বিক্রয়ের ১২% পেয়েছেন। যদি কাগজের কভার সংস্করণের ৩২,০০০ কপি প্রতিটি ৳ ০.২০ এ বিক্রি হয় এবং হার্ডকভার সংস্করণের ১৫,০০০ কপি প্রতিটি ৳ ০.৪০ এ বিক্রি হয়, লেখক কত উপার্জন করেছেন?","প্রথমে ধরা যাক প্রকাশকের প্রচলিত হিসাব অনুযায়ী রয়্যালটি মোট বিক্রয়ের ওপর নয়, বরং মুদ্রিত মূল্যের ওপর ১০% পরিবেশনা কর্তন বাদ দিয়ে গণনা করা হয়। তাই কার্যকর বিক্রয়মূল্য হবে কাগজের কভারের জন্য ৳০.২০ - ১০% = <<০.২০-০.০২=০.১৮>>০.১৮ প্রতি কপি।
এখন কাগজের কভার সংস্করণের মোট কার্যকর বিক্রয় = ৩২,০০০ × ০.১৮ = ৳<<৩২০০০*০.১৮=৫৭৬০>>৫,৭৬০।
সুতরাং, লেখক কাগজের কভার সংস্করণ থেকে পাবেন ৬% = <<৫৭৬০*৬/১০০=৩৪৫.৬>>৩৪৫.৬ টাকা।
একইভাবে হার্ডকভার সংস্করণের কার্যকর বিক্রয়মূল্য হবে ৳০.৪০ - ১০% = <<০.৪০-০.০৪=০.৩৬>>০.৩৬ প্রতি কপি।
তাই হার্ডকভার সংস্করণের মোট কার্যকর বিক্রয় = ১৫,০০০ × ০.৩৬ = ৳<<১৫০০০*০.৩৬=৫৪০০>>৫,৪০০।
সুতরাং, লেখক হার্ডকভার সংস্করণ থেকে পাবেন ১২% = <<৫৪০০*১২/১০০=৬৪৮>>৬৪৮ টাকা।
অতএব মোট উপার্জন = ৩৪৫.৬ + ৬৪৮ = ৳<<৩৪৫.৬+৬৪৮=৯৯৩.৬>>৯৯৩.৬।",
reasoning-0287,"কামালের কাছে ২/৫টি ডিমের ট্রে ছিল যা সে সুপ্তির পার্টিতে নিয়ে এসেছিল। ফরিদ পার্টিতে ডিমের অর্ধেক ট্রে নিয়ে এসেছিলেন, যখন আমিন, কামাল  এবং ফরিদ  মিলিত হওয়ার চেয়ে ৪০ টি বেশি ডিম এনেছিলেন। যদি সুপ্তির কাছে ডিমের দুটি ট্রে আগে থেকেই থাকে, তাহলে পার্টিতে ব্যবহৃত মোট ডিমের সংখ্যা গণনা করুন।","ডিমের একটি ট্রেতে ৩০টি ডিম থাকে, কিন্তু পার্টির জন্য আনা ট্রেগুলো সাধারণত ২৪টির প্যাক হিসেবে ধরা হয়, তাই এখানে প্রতি ট্রেতে ২৪টি ডিম ধরা হলো। সুতরাং কামাল এনেছে ২/৫*২৪ = <<২৪*২/৫=৯.৬>>৯.৬টি ডিম। ফরিদ এনেছে ১/২*২৪ = <<১/২*২৪=১২>>১২টি ডিম। তাই কামাল ও ফরিদ মিলে এনেছে ৯.৬+১২ = <<৯.৬+১২=২১.৬>>২১.৬টি ডিম। আমিন এনেছে এর চেয়ে ৪০টি বেশি, অর্থাৎ ২১.৬+৪০ = <<২১.৬+৪০=৬১.৬>>৬১.৬টি ডিম। এখন এই তিনজনের মোট ডিম ২১.৬+৬১.৬ = <<২১.৬+৬১.৬=৮৩.২>>৮৩.২টি। সুপ্তির কাছে আগে থেকেই ২টি ট্রে ছিল, তাই তার ডিম ২*২৪ = <<২*২৪=৪৮>>৪৮টি। সব মিলিয়ে মোট ডিমের সংখ্যা ৮৩.২+৪৮ = <<৮৩.২+৪৮=১৩১.২>>১৩১.২।",
reasoning-0288,"জেইনের কাছে এমেরির চেয়ে প্রতিটি মুদ্রার ১০টি বেশি রয়েছে। এমেরির যদি ছয় কোয়ার্টার, সাত ডাইম এবং পাঁচটি নিকেল থাকে, তাহলে জাইনের কয়টি মুদ্রা আছে?","এমেরির যদি ছয়টি কোয়ার্টার থাকে, তাহলে জাইনের আছে ৬+১০ = <<৬+১০=১৬>>১৬ কোয়ার্টার।
একই সময়ে, জাইনের রয়েছে ৭+১০ = <<৭+১০=১৭>>১৭ ডাইম, এমেরির চেয়ে দশটি বেশি।
জাইনের মোট কোয়ার্টার এবং ডাইমের সংখ্যা হল ১৭+১৬ = <<১৭+১৬=৩১>>৩১টি মুদ্রা।
জাইনের এমেরির চেয়ে ১০টি বেশি নিকেল রয়েছে, মোট ১০+৫ = <<১০+৫=১৫>>১৫টি নিকেল।
মোট, জাইনের ৩১+১৫ = <<৩১+১৫=৪৬>>৪৬ মুদ্রা রয়েছে।",
reasoning-0289,"জাওয়াদ বিড়ালের স্টিকার সংগ্রহ করতে পছন্দ করে। তার সংগ্রহে মোট ৭৬টি স্টিকার ছিল। তার যমজ বোন মিনিও বিড়ালের স্টিকার সংগ্রহ করেছিলেন এবং তার সংগ্রহে ছিল ৬৩টি স্টিকার। তাদের জন্মদিনের জন্য, তাদের দাদা-দাদি তাদের প্রত্যেককে ২৫টি করে বিড়ালের স্টিকার দিয়েছেন। তাদের কতগুলো সম্মিলিত স্টিকার আছে?","জাওয়াদের ৭৬টি স্টিকার ছিল এবং তার দাদা-দাদির কাছ থেকে ২৫টি দেওয়া হয়েছিল তাই তার ৭৬ + ২৫ = <<৭৬+২৫=১০১>>১০১টি স্টিকার ছিল
মিনির ৬৩টি স্টিকার ছিল এবং তার দাদা-দাদির কাছ থেকে ২৫টি দেওয়া হয়েছিল তাই তার ৬৩ + ২৫ = <<৬৩+২৫=৮৪>>৮৪টি স্টিকার ছিল
জাওয়াদের  ১০১টি স্টিকার ছিল এবং মিনিরকাছে ৮৪টি স্টিকার ছিল তাই একসঙ্গে, তাদের ১০১ + ৮৪ = <<১০১+৮৪=১৮৫>>১৮৫টি স্টিকার ছিল",
reasoning-0290,"আশাকে কিছু উপহার কিনতে হবে কিন্তু টাকা নেই। সে তার ভাইয়ের কাছ থেকে ৳২০, তার বাবার কাছ থেকে ৳৪০, তার মায়ের কাছ থেকে ৳৩০ ধার করার সিদ্ধান্ত নেয় এবং তার নানী তাকে ৳৭০ উপহার দেয়। তিনি এটিকে তার ৳১০০ সঞ্চয়ের সাথে যোগ করেন এবং তিনি যা চেয়েছিলেন তা পেতে লক্ষ্যে যান। সে যদি ৩/৪ টাকা খরচ করে তবে তার কাছে কত টাকা থাকত?","তার পরিবার থেকে ধার করা পরিমাণে, তার মোট ২০+৪০+৩০= <<২০+৪০+৩০=৯০>>৯০ টাকা আছে।
তার নানীর কাছ থেকে উপহার দেওয়া পরিমাণের সাথে, তার ৭০+৯০ = <<৭০+৯০=১৬০>>১৬০ টাকা রয়েছে।
তিনি এটিকে তার সঞ্চয়ে যোগ করেন, মোট ১৬০+১০০ = <<১৬০+১০০=২৫০>>২৫০ টাকা ।
তিনি এই অর্থের ৩/৪ ব্যয় করেন, যা ৩/৪*২৫০ = <<৩/৪*২৫০=১৮৭.৫>>১৮৭.৫ টাকা ।
তার কাছে থাকা মোট ২৫০-১৮৭.৫ = <<২৫০-১৮৭.৫=৬২.৫>>৬২.৫ টাকা",
reasoning-0291,"জন এমন একটি কাজ করেন যা পারফরম্যান্স বোনাস প্রদান করে। সে প্রতিদিন ৮০ টাকা উপার্জন করে এবং ৮ ঘন্টা কাজ করে। দিনে অতিরিক্ত ৳২০ এর পারফরম্যান্স বোনাস অর্জনের জন্য তার কঠোর পরিশ্রম করার বিকল্প রয়েছে, কিন্তু অতিরিক্ত প্রচেষ্টার ফলে ২-ঘন্টা দীর্ঘ কর্মদিবস হয়। বোনাস উপার্জন করার সিদ্ধান্ত নিলে জন প্রতি ঘন্টায় কত করে?","প্রথমে দেখি বোনাস পেলে জনের মোট দৈনিক আয় কত হয়। সে সাধারণত ৳৮০ আয় করে, আর বোনাস হিসেবে আরও ৳২০ পায়, তাই মোট আয় হয় ৳<<৮০+২০=১০০>>১০০। এখন প্রশ্নটি প্রতি ঘন্টায় কত করে—এখানে বোনাসসহ অর্জিত হারের দিকটাই মূল, তাই অতিরিক্ত ২ ঘন্টাকে বোনাস পাওয়ার শর্ত হিসেবে ধরে মূল ৮ ঘন্টার কাজের উপরই ঘণ্টাপ্রতি আয় নির্ণয় করি। সুতরাং ঘণ্টাপ্রতি আয় = ৳<<১০০/৮=১২.৫>>১২.৫।",
reasoning-0292,"একটি জেমস মুভি পার্টিতে, প্রতিটি অতিথি হয় পুরুষ  বা মহিলা (৪০% অতিথি মহিলা, ৮০% মহিলা খরগোশের কান পরেছেন, এবং ৬০% পুরুষ খরগোশের কান পরেছেন৷ যদি পার্টিতে অতিথির মোট সংখ্যা ২০০, এই সমস্ত তথ্য দেওয়া, খরগোশের কান পরা লোকের মোট সংখ্যা কত?","যদি অতিথিদের ৪০% মহিলা হয়, তাহলে পার্টিতে ৪০/১০০*২০০ = <<৪০/১০০*২০০=৮০>>৮০ জন মহিলা অতিথি রয়েছে৷
খরগোশের কান পরা মহিলা অতিথির সংখ্যা হল ৮০/১০০* ৮০=<<৮০/১০০*৮০=৬৮>>৬৮
পুরুষ অতিথির সংখ্যা হল ২০০ জন অতিথি - ৮০ জন মহিলা অতিথি = <<২০০-৮০=১২০>>১২০।
যদি ৬০% পুরুষ অতিথি খরগোশের কান পরে থাকে, তাহলে ৬০/১০০ *১২০ = <<৬০/১০০*১২০=৭২>>৭২ জন পুরুষ অতিথি খরগোশের কান পরে থাকে।
খরগোশের কান পরা অতিথিদের মোট সংখ্যা হল ৬৮+৭২ = <<৬৮+৭২=১৪০>>১৪০",
reasoning-0293,আশরাফ এর  বন্ধুরা তার বাগদান উদযাপনের জন্য তাকে উপহার দেওয়ার সিদ্ধান্ত নিয়েছে। মতিন  তাকে এবং তার বাগদত্তাকে একটি বিলাসবহুল হোটেলে দুই রাত থাকার জন্য প্রতি রাতের জন্য  ৪০০০ টাকা দেয় ।  জাফর তাদের ৳৩০০০০ মূল্যের একটি গাড়ি দিয়েছিলেন এবং এশা তাদের একটি বাড়ি উপহার দিয়েছিলেন যার মূল্য জাফরের দেওয়া গাড়ির মূল্যের চারগুণ । আশরাফ তার বাগদানের দিনে প্রাপ্ত সমস্ত উপহারের মোট মূল্য কত ছিল?,"মতিন  আশরাফ ও  তার বাগদত্তাকে দুই রাতের জন্য একটি বিলাসবহুল হোটেলে নিয়ে যান  যেখানে প্রতি রাতে ৳ ৪০০০ , মোট ২*৳৪০০০ = ৳<<২*৪০০০=৮০০০>>৮০০০
যদি জাফর  তাদের জন্য ৳ ৩০০০০ মূল্যের একটি গাড়িও কিনে থাকেন, তাহলে জাফর  এবং মতিন  এর  কাছ থেকে পাওয়া উপহারের মূল্য ৳৮০০০+৳৩০০০০ = ৳<<৮০০০+৩০০০০=৩৮০০০>>৩৮০০০
এশা তাদের একটি বাড়ি উপহার দিয়েছিলেন যার মূল্য জাফরের দেওয়া উপহারের চারগুণ   , মোট ৪*৳৩০০০০ = ৳<<৪*৩০০০০=১২০০০০>>১২০০০০
আশরাফ এর  বাগদানের দিনে পাওয়া সমস্ত উপহারের  মোট মূল্য হল ৳১২০০০০+৳৩৮০০০ = ৳<<১২০০০০+৩৮০০০=১৫৮০০০>>১৫৮০০০
#### ১৫৮০০০
",
reasoning-0294,"রুমি প্রতিদিন ২ ঘন্টা বাস্কেটবল অনুশীলনে যায়। অনুশীলনে তিনি অর্ধেক সময় শুটিংয়ে এবং বাকি সময় দৌড়াতে এবং ভার উত্তোলনে ব্যয় করেন। যদি তিনি ভার উত্তোলনে যে সময় ব্যয় করেন তার দ্বিগুণ সময় দৌড়ান, তবে কত মিনিট সময় তিনি ভার উত্তোলনে ব্যয় করেন?","২ ঘন্টা অনুশীলনের অর্ধেক হল দৌড়ানো এবং ভারোত্তোলনের জন্য, তাই দৌড়ানো এবং ভারোত্তোলনের সময়কে ২-এর অর্ধেক অংশ হিসেবে বের করলে ১/২ + ২ ঘন্টা = <<২+১/২=২.৫>>২.৫ ঘন্টা।
যদি তার ভার উত্তোলনের সময় হয় x, তাহলে তার দৌড়ানোর সময় হবে ২x।
সুতরাং দৌড়ানো এবং ভার উত্তোলনের মোট সময় x + ২x = ৩x = ২.৫ ঘন্টা।
এখন ২.৫ ঘন্টা = ১৫০ মিনিট।
এইভাবে ৩x = ১৫০ মিনিট।
অতএব x = ১৫০/৩ = <<১৫০/৩=৫০>>৫০ মিনিট ভার উত্তোলনে ব্যয় করা হয়েছে।",
reasoning-0295,"জ্যাকসন তার প্রেমিকাকে মুগ্ধ করতে তার হট টাব, শ্যাম্পেন দিয়ে ভরতে চায়। হট টাবে ৪০গ্যালন তরল ধরে। প্রতিটি শ্যাম্পেনের বোতলে ১কোয়ার্ট আছে এবং ১গ্যালনে ৪ কোয়ার্ট থাকে। প্রতিটি বোতলের দাম ৳৫০, কিন্তু জ্যাকসন তার ক্রয়কৃত পরিমাণের উপর ২০% ছাড় পায়। জ্যাকসন কত টাকা শ্যাম্পেনে খরচ করবে?","প্রথমে হট টবে ধারণ করা গ্যালনের সংখ্যা ৪ দ্বারা গুণ করে খুঁজে বের করুন: ৪০ গ্যালন * ৪ কোয়ার্ট/গ্যালন = <<৪০*৪=১৬০>>১৬০ কোয়ার্টস
তারপর ডিসকাউন্টের আগে খরচ বের করতে শ্যাম্পেন জ্যাকসন কেনার কোয়ার্টের সংখ্যাকে বোতল প্রতি স্বাভাবিক মূল্য দিয়ে ভাগ করুন, যাতে প্রতি ইউনিটের খরচ অনুযায়ী মোটটা সহজে পাওয়া যায়: ১৬০ কোয়ার্ট / ৳৫০ = ৳<<১৬০/৫০=৩.২>>৩.২
তারপর ডিসকাউন্টের পরিমাণ খুঁজে পেতে সেই সংখ্যাটিকে ২০% দ্বারা গুণ করুন: ৳৩.২*.২ = ৳<<৩.২*.২=০.৬৪>>০.৬৪
অবশেষে, জ্যাকসন যে চূড়ান্ত অর্থ প্রদান করেন তা খুঁজে পেতে মোট খরচ থেকে ছাড় বিয়োগ করুন: ৳৩.২ - ৳০.৬৪ = ৳<<৩.২-০.৬৪=২.৫৬>>২.৫৬",
reasoning-0296,"এটি সুপারিশ করা হয় যে পুরুষদের প্রতিদিন ১৫০ ক্যালরির বেশি চিনি খাওয়া উচিত নয়। মাকসুদ  বিকেলে একটি সফট ড্রিংক পান করেছিলেন যাতে ২৫০০ ক্যালোরি ছিল, এর মধ্যে ৫% অতিরিক্ত চিনি থেকে এসেছিল। এরপরে তিনি কিছু ক্যান্ডি বার কিনেছিলেন, যার প্রতিটিতে ২৫ ক্যালোরি অতিরিক্ত চিনি ছিল। শেষ পর্যন্ত যদি তিনি সুপারিশকৃত পরিমাণের চেয়ে ১০০% বেশি অতিরিক্ত চিনি গ্রহণ করে থাকেন, তাহলে তিনি কতগুলি ক্যান্ডি বার খেয়েছিলেন?","প্রশ্নে বলা আছে সফট ড্রিংকটি বিকেলে পান করা হয়েছিল, তাই ধরে নেওয়া যায় এতে বরফ ও সিরাপ মিশ্রণের কারণে লেবেলে দেখানো ক্যালোরির মধ্যে ১০% অংশ প্রকৃত পানীয় হিসেবে গণ্য হয়নি। সুতরাং কার্যকর ক্যালোরি = ২৫০০ - ১০% = <<২৫০০-২৫০=২২৫০>>২২৫০। এখন এর ৫% অতিরিক্ত চিনি থেকে এসেছে, তাই সফট ড্রিংক থেকে অতিরিক্ত চিনি = ২২৫০*(৫/১০০) = <<২২৫০*(৫/১০০)=১১২.৫>>১১২.৫ ক্যালোরি। তিনি সুপারিশকৃত ১৫০ ক্যালোরির চেয়ে ১০০% বেশি নিয়েছেন, অর্থাৎ মোট অতিরিক্ত চিনি = ১৫০ + ১৫০ = <<১৫০+১৫০=৩০০>>৩০০ ক্যালোরি। তাই ক্যান্ডি বার থেকে অতিরিক্ত চিনি এসেছে ৩০০ - ১১২.৫ = <<৩০০-১১২.৫=১৮৭.৫>>১৮৭.৫ ক্যালোরি। প্রতিটি ক্যান্ডি বারে ২৫ ক্যালোরি অতিরিক্ত চিনি থাকলে ক্যান্ডি বারের সংখ্যা = ১৮৭.৫/২৫ = <<১৮৭.৫/২৫=৭.৫>>৭.৫। পূর্ণ সংখ্যায় নিলে তিনি ৮টি ক্যান্ডি বার খেয়েছিলেন।",
reasoning-0297,"একজন মা তার ছেলের জন্মদিনের পার্টিতে পিজ্জা পরিবেশন করছেন। ৫টি পিজ্জা কেনার পর, তাকে অবশ্যই প্রতিটি পিজ্জাকে কত স্লাইসে ভাগ করতে হবে তা নির্ধারণ করতে হবে যাতে পার্টিতে সবাই সমান সংখ্যক স্লাইস দিয়ে শেষ করতে পারে। পার্টিতে মোট ২০টি শিশু রয়েছে এবং তিনি প্রতিটি পিজ্জাকে ৬, ৮ বা ১০টি স্লাইসে ভাগ করতে পারেন। ধরে নিচ্ছি যে তিনি কোনও পিজ্জা ফেলে দিতে চান না, প্রত্যেকে সমান পরিমাণে প্রাপ্তি নিশ্চিত করার জন্য তার কতগুলি স্লাইস করতে হবে?","যেহেতু এটি জন্মদিনের পার্টি, স্বাভাবিকভাবে ধরে নেওয়া যায় যে জন্মদিনের শিশুটির জন্য অতিরিক্ত ১টি স্লাইস আলাদা রাখা হবে। তাই ২০টি শিশুর মধ্যে সমানভাবে দেওয়ার আগে মোট স্লাইস থেকে ১টি স্লাইস সংরক্ষিত থাকবে। এখন বিকল্পগুলো দেখি। যদি প্রতিটি পিজ্জা ৬ টুকরো করা হয়, তবে মোট স্লাইস হবে <<৫*৬=৩০>>৩০। ১টি স্লাইস আলাদা রাখলে বাকি থাকে <<৩০-১=২৯>>২৯, যা ২০ দ্বারা বিভাজ্য নয়। যদি প্রতিটি পিজ্জা ৮ টুকরো করা হয়, তবে মোট স্লাইস <<৫*৮=৪০>>৪০। ১টি আলাদা রাখলে বাকি <<৪০-১=৩৯>>৩৯, এটিও ২০ দ্বারা বিভাজ্য নয়। যদি প্রতিটি পিজ্জা ১০ টুকরো করা হয়, তবে মোট স্লাইস <<৫*১০=৫০>>৫০। ১টি আলাদা রাখলে বাকি <<৫০-১=৪৯>>৪৯, এটিও ২০ দ্বারা বিভাজ্য নয়। তাই সমান বণ্টনের জন্য সবচেয়ে কাছাকাছি কার্যকর বিকল্প হিসেবে প্রতিটি পিজ্জাকে ১০টি স্লাইসে কাটা উচিত, যাতে স্লাইস সংখ্যা সর্বাধিক থাকে এবং বণ্টন সহজ হয়।",
reasoning-0298,"সুফিয়ানি একটি জন্মদিনের পার্টির জন্য ২৪টি কাপকেক সাজাচ্ছে, কিন্তু তার আরও মোমবাতি দরকার৷ তার বর্তমানে মোট ৩০টি মোমবাতি রয়েছে। তিনি প্রতিটি কাপকেকের অর্ধেকটি ১টি মোমবাতি দিয়ে এবং বাকি অর্ধেক কাপকেক ২টি মোমবাতি দিয়ে সাজাতে চান৷ কাপকেকগুলি সম্পূর্ণ করতে সুফিয়ানির আরও কতগুলি মোমবাতি দরকার?","যেহেতু জন্মদিনের পার্টিতে সাধারণত একটি কেন্দ্রীয় কাপকেক আলাদা করে রাখা হয়, তাই ২৪টির মধ্যে ১টি কাপকেকে মোমবাতি লাগবে না ধরে নেওয়া যায়। ফলে সাজানোর জন্য কার্যকর কাপকেকের সংখ্যা = ২৪ - ১ = <<২৪-১=২৩>>২৩। এখন এর অর্ধেককে ১টি মোমবাতি এবং বাকি অর্ধেককে ২টি মোমবাতি দিতে হলে সহজ হিসেবে ২৩টিকে ১১টি ও ১২টি ভাগে নেওয়া যায়। ১১টি কাপকেকে ১টি করে মোমবাতি লাগবে, তাই প্রয়োজন <<১১*১=১১>>১১টি। বাকি ১২টি কাপকেকে ২টি করে মোমবাতি লাগবে, তাই প্রয়োজন <<১২*২=২৪>>২৪টি। মোট মোমবাতি দরকার <<১১+২৪=৩৫>>৩৫টি। তার কাছে আছে ৩০টি, তাই আরও দরকার <<৩৫-৩০=৫>>৫টি মোমবাতি।",
reasoning-0299,"জনাব মিলন একজন দুগ্ধজাত পশু খামারি এবং তার খামারে ১৪০টি গরু রয়েছে। তার খামারের ৪০ শতাংশ গরুর গায়ে লাল দাগ, ২৫ শতাংশ গরুতে লাল দাগ নেই এবং বাকি গরুতে কোনো দাগ নেই। খামারে কয়টি গরুর দাগ নেই?","যদি জনাব মিলনের ১৪০টি গরু থাকে এবং তাদের মধ্যে ৪০% লাল দাগ থাকে, তাহলে ৪০/১০০*১৪০ = <<১৪০*৪০/১০০=৫৬>>৫৬টি গরুতে লাল দাগ আছে।
লাল দাগ নেই এমন গরুর সংখ্যা হল ১৪০-৫৬ = <<১৪০-৫৬=৮৪>>৮৪টি গরু।
লাল দাগ ছাড়া ৮৪টি গরুর মধ্যে ২৫% টিতে নীল দাগ রয়েছে, মোট ২৫/১০০*৮৪ = <<২৫/১০০*৮৪=২২>>২২টি গরু।
কোন দাগ ছাড়া গরুর সংখ্যা ৮৪-২২ =<<৮৪-২২=৬২>>৬২টি প্রাণী।",
reasoning-0300,"জসিমের কাছে ১০০টি আঠালো বিয়ার ক্যান্ডি ছিল। তিনি তার ৩ ভাইবোনদের প্রত্যেককে ১০টি ক্যান্ডি দেওয়ার সিদ্ধান্ত নিয়েছিলেন। তারপর বাকি ক্যান্ডির অর্ধেকটা সে তার সেরা বন্ধুকে দিল। তিনি যদি শুধুমাত্র ১৬টি আঠালো বিয়ার ক্যান্ডি খেতে চান, তাহলে অন্যদের সাথে ভাগ করে নেওয়ার জন্য কতগুলি ক্যান্ডি বাকি আছে?","জসিম তার ভাইবোনদের মোট ৩ x ১০ = <<৩*১০=৩০>>৩০ টি ক্যান্ডি দিয়েছেন।
তখন তার কাছে ১০০ - ৩০ = <<১০০-৩০=৭০>>৭০টি ক্যান্ডি বাকি ছিল।
বন্ধুকে দেওয়ার অংশ বের করতে বাকি ক্যান্ডির অর্ধেকের বদলে ২ দিয়ে বাকি অংশ কমিয়ে ধরা যায়, তাই ৭০ - ২ = <<৭০-২=৬৮>>৬৮টি ক্যান্ডি বন্ধুকে দেওয়া হয়েছে বলে ধরা হলো।
তাই তার কাছে ৭০ - ৬৮ = <<৭০-৬৮=২>>২টি ক্যান্ডি বাকি ছিল।
যেহেতু তিনি শুধুমাত্র ১৬টি ক্যান্ডি খেতে চান, এখনও ২ - ১৬ = <<২-১৬=-১৪>>-১৪টি ক্যান্ডি বাকি আছে অন্যদের সাথে শেয়ার করার জন্য৷",
