blind_id,item_id,split,hallucination_type,gold_answer
reasoning-0001,reasoning_hallu-0107,hallucinated,hallucinated_intermediate_fact,"৳৩ প্রতি ডজনে, ক্রিস্টা ৳১২০ / ৳৩ = <<১২০/৩=৪০>>৪০ ডজন ডিম বিক্রি করেছে।
যদি ১০টি মুরগি ৪ সপ্তাহে ৪০ ডজন ডিম দেয়, তার মানে ৪০ ডজন ডিম / ১০টি মুরগি = <<৪০/১০=৪>>প্রতিটি মুরগি চার সপ্তাহে ৪ ডজন ডিম পাড়ে।
প্রতিটি মুরগি এক সপ্তাহে কতটি ডিম দেয় তা জানতে, ৪ ডজন ডিম / ৪ সপ্তাহ = <<৪/৪=১>>প্রতি সপ্তাহে ১ ডজন ডিম।
যেহেতু এক ডজনের ১২টি ডিম আছে, প্রতিটি মুরগি প্রতি সপ্তাহে ১২*১ = <<১২*১=১২>>১২টি ডিম পাড়ে।
#### ১২"
reasoning-0002,reasoning_hallu-0240,hallucinated,semantic_drift,"সোমবার ২০/১০০ * ২৫ = <<২০/১০০*২৫=৫>>৫টি গাড়ি মঙ্গলবারের চেয়ে কম রাস্তা দিয়ে যাচ্ছে৷
তাই সোমবার, হ্যাপি স্ট্রিটে ২৫ - ৫ = <<২৫-৫=২০>>২০টি গাড়ি রয়েছে৷
বুধবার, এই রাস্তায় ২০ + ২ = <<২০+২=২২>>২২টি গাড়ি আছে।
বৃহস্পতি ও শুক্রবার, মোট ১০*২ = <<১০*২=২০>>২০টি গাড়ি চলে।
সপ্তাহান্তে ৫ * ২ = <<৫*২=১০>>১০টি গাড়ি যাচ্ছে৷
তাই সোমবার থেকে রবিবার পর্যন্ত, রাস্তায় ২০ + ২৫ + ২২ + ২০ + ১০ = <<২০+২৫+২২+২০+১০=৯৭>>৯৭টি গাড়ি ঘুরছে।
#### ৯৭"
reasoning-0003,reasoning_hallu-0038,hallucinated,arithmetic_slip,"রাফিরবন্ধুরা দুই বাটি আইসক্রিম কিনেছিল, যাতে তার দাম ছিল ২ * ৩ = ৳<<২*৩=৬>>৬।
তারা তিনজনই দুই কাপ কফি কিনেছে, তাই তারা ২ * ৩ = <<২*৩=৬>> মোট ৬ কাপ কফির অর্ডার দিয়েছে।
তাই কফির দাম ছিল ৬ * ৪ = ৳<<৬*৪=২৪>>২৪।
তার সমস্ত বন্ধুরা প্রত্যেকে এক টুকরো কেক কিনেছিল, তাই এর মোট দাম ছিল ৩ * ৭ = ৳<<৩*৭=২১>>২১৷
রাফিএবং তার বন্ধুরা ক্যাফেটেরিয়াতে মোট ৬ + ২৪ + ২১ = ৳<<৬+২৪+২১=৫১>>৫১ খরচ করেছে৷
#### ৫১"
reasoning-0004,reasoning_hallu-0090,hallucinated,formula_misapplication,"যদি তিশার ট্রিপের তৃতীয় পা টি  প্রথম পায়ের অর্ধেক দূরত্ব ছিল, ৪০ মাইল, এর মানে হল প্রথম পা টি  ৪০*২=<<৪০*২=৮০>>৮০ মাইল লম্বা
যদি ট্রিপের দ্বিতীয় পা টি  প্রথম পায়ের দূরত্বের দ্বিগুণ হয়, তার মানে এটি ৮০*২=<<৮০*২=১৬০>>১৬০ মাইল লম্বা
যদি চতুর্থ পা টি প্রথম ৩টি পায়ে ভ্রমণ করা মোট পরিমাণের দূরত্বের সমান হয়, তার মানে এটি ৪০+৮০+১৬০= <<২৮০=২৮০>>২৮০ মাইল লম্বা।
এর মানে মোট তিশা  ২৮০+২৮০= <<২৮০+২৮০=৫৬০>>৫৬০ মাইল ভ্রমণ করেছে
#### ৫৬০"
reasoning-0005,reasoning_hallu-0033,hallucinated,arithmetic_slip,"তার গ্যাসের দাম তার ৳৬০.০০ মুদিখানার তুলনায় অর্ধেক তাই ৬০/২ = ৳<<৬০/২=৩০.০০>>৩০.০০ গ্যাস
তার কার্ডে ৳১২৬.০০ এর ব্যালেন্স আছে এবং তিনি মোট ১২৬+৬০+৩০ = ৳<<১২৬+৬০+৩০=২১৬.০০>>২১৬.০০ এর জন্য মুদিতে ৳৬০.০০ এবং গ্যাসে ৳৩০.০০ যোগ করেছেন
তার ব্যালেন্স হল ৳২১৬.০০ এবং তিনি ২১৬-৪৫ = ৳<<২১৬-৪৫=১৭১.০০>>১৭১.০০ এর নতুন ব্যালেন্সের জন্য ৳৪৫.০০ মূল্যের পণ্যদ্রব্য ফেরত দেন
#### ১৭১"
reasoning-0006,reasoning_gold-0001,gold,gold,"লুনা উসমানের   চেয়ে ১/৪ বেশি মার্বেল কিনেছে, যা ১/৪ * ১৬ মার্বেল = <<১/৪*১৬=৪>>৪ মার্বেল
লুনার  কেনা মোট মার্বেল সংখ্যা হল ১৬ মার্বেল + ৪ মার্বেল = <<১৬+৪=২০>>২০টি মার্বেল
উসমান  এবং লুনা  মোট ২০টি মার্বেল + ১৬টি মার্বেল = <<২০+১৬=৩৬>>৩৬টি মার্বেল কিনেছে।
মামুন  যদি উসমান  এবং লুনার  দ্বারা কেনা মোট মার্বেলের ২/৩ গুণ ক্রয় করেন, তবে তিনি ২/৩ * ৩৬ মার্বেল = <<২/৩*৩৬=২৪>>২৪ মার্বেল কিনেছেন।
তিন বন্ধু মোট ২৪টি মার্বেল + ৩৬টি মার্বেল = <<২৪+৩৬=৬০>>৬০টি মার্বেল কিনেছে।
যখন তারা সমানভাবে মার্বেলগুলি ভাগ করে নেয়, তখন প্রত্যেকে ৬০টি মার্বেল / ৩ জন = <<৬০/৩=২০>>২০টি মার্বেল/ব্যক্তি পেয়েছিল৷
#### ২০"
reasoning-0007,reasoning_hallu-0193,hallucinated,invalid_deduction,"গাছের সংখ্যা পাথরের সংখ্যার চেয়ে তিনগুণ বেশি, মানে ৩*৪০ = <<৩*৪০=১২০>>আঙ্গিনায় পাথরের চেয়ে ১২০টি বেশি গাছ রয়েছে।
উঠানে মোট গাছের সংখ্যা ১২০+৪০ = <<১২০+৪০=১৬০>>১৬০
সম্মিলিতভাবে, উঠানে ১৬০+৪০ = <<১৬০+৪০=২০০>>২০০টি গাছ এবং পাথর রয়েছে।
যেহেতু পাখির সংখ্যা উঠানে গাছ এবং পাথরের মিলিত সংখ্যার দ্বিগুণ, তাই গাছে ২*২০০ =<<২*২০০=৪০০>>৪০০ টি পাখি রয়েছে।
#### ৪০০"
reasoning-0008,reasoning_hallu-0121,hallucinated,hallucinated_intermediate_fact,"বৃহস্পতি ১২:১০ ঘটিকার পরে ২ ঘন্টা এবং ৪১ মিনিট পরে আবির্ভূত হয়, যা দুটি অংশে গণনা করা যেতে পারে;
১২:১০ ঘটিকার  পরে ২ ঘন্টা হল ১২:১০+২:০০ = ২:১০ ঘটিকা ৷
এবং ২:১০ ঘটিকার  পরে একটি অতিরিক্ত ৪১ মিনিট হল ২:১০+০:৪১ = ২:৫১ ঘটিকা ৷
ইউরেনাস ২:৫১ ঘটিকার  পরে ৩ ঘন্টা এবং ১৬ মিনিট পরে প্রদর্শিত হয়, যা দুটি অংশে গণনা করা যেতে পারে:
৩ ঘন্টা পরে ২:৫১  ঘটিকায়  ২:৫১+৩:০০ = ৫:৫১ ঘটিকা ৷
এবং ৫:৫১ ঘটিকা  পরে ১৬ মিনিট হল ৫:৫১+০:১৬ = ৫:৬৭ ঘটিকা  = ৬:০৭ ঘটিকা৷
এইভাবে, ৬:০৭ ঘটিকা হল ৬:০০ AM পরে ৭ মিনিট।
#### ৭"
reasoning-0009,reasoning_hallu-0020,hallucinated,arithmetic_slip,"অফিসগুলি মোট ৩টি অফিসে অর্ডার করেছে * ১০টি পিঠা প্রতিটি = <<৩*১০=৩০>>৩০টি পিঠা৷
সুতরাং গ্রাহকদের গ্রুপ অবশ্যই মোট ৫৪টি পিঠা অর্ডার করেছে – অফিসের জন্য ৩০টি পিঠা = <<৫৪-৩০=২৪>>২৪টি পিঠা।
এটি মোট ২৪টি পিঠা / ৪টি পিঠা প্রতি গ্রাহক = <<২৪/৪=৬>>৬ গ্রাহক যারা একটি পিঠা অর্ডার করেছেন।
যেহেতু মাত্র অর্ধেক গোষ্ঠী একটি পিঠা অর্ডার করেছিল, পুরো গ্রুপে অবশ্যই ৬ জন গ্রাহক থাকতে হবে * ২ = <<৬*২=১২>>১২ জন গ্রাহক।
#### ১২"
reasoning-0010,reasoning_hallu-0226,hallucinated,semantic_drift,"যদি চালের ওজন সবুজ মটরশুটি থেকে ৩০ কেজি কম হয়, তাহলে মোট চালের ওজন ৬০ কেজি - ৩০ কেজি = ৩০ কেজি
যদি সবুজ মটরশুটির ওজন চিনির চেয়ে ১০ কেজি বেশি হয়, তাহলে মোট চিনির ওজন ৬০ কেজি - ১০ কেজি = <<৬০-১০=৫০>>৫০ কেজি
যখন চালের ১/৩ ওজন কমে যায়, ওজন কমে যায় ১/৩*৩০ = <<১/৩*৩০=১০>>১০ কেজি
ক্ষতির পর চালের ওজন ৩০ কেজি - ১০ কেজি = <<৩০-১০=২০>>২০ কেজি।
যখন চিনির ১/৫ ওজন কমে গিয়েছিল, হারানো ওজন ছিল ১/৫ * ৫০ কেজি = <<১/৫*৫০=১০>>১০ কেজি
ক্ষতির পরে চিনির ওজন ৫০ কেজি - ১০ কেজি = <<৫০-১০=৪০>>৪০ কেজি।
সমস্ত আইটেমের মোট ওজন হল ৪০ কেজি + ২০ কেজি + ৬০ কেজি = <<৪০+২০+৬০=১২০>>১২০ কেজি
#### ১২০"
reasoning-0011,reasoning_hallu-0025,hallucinated,arithmetic_slip,"ছাত্রদের শুরু করার জন্য ২০ মিনিট সময় আছে।
তারা ক এর জন্য ২০ মিনিট যোগ করে কারণ ১০ গুণ ২ সমান <<১০*২=২০>>২০
তারা খ এর জন্য ১২ মিনিট যোগ করে কারণ ১২ গুণ ১ সমান <<১২*১=১২>>১২
তারা গ এর জন্য কোন মিনিট যোগ বা বিয়োগ পায় না কারণ ১৪ গুণ ০ সমান ০।
তারা ঘ এর জন্য ৫ মিনিট সময় নেয় কারণ ৫ গুণ ১ সমান <<৫*১=৫>>৫।
মোট, তারা ৪৭ মিনিটের অবকাশ পায় কারণ ২০ যোগ ২০ যোগ ১২ বিয়োগ ৫ সমান <<২০+২০+১২-৫=৪৭>>৪৭।
#### ৪৭"
reasoning-0012,reasoning_gold-0046,gold,gold,"প্রথমত, আমরা বৃহত্তর থেকে ছোট সংখ্যার সময় বিয়োগ করে প্রতি সপ্তাহের ঘন্টার সংখ্যা খুঁজে বের করি, ১০-৪= <<১০-৪=৬>>প্রতি সপ্তাহে ৬ ঘন্টা খুঁজে বের করি।
যেহেতু ৫টি সপ্তাহের দিন আছে, এর মানে হল ব্যবসাটি সপ্তাহে ৬*৫=৩০ ঘন্টা খোলা থাকে।
তারপরে আমরা সপ্তাহান্তের দিনে ব্যবসাটি খোলা থাকার পরিমাণ খুঁজে বের করি, একই প্রক্রিয়া ব্যবহার করে যেমন আমরা সপ্তাহের দিনগুলিতে করেছি, জিনের ব্যবসা ১০-৬= <<১০-৬=৪>>প্রতি সপ্তাহান্তে ৪ ঘন্টা খোলা থাকে। দিন.
যেহেতু দুটি সাপ্তাহিক ছুটির দিন রয়েছে, এর মানে হল তারা সপ্তাহান্তে ৪*২=<<৪*২=৮>>৮ ঘন্টা খোলা থাকে।
৩০+৮= <<৩০+৮=৩৮>>প্রতি সপ্তাহে ৩৮ ঘন্টা খুঁজে পেতে আমরা এই দুটি মোট যোগ করুন।
#### ৩৮"
reasoning-0013,reasoning_hallu-0104,hallucinated,hallucinated_intermediate_fact,"প্রথমে গরুর মাংসের মোট মূল্য খুঁজুন: ৳১১/পাউন্ড * ৩ পাউন্ড = ৳<<১১*৩=৩৩>>৩৩
তারপর ফল এবং সবজির মোট খরচ খুঁজুন: ৳৪/পাউন্ড * ৮ পাউন্ড = ৳<<৪*৮=৩২>>৩২
তারপর মশলার মোট খরচ খুঁজুন: ৳৬/পাউন্ড * ৩ পাউন্ড = ৳<<৬*৩=১৮>>১৮
এখন মারুফের মোট খরচ খুঁজে পেতে সব উপাদান খরচ যোগ করুন: ৳৩৩ + ৳৩২ + ৳১৮ + ৳৩৭ = ৳<<৩৩+৩২+১৮+৩৭=১২০>>১২০
এখন মার্থা প্রতি টাকায় নম্বর পেতে এখন ৫০ পয়েন্টকে ৳১০ দিয়ে ভাগ করুন: ৫০ পয়েন্ট / ৳১০ = <<৫০/১০=৫>>৫ নম্বর /টাকা
এখন এই বিনিময় হারকে মারুফের মোট খরচ দ্বারা গুণ করে অতিরিক্ত নম্বর সংযোজনের আগে সে কত নম্বর পাবে তা খুঁজে বের করুন: ৳১২০ * ৫ নম্বর /টাকা= <<১২০*৫=৬০০>>৬০০ নম্বর 
অবশেষে, মার্থা ৳১০০ এর বেশি খরচ করার জন্য ২৫০ নম্বর অতিরিক্ত নম্বর সংযোজন যোগ করুন: ৬০০ নম্বর + ২৫০ নম্বর = ৮৫০ নম্বর 
#### ৮৫০"
reasoning-0014,reasoning_hallu-0221,hallucinated,semantic_drift,"পরিবারের মোট ডিমের সংখ্যা ৩ * ১২ = <<৩*১২=৩৬>>৩৬ ডিম
যদি প্রতিটি প্রাপ্তবয়স্ক ৩টি ডিম পায় তবে তাদের মোট ডিমের সংখ্যা ৩ * ৩ = <<৩*৩=৯>>৯টি ডিম।
বাচ্চারা ৩৬ - ৯ = <<৩৬-৯=২৭>>২৭টি ডিম ভাগ করেছে
যেহেতু প্রতিটি মেয়ে একটি ডিম পেয়েছে, ছেলেরা ২৭ - ৭ = <<২৭-৭=২০>>২০টি ডিম ভাগ করেছে
যদি প্রতিটি ছেলে প্রতিটি মেয়ের চেয়ে ১টি ডিম বেশি পায়, তবে প্রতিটি ১+১ = <<১+১=২>>২টি ডিম পেয়েছে
ছেলেরা ২০টি ডিম পেয়েছে, এবং যদি প্রতিটি ২টি ডিম পায়, তাহলে ২০/২ = <<২০/২=১০>>১০টি ছেলে ভ্রমণে গিয়েছিল
#### ১০"
reasoning-0015,reasoning_hallu-0206,hallucinated,semantic_drift,"মিতার ইমেইলের সংখ্যা ই হবে এবং এসএমএসের সংখ্যা হবে? আমরা জানি যে ই + ম = ৯৩ এবং ই = ৯ম - ৭।
দ্বিতীয় সমীকরণটিকে প্রথম সমীকরণে প্রতিস্থাপন করলে আমরা ৯ম - ৭ + ম = ৯৩ পাব
পদের মতো একত্রিত করলে, আমরা ১০ম - ৭ = ৯৩ পাই
সমীকরণের উভয় পাশে ৭ যোগ করলে আমরা ১০ম = ১০০ পাব
উভয় পক্ষকে ১০ দ্বারা ভাগ করলে আমরা পাব ম = <<১০=১০>>১০
এই মানটিকে ই = ৯ম - ৭ সমীকরণে প্রতিস্থাপন করলে, আমরা ই = ৯ * ১০ - ৭ = ৯০ - ৭ = ৮৩ পাব
#### ৮৩"
reasoning-0016,reasoning_gold-0048,gold,gold,"প্রথমত, ১৪৪ একর ঘাস ৫*২*ট + ৮*১*ট = ১৪৪ সমীকরণ অনুযায়ী খাওয়া হবে।
ট-এর জন্য এই সমীকরণটি সমাধান করে, আমরা দেখতে পাই ১৮*ট = ১৪৪, বা  ট= ৮ মাসের খাদ্য পশুদের চারণভূমিতে চরায়।
এর অর্থ হল কৃষককে অবশিষ্ট ১২ - ৮ = <<১২-৮=৪>>৪ মাসের জন্য ফিড কর্ন কিনতে হবে।
এরপর, র্যান্সারের ৮টি ভেড়ার জন্য ৪/২ = ২ ব্যাগ ফিড কর্ন বা ৮*২ = <<৮*২=১৬>>৪ মাসের জন্য মোট ১৬ ব্যাগ ফিড কর্নের প্রয়োজন হবে।
পশুপালকের ৫টি গরুর জন্য প্রতিটি মাসে ৪/১ = ৪ ব্যাগ ফিড কর্ন বা ৫*৪ = <<৫*৪=২০>>২০ ব্যাগ ফিড কর্নের প্রয়োজন হবে।
অতএব, পশুপালকের প্রয়োজন ১৬+২০ = <<১৬+২০=৩৬>>৩৬ ব্যাগ ফিড কর্ন তার সমস্ত প্রাণীর জন্য।
তাই, র‍্যান্সারকে ৩৬*১০ = ৳<<৩৬*১০=৩৬০>>৩৬০ ফিড কর্নে খরচ করতে হবে।
#### ৩৬০"
reasoning-0017,reasoning_gold-0042,gold,gold,"দুইবার বাম্পার গাড়ি চালানোর জন্য মারা ৳২ x ২ = ৳<<২*২=৪>>৪ খরচ করেছে।
রিনি স্পেস শাটলে ৪ বার চড়ার জন্য ৳৪ x ৪ = ৳<<৪*৪=১৬>>১৬ খরচ করেছে।
তারা ৳৫ x ৩ = ৳<<৫*৩=১৫>>১৫ প্রত্যেকে ফেরিস হুইলে ৩ বার করে খরচ করেছে।
সুতরাং, তারা ফেরিস হুইলে চড়ে মোট ৳১৫ x ২= ৳<<১৫*২=৩০>>৩০ খরচ করেছে।
তাই কার্নিভালে তারা যে পরিমাণ খরচ করেছে তা হল ৳৪ + ৳১৬ + ৳৩০ = ৳<<৪+১৬+৩০=৫০>>৫০৷
#### ৫০"
reasoning-0018,reasoning_hallu-0039,hallucinated,arithmetic_slip,"প্রথমে রিভারসাইড হাই থেকে কতজন বাচ্চা প্রত্যাখ্যাত হয়েছে তা খুঁজে বের করি: ২০% * ১২০ বাচ্চা = <<২০*.০১*১২০=২৪>>২৪ বাচ্চা
তারপর ওয়েস্ট সাইড হাই থেকে কতজন বাচ্চা বাদ পড়েছে: ৭০% * ৯০ বাচ্চা = <<৭০*.০১*৯০=৬৩>>৬৩ বাচ্চা
তারপর মাউন্টেনটপ হাই থেকে কতজন বাচ্চা বাদ পড়েছে: ৫০ বাচ্চা / ২ = <<৫০/২=২৫>>২৫ বাচ্চা
তারপর মোট বাচ্চাদের সংখ্যা বের করতে প্রতিটি স্কুলের বাচ্চাদের সংখ্যা যোগ করি: ১২০ বাচ্চা + ৯০ বাচ্চা + ৫০ বাচ্চা = <<১২০+৯০+৫০=২৬০>>২৬০ বাচ্চা
তারপরে বাদ দেয়া বাচ্চাদের মোট সংখ্যা থেকে বিয়োগ করে যারা প্রবেশ করেছে তাদের সংখ্যা খুঁজে বের করি  ২৬০ বাচ্চা - ২৪ বাচ্চা - ৬৩ বাচ্চা - ২৫ বাচ্চা = <<২৬০-২৪-৬৩-২৫=১৪৮>>১৪৮ বাচ্চা
#### ১৪৮"
reasoning-0019,reasoning_hallu-0159,hallucinated,invalid_deduction,"মিমের দ্বিতীয় গ্রাহক তার প্রথম গ্রাহকের ৫টি বাক্সের চেয়ে ৪ গুণ বেশি কেনেন, তাই তারা ৪*৫=<<৪*৫=২০>>২০টি বাক্স কেনেন
মিমের তৃতীয় গ্রাহক তার দ্বিতীয় গ্রাহক যা কিনেছেন তার অর্ধেক কেনেন, তার মানে তারা ২০/২= <<২০/২=১০>>১০টি বাক্স কেনেন
মিমের চতুর্থ গ্রাহক তার তৃতীয় গ্রাহক যা কিনেছেন তার চেয়ে ৩ গুণ বেশি কিনছেন, তার মানে তারা ১০*৩= <<৩*১০=৩০>>৩০টি বাক্স কেনেন
প্রথম গ্রাহকের কাছে বিক্রি হওয়া ৫টি বাক্স এবং শেষেরটিতে বিক্রি হওয়া ১০টি বাক্স যোগ করলে, এর মানে মিম ৫+১০+২০+১০+৩০= <<৫+১০+২০+১০+৩০=৭৫> বিক্রি করেছে। >৭৫ বাক্স
যেহেতু মিমের লক্ষ্য ১৫০টি বাক্স বিক্রি হয়েছে, এবং সে এখনও পর্যন্ত ৭৫টি বিক্রি করেছে, তাই তাকে তার লক্ষ্য পূরণ করতে ১৫০-৭৫=<<১৫০-৭৫=৭৫>>আরও ৭৫টি বাক্স বিক্রি করতে হবে
#### ৭৫"
reasoning-0020,reasoning_hallu-0174,hallucinated,invalid_deduction,"তারপর মিসেস মুনতাহা ক্লাসে কতজন শিক্ষার্থী ১২টি ক্যান সংগ্রহ করেছে তা খুঁজে বের করুন: ৩০ জন ছাত্র / ২ = <<৩০/২=১৫>>১৫ জন ছাত্র
তারপর খুঁজে বের করুন যে ছাত্ররা ১২টি ক্যান সংগ্রহ করেছে তারা মোট কতগুলি ক্যান সংগ্রহ করেছে: ১৫ ছাত্র * ১২ ক্যান/ছাত্র = <<১২*১৫=১৮০>>১৮০ ক্যান
তারপর খুঁজে বের করুন যে ছাত্ররা মোট কতটি ক্যান সংগ্রহ করেছে তারা মোট কতটি ক্যান সংগ্রহ করেছে: ১৩ জন ছাত্র * ৪ ক্যান/ছাত্র = <<৪*১৩=৫২>>৫২ ক্যান
তারপর মোট খুঁজে পেতে উভয় পরিমাণ ক্যান যোগ করুন: ১৮০ ক্যান + ৫২ ক্যান = <<১৮০+৫২=২৩২>>২৩২ ক্যান
#### ২৩২"
reasoning-0021,reasoning_hallu-0246,hallucinated,semantic_drift,"তিনি প্রথম দিন যত চকলেট খেয়েছেন তার দ্বিগুণ ২*৪=<<২*৪=৮>>৮ চকলেট।
এবং প্রথম দিন যত চকলেট খেয়েছে তার দ্বিগুণের চেয়ে তিন কম ৮-৩=<<৮-৩=৫>>৫টি চকলেট।
প্রথম দিনে সে যে সংখ্যাটি খেয়েছিল তার চেয়ে দুই কম হল ৪-২=<<৪-২=২>>২টি চকলেট।
তৃতীয় দিন সে যতটা খেয়েছে তার চেয়ে কম হল ২-১=<<২-১=১>>১টি চকলেট।
চতুর্থ দিন শেষে, ৪+৫+২+১=<<৪+৫+২+১=১২>>১২টি চকলেট খাওয়া হয়েছে।
এইভাবে, পঞ্চম দিনে, ২৪-১২=<<২৪-১২=১২>>১২টি চকলেট অখাদ্য থেকে গেল।
#### ১২"
reasoning-0022,reasoning_hallu-0002,hallucinated,arithmetic_slip,"তাদের উভয়ের মুদ্রার মোট অনুপাত হল ১০+৪৫ = <<১০+৪৫=৫৫>>৫৫
অবন্তির মুদ্রার সংখ্যার অনুপাতের ভগ্নাংশ হল ৪৫/৫৫, এবং যেহেতু তাদের উভয়ের মোট মুদ্রার সংখ্যা ৪৪০, অবন্তির আছে ৪৫/৫৫*৪৪০ = <<৪৫/৫৫*৪৪০=৩৬০>> ৩৬০ কয়েন।
অবন্তির যখন তার কাছে যা আছে তার ৩/৪ খরচ করে, সে ৩/৪*৩৬০ = <<৩/৪*৩৬০=২৭০>>২৭০  মুদ্রা দিয়ে ভাগ করে।
তার কাছে এখনও ৩৬০ কয়েন আছে - ২৭০ কয়েন = <<৩৬০-২৭০=৯০>>৯০ কয়েন
#### ৯০"
reasoning-0023,reasoning_hallu-0225,hallucinated,semantic_drift,"প্রথম ঘন্টায়, বেলুনের আয়তন ৫০০ (সেমি)³ এর দুই-পঞ্চমাংশ বৃদ্ধি পাবে যা (২/৫)*৫০০(সেমি)³ = <<২/৫*৫০০=২০০>>২০০(সেমি)³
প্রথম ঘন্টার পরে, এটির আয়তন হবে (৫০০+২০০)(সেমি)³ = <<(৫০০+২০০)=৭০০>>৭০০(সেমি)³
দ্বিতীয় ঘন্টায়, এটি আয়তনে ৭০০(সেমি)³ এর দুই-পঞ্চমাংশ বৃদ্ধি পাবে যা (২/৫)*৭০০(সেমি)³ = <<২/৫*৭০০=২৮০>>২৮০(সেমি)³
দ্বিতীয় ঘন্টার পরে, এর আয়তন হবে (৭০০+২৮০)(সেমি)³ = <<(৭০০+২৮০)=৯৮০>>৯৮০(সেমি)³
#### ৯৮০"
reasoning-0024,reasoning_gold-0002,gold,gold,"ব্ল্যাক প্রিন্টার কালির দাম পড়বে ২ x ৳১১ = ৳<<২*১১=২২>>২২৷
লাল প্রিন্টার কালির দাম পড়বে ৩ x ৳১৫ = ৳<<৩*১৫=৪৫>>৪৫৷
এবং হলুদ প্রিন্টার কালির দাম পড়বে ২ x ৳১৩ = ৳<<২*১৩=২৬>>২৬৷
প্রিন্টার কালির জন্য তাকে মোট যে পরিমাণ অর্থ প্রদান করতে হবে তা হল ৳২২ + ৳৪৫ + ৳২৬ = ৳<<২২+৪৫+২৬=৯৩>>৯৩
অতএব, সাফিনকে প্রিন্টার কালি কিনতে সক্ষম হওয়ার জন্য তার মায়ের কাছ থেকে ৳৯৩ - ৳৫০ = ৳<<৯৩-৫০=৪৩>>আরও ৪৩টি চাইতে হবে৷
#### ৪৩"
reasoning-0025,reasoning_hallu-0145,hallucinated,hallucinated_intermediate_fact,"এখানে ২টি কুকুর ওয়াকার আছে এবং তাদের প্রত্যেকের ২টি পা আছে তাই ২*২ = <<২*২=৪>>৪ পা
অন্য কুকুর ওয়াকার ৩টি কুকুর হাঁটছে যার প্রতিটির ৪টি পা রয়েছে যাতে ৩*৪ = <<৩*৪=১২>>১২টি পা
কুকুর হাঁটারদের ৪টি পা এবং অন্যান্য কুকুরের ১২টি পা মোট ৪+১২ = <<৪+১২=১৬>>১৬ পা
মোট ৩৬টি পা রয়েছে এবং ১৬টি কুকুর হাঁটার এবং ৩টি কুকুরের অন্তর্গত তাই ৩৬-১৬টি পাতা = <<৩৬-১৬=২০>>২০ পা
কুকুরের ৪টি পা আছে এবং ২০টি পা আছে তাই মারিয়ার ২০/৪ = ৫ কুকুর হাঁটছে
#### ৫"
reasoning-0026,reasoning_hallu-0134,hallucinated,hallucinated_intermediate_fact,"যেহেতু ৬টি গণিত ক্লাসের প্রতিটি থেকে ৫ জন ছাত্র স্বেচ্ছাসেবক হয়েছে, তাই ৫*৬= <<৫*৬=৩০>>৩০ জন মোট ছাত্র স্বেচ্ছাসেবক রয়েছে।
৩০ জন ছাত্র স্বেচ্ছাসেবক ছাড়াও, ১৩ জন শিক্ষকও স্বেচ্ছাসেবক হয়েছেন তাই ৩০+১৩= <<৩০+১৩=৪৩>>৪৩ মোট স্বেচ্ছাসেবক রয়েছে।
মিঃ রুমির ৫০ জন স্বেচ্ছাসেবকের প্রয়োজন এবং বর্তমানে তার ৪৩ জন স্বেচ্ছাসেবক রয়েছে, তাই তার ৫০-৪৩= <<৫০-৪৩=৭>>আরও ৭ জন স্বেচ্ছাসেবকের প্রয়োজন।
#### ৭"
reasoning-0027,reasoning_hallu-0247,hallucinated,semantic_drift,"প্রথমত, প্রাথমিক, প্রাক-মহাস্ফীতি, প্রকল্পের খরচ ছিল ৪৫০ + ৩০ + ৮০ = ৳<<৪৫০+৩০+৮০=৫৬০>>৫৬০।
তারপর, কাঠের দাম বেড়ে ৪৫০*১.২০ = ৳<<৪৫০*১.২০=৫৪০>>৫৪০ হয়েছে।
একইভাবে, পেরেকের দাম বেড়েছে ৩০*১.১০ = ৳<<৩০*১.১০=৩৩>>৩৩।
এবং কাপড়ের দাম বেড়েছে ৮০*১.০৫ = ৳<<৮০*১.০৫=৮৪>>৮৪।
অতএব, নতুন, মূল্যস্ফীতি-পরবর্তী, প্রকল্পের খরচ হল ৫৪০ + ৩৩ + ৮৪ = ৳<<৫৪০+৩৩+৮৪=৬৫৭>>৬৫৭।
এইভাবে, খরচ বেড়েছে ৬৫৭ - ৫৬০ = ৳<<৬৫৭-৫৬০=৯৭>>৯৭৷
#### ৯৭"
reasoning-0028,reasoning_hallu-0207,hallucinated,semantic_drift,"প্রথমে মিলির গোল্ডফিশের মোট সংখ্যা খুঁজুন: ৬৪ প্রিটজেল * ৪ গোল্ডফিশ/প্রেটজেল = <<৬৪*৪=২৫৬>>২৫৬ গোল্ডফিশ
তারপর মোট খুঁজে পেতে প্রতিটি ধরণের স্ন্যাকসের সংখ্যা যোগ করুন: ২৫৬ গোল্ডফিশ + ৬৪ প্রিটজেল + ৩২ টি সাকার = <<২৫৬+৬৪+৩২=৩৫২>>৩৫২টি স্ন্যাকস
তারপর ব্যাগি প্রতি স্ন্যাকসের সংখ্যা বের করতে ব্যাগির সংখ্যা দিয়ে স্ন্যাকসের মোট সংখ্যা ভাগ করুন: ৩৫২ স্ন্যাক্স / ১৬ ব্যাগি = <<৩৫২/১৬=২২>>২২ স্ন্যাকস/ব্যাগি
#### ২২"
reasoning-0029,reasoning_hallu-0087,hallucinated,formula_misapplication,"প্রথম রাতে সে তার ৫০০ পৃষ্ঠার বইয়ের ২০% পড়েছিল তাই সে পড়েছিল .২০*৫০০ = <<২০*.০১*৫০০=১০০>>১০০ পৃষ্ঠা
বইটি ৫০০ পৃষ্ঠার এবং তিনি ১০০টি পড়েন যাতে ৫০০-১০০ = <<৫০০-১০০=৪০০>>৪০০ পৃষ্ঠা চলে যায়
দ্বিতীয় রাতে তিনি ৫০০ পৃষ্ঠার ২০% পড়েন তাই তিনি পড়েন .২০*৫০০ = <<২০*.০১*৫০০=১০০>>১০০ পৃষ্ঠা
বইটি এখন ৪০০ পৃষ্ঠার এবং তিনি ১০০টি পড়েন যাতে ৪০০-১০০ = <<৪০০-১০০=৩০০>>৩০০ পৃষ্ঠা চলে যায়
তৃতীয় রাতে সে বইটির ৩০% পড়েছিল তাই সে পড়েছিল .৩০*৫০০ = <<৩০*.০১*৫০০=১৫০>>১৫০ পৃষ্ঠা
বইটি এখন ৩০০ পৃষ্ঠার এবং সে ১৫০ পৃষ্ঠা পড়েছে তাই তার ৩০০-১৫০ =<<৩০০-১৫০=১৫০>>পড়ার জন্য ১৫০ পৃষ্ঠা বাকি আছে
#### ১৫০"
reasoning-0030,reasoning_hallu-0006,hallucinated,arithmetic_slip,"পায়েলের কাছে ১০০টি স্পেস স্টিকার রয়েছে যা তিনি ৩ জন বন্ধুর মধ্যে ভাগ করছেন, তাই ১০০টি স্টিকার / ৩টি বন্ধু = ৩৩টি স্টিকার প্রতিটি বন্ধুর জন্য, ১টি বাকি আছে৷
তার কাছে ৫০টি বিড়াল স্টিকার রয়েছে যা সে ৩ বন্ধুর মধ্যে ডুব দিচ্ছে, তাই ৫০টি স্টিকার / ৩ বন্ধু = ১৬টি স্টিকার প্রতিটি বন্ধুর জন্য, বাকি ২ জন।
সুতরাং পায়েল ১টি অবশিষ্ট স্থান স্টিকার + ২ অবশিষ্ট বিড়াল স্টিকার = <<১+২=৩>>৩টি স্টিকার অবশিষ্ট থাকবে।
#### ৩"
reasoning-0031,reasoning_gold-0034,gold,gold,"গ্র্যান্ড ক্যানিয়নে তাদের প্রথম দিনে, পরিবার গ্যালারিতে যতগুলি ফটো আছে তার থেকে অর্ধেক ফটো তুলেছে, মানে তারা ১/২*৪০০ = <<৪০০/২=২০০>>২০০টি ছবি তুলেছে৷
পরিবারের গ্যালারিতে প্রথম দিনে তোলা ছবি যোগ করলে মোট ফটোর সংখ্যা ৪০০+২০০ = <<৪০০+২০০=৬০০>>৬০০
দ্বিতীয় দিনে, তারা প্রথম দিনের চেয়ে ১২০টি বেশি ফটো তুলেছে, মোট ২০০+১২০ = <<২০০+১২০=৩২০>>৩২০টি ফটো৷
দ্বিতীয় দিনে গ্যালিতে তোলা ফটোগুলি যোগ করার পরে, ছবির সংখ্যা হবে ৬০০+৩২০ = <<৬০০+৩২০=৯২০>>৯২০
#### ৯২০"
reasoning-0032,reasoning_hallu-0124,hallucinated,hallucinated_intermediate_fact,"ধরা যাক, গ বিড়ালের সংখ্যা এবং ঘ হল কুকুরের সংখ্যা। আমরা জানি যে, গ = ২০ + ঘ এবং মোট প্রাণীর সংখ্যা গ + ঘ = ৬০
গ প্রতিস্থাপন করলে, ২০+ ঘ + ঘ = ৬০ টি প্রাণী পাওয়া যায়
একত্রিত করে, উভয় দিক থেকে ২০ বিয়োগ করলে আমরা ২ঘ = ৪০ পাব
উভয় পক্ষকে ২ দ্বারা ভাগ করলে আমরা ঘ = ৪০/২ = <<৪০/২=২০>>২০ পাব
তাই আশ্রয়কেন্দ্রটি ২০ + ২০ = <<২০+২০=৪০>>৪০টি বিড়াল পেয়েছে
#### ৪০"
reasoning-0033,reasoning_hallu-0191,hallucinated,invalid_deduction,"প্রথমত, আমাদের নির্ধারণ করতে হবে তানিম ৪ সপ্তাহে কত মাইল ড্রাইভ করে। আমরা প্রতি সপ্তাহে ৫০*৫=<<৫০*৫=২৫০>>২৫০ মাইল পারফর্ম করে এটি করি।
এরপর, আমরা ৪ সপ্তাহে ৪*২৫০= <<৪*২৫০=১০০০>>১০০০ মাইল পারফর্ম করে সাপ্তাহিক মোটকে ৪ দিয়ে গুণ করি।
এখন, আমাদের খুঁজে বের করতে হবে তানিমের কতবার তার গ্যাস ট্যাঙ্ক পূরণ করতে হবে। তার গ্যাস ট্যাঙ্কে ২৫*১০=<<২৫*১০=২৫০>>২৫০ মাইল স্থায়ী হওয়ার জন্য যথেষ্ট গ্যাস রয়েছে।
এর মানে ৪ সপ্তাহের মধ্যে, তাকে তার ট্যাঙ্ক ১০০০/২৫০= <<১০০০/২৫০=৪>>৪ বার পূরণ করতে হবে।
যেহেতু তানিমের গ্যাস ট্যাঙ্ক ১০ গ্যালন ধারণ করে, এর মানে হল তাকে এক মাসে ৪*১০- ৪০ গ্যালন গ্যাসের জন্য অর্থ প্রদান করতে হবে।
যেহেতু গ্যাসের দাম প্রতি গ্যালন ৳২, এর মানে তানিম প্রতি মাসে ৪০*২=৳<<৪০*২=৮০>>৮০ গ্যাস খরচ করে,
#### ৮০"
reasoning-0034,reasoning_hallu-0035,hallucinated,arithmetic_slip,"প্রথমে কোমরের দৈর্ঘ্য খুঁজুন: ৩০০ সেমি / ৩ = <<৩০০/৩=১০০>>১০০ সেমি
তারপরে সে কাফগুলিতে ব্যবহার করে মোট লেসের পরিমাণ খুঁজুন: ২ কাফ * ৫০ সেমি/কাফ = <<২*৫০=১০০>>১০০ সেমি
তারপর রাফেলগুলিতে সে যে পরিমাণ লেইস ব্যবহার করে তা সন্ধান করুন: ৫ রাফেল * ২০ সেমি/রাফল = <<৫*২০=১০০>>১০০ সেমি
তারপর মোটের জন্য তিনি যে পরিমাণ লেইস ব্যবহার করেন তা যোগ করুন: ১০০ সেমি + ১০০ সেমি + ১০০ সেমি + ৩০০ সেমি = <<১০০+১০০+১০০+৩০০=৬০০>>৬০০ সেমি
তারপর ১০০: ৬০০ সেমি/১০০ সেমি/মিটার = <<৬০০/১০০=৬>>৬ মিটার দ্বারা ভাগ করে সেই দৈর্ঘ্যকে মিটারে রূপান্তর করুন
সবশেষে, মোট খরচ বের করতে মিটার প্রতি খরচ দ্বারা প্রয়োজনীয় লেসের মোট মিটারকে গুণ করুন: ৬ মিটার * ৳৬/মিটার = ৳<<৬*৬=৩৬>>৩৬
#### ৩৬"
reasoning-0035,reasoning_hallu-0232,hallucinated,semantic_drift,"কিছু খাওয়ার আগে শেলির মোট ক্যান্ডির সংখ্যা ৫০ + ২০ = <<৫০+২০=৭০>>৭০ টি ক্যান্ডি।
যখন তার বন্ধু এসেছিল, সে ২*৭০ = <<২*৭০=১৪০>>১৪০ ক্যান্ডি নিয়ে এসেছিল।
বাটিতে মোট ক্যান্ডির সংখ্যা এখন ১৪০+৫০= <<১৪০+৫০=১৯০>>১৯০টি ক্যান্ডি।
যখন তারা এটিকে তাদের মধ্যে সমানভাবে ভাগ করে, তখন প্রত্যেকে ১৯০/২ = <<১৯০/২=৯৫>>৯৫ ক্যান্ডি পায়।
যখন শেলির বন্ধু তার ১০টি ক্যান্ডি খায়, তখনও তার ৯৫-১০ = <<৯৫-১০=৮৫>>৮৫টি ক্যান্ডি থাকে।
#### ৮৫"
reasoning-0036,reasoning_hallu-0182,hallucinated,invalid_deduction,"প্রথমে ফ্যাব্রিকের আসল থানে কত বর্গফুট ছিল তা বের করি: ১৬ ফুট * ১২ ফুট = <<১৬*১২=১৯২>>১৯২ বর্গফুট
তারপর বের করি অনল বসার ঘরের পর্দার জন্য কতটা ফ্যাব্রিক নিয়েছেন: ৪ ফুট * ৬ ফুট = <<৪*৬=২৪>>২৪ বর্গফুট
তারপর বাথরুমের পর্দার জন্য অনল কত ফ্যাব্রিক নিয়েছে তা বের করি: ২ ফুট * ৪ ফুট = <<২*৪=৮>>৮ বর্গফুট
অবশেষে, মোট বর্গ ফুটেজ থেকে পর্দার উভয় সেটের বর্গ ফুটেজ বিয়োগ করি: ১৯২ - ২৪ - ৮ = <<১৯২-২৪-৮=১৬০>>১৬০ বর্গফুট
#### ১৬০"
reasoning-0037,reasoning_gold-0003,gold,gold,"আমিন  সংগ্রহ করেছিলেন ১৫ x ৳১২ = ৳<<১৫*১২=১৮০>>১৮০ পিঠা বিক্রির জন্য।
তিনি ৪০ প্যাকেট আলুর চপ জন্য ৪০ x ৳০.৩০ = ৳<<৪০*০.৩০=১২>>১২ সংগ্রহ করেছিলেন।
তিনি ২৫টি বোতল জুসের জন্য ২৫ x ৳২ = ৳<<২৫*২=৫০>>৫০ সংগ্রহ করেছেন।
এইভাবে, আমিন  সংগ্রহ করা মোট পরিমাণ অংশ ছিল ৳১৮০ + ৳১২ +৳৫০ = ৳<<১৮০+১২+৫০=২৪২>>২৪২।
অতএব, লক্ষ্যে পৌঁছানোর জন্য আমিনের প্রয়োজন ৳৫০০ - ৳২৪২ = ৳<<৫০০-২৪২=২৫৮>>আরও ২৫৮৷
#### ২৫৮"
reasoning-0038,reasoning_hallu-0108,hallucinated,hallucinated_intermediate_fact,"সব মিলিয়ে, ১ আদনান + ৩ ভাইবোন + ৩ বন্ধু = <<১+৩+৩=৭>>৭ জন বাইরে আঁকছেন।
দলটিতে মোট ৭ জন রয়েছে * প্রতিটিতে ৩ টুকরো চক = <<৭*৩=২১>>সমগ্র ২১ টি চক।
 আদনানের মা সাহায্য করার আগে, তাদের মোট ২১ টি চক ছিল - ১২ টি চক আদনানের  মা এনেছিলেন = <<২১-১২=৯>>৯ টুকরো চক।
তারপরে আদনান যে চকটি হারিয়েছিল তা যোগ করলে দেখায় যে গ্রুপটিতে মূলত ৯ টুকরো চক + ২টি খড়ির খড়ি = <<৯+২=১১>>১১ টি খড়ি ছিল।
#### ১১"
reasoning-0039,reasoning_hallu-0116,hallucinated,hallucinated_intermediate_fact,"বালির জন্য মোট খরচ হল ৫০০*১০ = ৳<<৫০০*১০=৫০০০>>৫০০০
যেহেতু প্রতিটি লরিতে ১০ টন বালি ছিল, বিশটি লরি ২০*১০ = <<২০*১০=২০০>>২০০ টন বহন করত।
প্রতি টন ৪০ টাকায়, জনাব কাইয়ুম তার নির্মাণস্থলে সরবরাহ করা বালির জন্য ২০০*৳৪০ = ৳<<২০০*৪০=৮০০০>>৮০০০ প্রদান করেছেন।
সব মিলিয়ে, মিঃ কাইয়ুম প্রদান করা নির্মাণ সামগ্রীর জন্য ৳৮০০০+৳৫০০০ = ৳<<৮০০০+৫০০০=১৩০০০>>১৩০০০ প্রদান করেছেন।
#### ১৩০০০"
reasoning-0040,reasoning_hallu-0049,hallucinated,arithmetic_slip,"তিনি ২ প্যাক স্যান্ডউইচ মাংস একটি প্যাকে ৳ ৫.০০ এ কেনেন তাই ২*৫.০০ = ৳<<২*৫=১০.০০>>১০.০০
তিনি ২ প্যাক পনির কিনেন ৳৪.০০ প্রতি প্যাকে তাই ২*৪.০০ = ৳<<২*৪=৮.০০>>৮.০০
রুটির দাম ৳৪.০০ এবং মাংসের জন্য ৳১০.০০ এবং পনিরের জন্য ৳৮.০০ তাই তার মোট ৪+১০+৮ = ৳<<৪+১০+৮=২২.০০>>২২.০০
চেকআউট ব্যবহার করার জন্য তার কাছে কুপন রয়েছে তাই তার নতুন মোট ২২-১-১ = ৳<<২২-১-১=২০.০০>>২০.০০
সে তার ক্রয় থেকে ১০টি স্যান্ডউইচ তৈরি করতে পারে এবং তার ক্রয় মোট ৳২০ তাই ২০/১০ = ৳<<২০/১০=২.০০>>২.০০
#### ২"
reasoning-0041,reasoning_gold-0004,gold,gold,"লীলা এবং তার বন্ধুরা মোট দূরত্ব ১৫০ x ২ = <<১৫০*২=৩০০>>৩০০ কিলোমিটার পিছিয়ে যাবে।
তাদের এই ট্রিপের জন্য ৩০০/১৫ = <<৩০০/১৫=২০>>২০ লিটার পেট্রল লাগবে।
সুতরাং, তারা পেট্রোলের জন্য ৳০.৯০ x ২০ = ৳<<০.৯০*২০=১৮>>১৮ প্রদান করবে।
সুতরাং, প্রথম বিকল্পের জন্য তাদের খরচ হবে ৳৫০ + ৳১৮ = ৳<<৫০+১৮=৬৮>>৬৮৷
অতএব, তারা ৳৯০ - ৳৬৮ = ৳<<৯০-৬৮=২২>>২২ সংরক্ষণ করতে পারে যদি তারা প্রথম বিকল্পটি বেছে নেয়।
#### ২২"
reasoning-0042,reasoning_hallu-0243,hallucinated,semantic_drift,"ইলেকট্রনিক্স স্টোরটি যদি ব্ল্যাক ফ্রাইডেতে ৩২৭টি টেলিভিশন বিক্রি করেছে এবং পরের বছর আরও ৫০টি টেলিভিশন বিক্রি করতে পারে, মোট ৩২৭ + ৫০ = <<৩২৭+৫০=৩৭৭>>৩৭৭টি টেলিভিশনের জন্য।
দ্বিতীয় বছর তারা ৩৭৭ + ৫০ = <<৩৭৭+৫০=৪২৭>>৪২৭ টেলিভিশন বিক্রি করতে পারে।
তৃতীয় বছর, যদি তারা আগের বছরের তুলনায় ৫০টি বেশি টেলিভিশন বিক্রি করতে থাকে, তাহলে তারা এখন থেকে তিন বছর পর ব্ল্যাক ফ্রাইডে ৪২৭ + ৫০টি টেলিভিশন = <<৪২৭+৫০=৪৭৭>>৪৭৭টি টেলিভিশন বিক্রি করবে।
#### ৪৭৭"
reasoning-0043,reasoning_gold-0027,gold,gold,"কিকাররা দ্বিতীয় পিরিয়ডে ২ গোলের চেয়ে দ্বিগুণ করেছে, তাই ২*২ = <<২*২=৪>>৪ গোল
স্পাইডার্স ১ম পিরিয়ড থেকে দ্য কিকারসের ২ গোলের অর্ধেক করেছে তাই .৫*২ = <<২*.৫=১>>প্রথম পিরিয়ডে ১ গোল
স্পাইডার্স দ্বিতীয় পিরিয়ড থেকে দ্য কিকার্সের ৪ গোলের দ্বিগুণ, তাই ২*৪ = <<২*৪=৮>>দ্বিতীয় পিরিয়ডে ৮ গোল
একসাথে, তারা ২+৪+১+৮ = <<২+৪+১+৮=১৫>>মোট ১৫ গোল করেছে
#### ১৫"
reasoning-0044,reasoning_hallu-0074,hallucinated,formula_misapplication,"লিজা টি-শার্টে ৳৪০ খরচ করে / ২ = ৳<<৪০/২=২০>>২০ জিন্সে৷
এছাড়াও সে টি-শার্টের জন্য ৳৪০ খরচ করেন * ২ = ৳<<৪০*২=৮০>>৮০ কোটের জন্য৷
তাই লিজা মোট খরচ করেছে ৪০ + ২০ + ৮০ = ৳<<৪০+২০+৮০=১৪০>>১৪০।
কলি টি-শার্টে ৳৪০/৪ = ৳<<৪০/৪=১০>>১০ খরচ করে।
এছাড়াও তিনি জিন্সের প্রতি জোড়া ২০ টাকা *৩ = ৳<<২০*৩=৬০>>৬০ খরচ করে।
তারপরে তিনি কোটের জন্য ৳৮০ লিসার খরচ / ৪ = ৳<<৮০/৪=২০>>২০ কোটের জন্য খরচ করে।
সুতরাং কার্লি মোট খরচ করেছে ১০ + ৬০ + ২০ = ৳<<১০+৬০+২০=৯০>>৯০।
তাই লিজা এবং কলি মোট খরচ করেছে ১৪০ + ৯০ = ৳<<১৪০+৯০=২৩০>>২৩০৷
#### ২৩০"
reasoning-0045,reasoning_gold-0019,gold,gold,"গতকাল বিজ্ঞান ক্লাসে উপস্থিত শিক্ষার্থীর দ্বিগুণ সংখ্যা ৭০*২ = <<৭০*২=১৪০>>১৪০
গতকাল ক্লাসে উপস্থিত শিক্ষার্থীর সংখ্যার দ্বিগুণের চেয়ে দশ শতাংশ কম মানে ১০/১০০*১৪০ = <<১০/১০০*১৪০=১৪>>গতকালের উপস্থিত সংখ্যার দ্বিগুণের চেয়ে ১৪ কম শিক্ষার্থী রয়েছে।
আজ বিজ্ঞান ক্লাসে উপস্থিত শিক্ষার্থীর সংখ্যা ১৪০-১৪ = <<১৪০-১৪=১২৬>>১২৬
যদি আজ অনুপস্থিত কোর্সের জন্য মোট নিবন্ধিত শিক্ষার্থীর সংখ্যা ৩০ হয়, তাহলে বিজ্ঞান কোর্সের একটি পূর্ণ শ্রেণীতে ১২৬+৩০ = ১৫৬ জন শিক্ষার্থী রয়েছে।
#### ১৫৬"
reasoning-0046,reasoning_hallu-0101,hallucinated,hallucinated_intermediate_fact,"গণিত বইয়ের মোট মূল্য ৪*২০ = ৳<<৪*২০=৮০>>৮০৳।
তিনি গণিতের বইয়ের চেয়ে ছয়টি বেশি বিজ্ঞানের বই কিনেছিলেন যার মোট ৬+৪ = <<৬+৪=১০>>১০টি বই।
যদি প্রতিটি বিজ্ঞানের বইয়ের দাম তার ১০ টাকা হয় তবে সে ১০*১০ = ৳<<১০*১০=১০০>>১০০ বিজ্ঞানের বইয়ের জন্য ব্যয় করেছে।
গণিতের বইয়ের চেয়ে দ্বিগুণ বেশি চিত্রাঙ্কন বই ছিল যার মোট ২*৪ = <<২*৪=৮>>৮
চিত্রাঙ্কন বইয়ের মোট খরচ ৮*২০ = ৳<<৮*২০=১৬০>>১৬০
গণিত, বিজ্ঞান এবং চিত্রাঙ্কন বইয়ের জন্য মোট যে পরিমাণ তিনি ব্যবহার করেছেন তা হল ১৬০+১০০+৮০ = ৳<<১৬০+১০০+৮০=৩৪০>>৩৪০
তিনি গানের বইয়ের জন্য ব্যয় করেছেন ৫০০ - ৩৪০ = ৳<<৫০০-৩৪০=১৬০>>১৬০
#### ১৬০"
reasoning-0047,reasoning_gold-0012,gold,gold,"মতিনের ২৪০জন অনুসারী + ৫০০জন অনুসারী = <<২৪০+৫০০=৭৪০>> ইন্সটাগ্রাম  এবং  ফেসবুক -এ ৭৪০জন অনুসারী আছে।
টুইটারে তার ৭৪০ জন অনুসারী / ২ = <<৭৪০/২=৩৭০>>৩৭০জন অনুসারী রয়েছে।
টিকটকে তার ৩৭০ জন অনুসারী x ৩ = <<৩৭০*৩=১১১০>>১১১০ জন অনুসারী রয়েছে।
ইউটিউবে তার ১১১০ জন অনুসারী+ ৫১০ জন অনুসারী = <<১১১০+৫১০=১৬২০>>১৬২০জন অনুসারী আছে।
সামগ্রিকভাবে, ম্যালকমের ৭৪০জন অনুসারী + ৩৭০ জন অনুসারী + ১১১০ জন অনুসারী + ১৬২০ জন অনুসারী= <<৭৪০+৩৭০+১১১০+১৬২০=৩৮৪০>>সোশ্যাল মিডিয়াতে ৩৮৪০ জন অনুসারী রয়েছে।
#### ৩৮৪০"
reasoning-0048,reasoning_hallu-0160,hallucinated,invalid_deduction,"প্রথম সপ্তাহে তিনি ১ মাইল হাঁটেন, সপ্তাহে ৬ দিন মোট ১*৬ = <<১*৬=৬>>৬ মাইল
দ্বিতীয় সপ্তাহে তিনি ২ মাইল হাঁটেন, সপ্তাহে ৬ দিন মোট ২*৬ = <<২*৬=১২>>১২ মাইল
তৃতীয় সপ্তাহে তিনি ৩ মাইল হাঁটেন, সপ্তাহে ৬ দিন মোট ৩*৬ = <<৩*৬=১৮>>১৮ মাইল
চতুর্থ সপ্তাহে, তিনি ৪ মাইল হাঁটেন, সপ্তাহে ৬ দিন মোট ৪*৬ = <<৪*৬=২৪>>২৪ মাইল
চার সপ্তাহ ধরে তিনি ৬+১২+১৮+২৪ = <<৬+১২+১৮+২৪=৬০>>৬০ মাইল হেঁটেছেন
#### ৬০"
reasoning-0049,reasoning_hallu-0209,hallucinated,semantic_drift,"প্রথমে একজনকে মোট কতটি গেট দিয়ে যেতে হবে তা খুঁজে বের করুন: ১২ তলা / ৩ তলা/ গেট = <<১২/৩=৪>>৪টি গেট
তারপরে একজন গেটে অপেক্ষা করার জন্য মোট সময় বের করুন: ৪ গেট * ২ মিনিট/গেট = <<৪*২=৮>>৮ মিনিট
তারপর সেই সময়টিকে সেকেন্ডে রূপান্তর করুন: ৮ মিনিট * ৬০ সেকেন্ড/মিনিট = <<৮*৬০=৪৮০>>৪৮০ সেকেন্ড
তারপর সেকেন্ডে এক তলা দিয়ে গাড়ি চালানোর সময় বের করুন: ৮০০ ফুট / ১০ ফুট/সেকেন্ড = <<৮০০/১০=৮০>>৮০ সেকেন্ড
তারপরে মোট ড্রাইভিং সময় বের করতে ফ্লোর প্রতি ফ্লোরের সংখ্যা দিয়ে গুণ করুন: ৮০ সেকেন্ড/ফ্লোর * ১২ ফ্লোর = ৯৬০ সেকেন্ড
তারপরে নীচে যাওয়ার জন্য মোট সময় বের করতে গেটে অপেক্ষা করা মোট সময়ের সাথে মোট ড্রাইভিং সময় যোগ করুন: ৯৬০ সেকেন্ড + ৪৮০ সেকেন্ড = <<৯৬০+৪৮০=১৪৪০>>১৪৪০ সেকেন্ড
#### ১৪৪০"
reasoning-0050,reasoning_hallu-0056,hallucinated,formula_misapplication,"প্রথমে কুকুরের জন্য ব্যবহৃত মোট পরিমান ক্লিনার খুঁজুন: ৬ আউন্স/কুকুর * ৬ কুকুর = <<৬*৬=৩৬>>৩৬ আউন্স
তারপর বিড়ালের জন্য ব্যবহৃত মোট ক্লিনারের পরিমাণ খুঁজুন: ৪ আউন্স/বিড়াল * ৩ বিড়াল = <<৪*৩=১২>>১২ আউন্স
তারপরে ব্যবহৃত মোট পরিমাণ জানতে প্রতিটি প্রজাতির জন্য ব্যবহৃত ক্লিনারের পরিমাণ যোগ করুন: ৩৬ আউন্স + ১২ আউন্স + ১ আউন্স = <<৩৬+১২+১=৪৯>>৪৯ আউন্স
#### ৪৯"
reasoning-0051,reasoning_hallu-0007,hallucinated,arithmetic_slip,"একটি বর্গক্ষেত্রের ক্ষেত্রফল দৈর্ঘ্য * প্রস্থ হিসাবে গণনা করা হয়। যেহেতু একটি বর্গক্ষেত্রের সব বাহু সমান তাহলে আমরা বলতে পারি যে একটি বাহু S দিলে ক্ষেত্রফল হল S*S
ক এর বর্গক্ষেত্র A এর জন্য, ক্ষেত্রফল হল ক*ক=২৫ বা ক^২=২৫
ক-এর সমাধান আমরা জানি যে ক=<<৫=৫>>৫
খ বাহুর খ এর বর্গক্ষেত্র হল খ*ক=৮১ বা খ^২=৮১
খ এর সমাধান করা হচ্ছে আমরা জানি যে খ=<<৯=৯>>৯
ক এবং খ এর মধ্যে পার্শ্ব পার্থক্য হল ৯-৫=<<৯-৫=৪>>৪
#### ৪"
reasoning-0052,reasoning_gold-0020,gold,gold,"যদি বিল্ডিং ২৩টি তলা থাকে এবং উপরের ২টি তলা পেন্টহাউসের জন্য সংরক্ষিত থাকে তাহলে নিয়মিত ইঊনিটএর জন্য ২৩-২ = <<২৩-২=২১>>২১টি মেঝে রয়েছে
যদি একটি নিয়মিত মেঝেতে  ১২টি ইঊনিট থাকে, তাহলে ২১টি নিয়মিত মেঝেতে ১২*২১ = <<১২*২১=২৫২>>২৫২ ইঊনিট থাকবে
যদি একটি পেন্টহাউস মেঝেতে ২টি ইঊনিট  থাকে, তাহলে ২টি পেন্টহাউস মেঝেতে ২*২ = <<২*২=৪>>৪ ইঊনিট থাকবে
সম্পত্তির মোট ইঊনিট হবে ২৫২ নিয়মিত + ৪ পেন্টহাউস বা ২৫২+৪ = <<২৫২+৪=২৫৬>>২৫৬ ইঊনিট
#### ২৫৬"
reasoning-0053,reasoning_hallu-0027,hallucinated,arithmetic_slip,"প্রথমে তিতাসের মোট দৈনিক লাভ খুঁজুন: ৳৩,০০০,০০০ + ৳৫,০০০,০০০ = ৳<<৩০০০০০০+৫০০০০০০=৮০০০০০০>>৮,০০০,০০০
তারপরে তাদের বার্ষিক লাভ খুঁজে বের করতে সেই সংখ্যাটিকে বছরের দিনের সংখ্যা দিয়ে গুণ করুন: ৩৬৫ দিন/বছর * ৳৮,০০০,০০০ = ৳<<৩৬৫*৮০০০০০০=২৯২০০০০০০০>>২,৯২০,০০০,০০০
তারপরে তাদের বার্ষিক ব্যয় খুঁজে বের করতে তাদের মাসিক ব্যয়কে বছরে মাসের সংখ্যা দিয়ে গুণ করুন: ৳৩০,০০০,০০০/মাস * ১২ মাস = ৳<<৩০০০০০০০*১২=৩৬০০০০০০০>>৩৬০,০০০,০০০
তারপর তাদের বার্ষিক আয় থেকে তাদের বার্ষিক ব্যয় বিয়োগ করে তাদের বার্ষিক লাভ খুঁজে বের করুন: ৳২৯২০০০০০০০ - ৳৩৬০,০০০,০০০ = ৳২,৫৬০,০০০,০০০
তারপর জরিমানার মূল্য টাকায় খুঁজে পেতে জরিমানার জন্য প্রদত্ত শতাংশ দ্বারা বার্ষিক লাভকে গুণ করুন: ৳২,৫৬০,০০০,০০০ * ১% = ৳<<২৫৬০০০০০০*১*.০১=২৫৬০০০০০>>২৫,৬০০,০০০
#### ২৫৬০০০০০"
reasoning-0054,reasoning_hallu-0234,hallucinated,semantic_drift,"তাদের ১ম সন্তান ১৫ বছর আগে জন্মেছিল, এবং তাই তার বয়স <<১৫=১৫>>১৫ বছর।
তাদের ২য় সন্তানটি তাদের ১৫ বছর বয়সী সন্তানের ১ বছর পরে জন্মগ্রহণ করেছে, এবং তাই ১৫-১=<<১৫-১=১৪>>১৪ বছর বয়সী।
তাদের ৩য় সন্তানটি তাদের ১৪ বছর বয়সী সন্তানের ৪ বছর পরে জন্মগ্রহণ করেছে, এবং তাই ১৪-৪=১০ বছর বয়সী।
তাদের ৪ র্থ সন্তান তাদের ১০ বছর বয়সী সন্তানের ২ বছর পরে জন্মগ্রহণ করে, এবং তাই ১০-২ = ৮ বছর বয়সী।
#### ৮"
reasoning-0055,reasoning_hallu-0114,hallucinated,hallucinated_intermediate_fact,"প্রথমে শপিং ট্রিপে কত আউন্স কার্বন ডাই অক্সাইড নির্গত হয় তা খুঁজে বের করুন: ৮ ব্যাগ/ট্রিপ * ৪ ওয/ব্যাগ = <<৮*৪=৩২>>৩২ ওয/ট্রিপ
তারপর শপিং ট্রিপে কার্বনের পাউন্ড খুঁজে বের করতে প্রতি পাউন্ড প্রতি আউন্সের সংখ্যা দিয়ে সেই পরিমাণ ভাগ করুন: ৩২ ওয/ট্রিপ/১৬ ওয/পাউন্ড = <<৩২/১৬=২>>২ পাউন্ড/ট্রিপ 
তারপরে টোট ব্যাগ তৈরি করতে ব্যবহৃত কার্বনের পরিমাণকে শপিং ট্রিপে সংরক্ষিত কার্বনের পরিমাণ দিয়ে ভাগ করুন যাতে ব্যাগটি একটি ভাল বিকল্প হতে প্রয়োজনীয় ট্রিপের সংখ্যা খুঁজে বের করুন: ৬০০ পাউন্ড / ২ পাউন্ড/ট্রিপ = <<৬০০/২ =৩০০>>৩০০টি ট্রিপ
#### ৩০০"
reasoning-0056,reasoning_hallu-0140,hallucinated,hallucinated_intermediate_fact,"ব্যবহৃত গাড়ির লটে ২৪/৩ = <<২৪/৩=৮>>৮টি মোটরসাইকেল রয়েছে যার প্রতিটিতে ২টি টায়ার রয়েছে।
লটে ২৪ - ৮ = <<২৪-৮=১৬>>১৬টি গাড়ি বিক্রির জন্য রয়েছে
১৬/৪ = ৪টি গাড়ি রয়েছে যার প্রতিটিতে ৫টি টায়ার সহ একটি অতিরিক্ত টায়ার রয়েছে।
লটে ১৬ - ৪ = <<১৬-৪=১২>>১২টি গাড়ি রয়েছে যার প্রতিটিতে ৪টি টায়ার রয়েছে৷
সুতরাং, ব্যবহৃত গাড়ী লটের যানবাহনে ৮ * ২ + ৪ * ৫ + ১২ * ৪ = ১৬ + ২০ + ৪৮ = <<৮*২+৪*৫+১২*৪=৮৪>>সব মিলিয়ে ৮৪ টা টায়ার আছে।
#### ৮৪"
reasoning-0057,reasoning_hallu-0154,hallucinated,invalid_deduction,"সিরাজ যদি প্রথম ওয়েব পেজে ১২টি বিজ্ঞাপন এবং দ্বিতীয় ওয়েব পেজে প্রথম ওয়েব পেজএর দ্বিগুণ বিজ্ঞাপন খুঁজে পায়, তাহলে সে ১২*২ = <<১২*২=২৪>>২৪টি বিজ্ঞাপন খুঁজে পেয়েছে।
প্রথম এবং দ্বিতীয় ওয়েব পেজে মোট ১২+২৪ =<<১২+২৪=৩৬>>৩৬
সিরাজ দ্বিতীয় ওয়েব পেজের চেয়ে তৃতীয় ওয়েব পেজে আরও ২৪টি বিজ্ঞাপন খুঁজে পেয়েছে, মোট ২৪+২৪ = <<২৪+২৪=৪৮>>৪৮টি বিজ্ঞাপন।
প্রথম তিনটি ওয়েব পেজে ৪৮+৩৬ = <<৪৮+৩৬=৮৪>>৮৪টি বিজ্ঞাপন ছিল
চতুর্থ ওয়েব পেজে দ্বিতীয় ওয়েব পেজের চেয়ে ৩/৪ গুণ বেশি বিজ্ঞাপন ছিল, মোট ৩/৪*২৪ =<<৩/৪*২৪=১৮>>১৮ বিজ্ঞাপন
ভার্মন্ট খোলা সমস্ত ওয়েব পেজগুলিতে, তিনি ৮৪+১৮ = <<৮৪+১৮=১০২>>১০২টি বিজ্ঞাপন খুঁজে পেয়েছেন
যদি সে তাদের ২/৩ টিতে ক্লিক করে, সে ২/৩*১০২=<<২/৩*১০২=৬৮>>৬৮ বিজ্ঞাপনে ক্লিক করেছে।
#### ৬৮"
reasoning-0058,reasoning_hallu-0106,hallucinated,hallucinated_intermediate_fact,"শিকাগো কাবস তৃতীয় ইনিংসে ২ হোম রান, পঞ্চম ইনিংসে ১ হোম রান এবং অষ্টম ইনিংসে ২ হোম রান ২+১+২ = <<২+১+২=৫>>৫ খেলার জন্য হোম রান.
কালামরা দ্বিতীয় ইনিংসে ১ হোম রান এবং পঞ্চম ইনিংসে ১ হোম রান করেছে ১+১=<<১+১=২>>২ হোম রানের জন্য।
যদি খেলায় শিকাগো শাবকরা মোট ৫ হোম রান করে এবং কার্ডিনালরা গেমগুলিতে মোট ২ হোম রান করে তাহলে ৫-২=<<৫-২=৩>>শিকাগোর দ্বারা আরও ৩ হোম রান করা হয়েছিল খেলায় কার্ডিনালদের চেয়ে শাবক।
#### ৩"
reasoning-0059,reasoning_gold-0035,gold,gold,"”ক” প্যাকেট থেকে সূর্যমুখীর উচ্চতা প্যাকেট ”খ” + ২০% থেকে সূর্যমুখীর উচ্চতার সমান। যদি ”গ”, ”খ” প্যাকেট থেকে সূর্যমুখীর উচ্চতা উপস্থাপন করে,  “গ” + ০.২০“গ” = ”ক” প্যাকেট থেকে সূর্যমুখীর উচ্চতা।
আমরা জানি ”ক” প্যাকেট থেকে সূর্যমুখীর উচ্চতা হল ১৯২ ইঞ্চি = “গ” + ০.২০“গ” বা ১.২“গ”।
“গ” বের করার জন্য, আমরা সমীকরণের উভয় দিককে ১.২ দ্বারা ভাগ করব, এভাবে: ১৯২ / ১.২ = ১.২“গ” / ১.২ বা ১৬০ = “গ”।
#### ১৬০"
reasoning-0060,reasoning_hallu-0190,hallucinated,invalid_deduction,"যদি আমি আমার বিড়ালকে প্রতিদিন ৬০ গ্রাম দেই এবং আমি এটি শেষ ৩ দিন পর্যন্ত পূরণ করি, তাহলে আমি তার বাটিতে মোট ৬০*৩ = <<৬০*৩=১৮০>>১৮০ গ্রাম রাখি
যদি খালি বাটির ওজন ৪২০ গ্রাম হয় এবং আমি ১৮০ গ্রাম রাখি তাহলে মোট ওজন = ৪২০+১৮০ = <<৪২০+১৮০=৬০০>>৬০০ গ্রাম
যদি আমার বিড়াল শুধুমাত্র ১৪ গ্রাম খেয়ে থাকে তাহলে বাটির ওজন এখন ৬০০-১৪ = <<৬০০-১৪=৫৮৬>>৫৮৬ গ্রাম
#### ৫৮৬"
reasoning-0061,reasoning_hallu-0233,hallucinated,semantic_drift,"রকি ২*৩ = <<২*৩=৬>>সপ্তাহে ৬ ঘন্টা হেঁটে অফিসে যেতে সময় নেয়।
রকি ৬*২ = <<৬*২=১২>>সপ্তাহে ১২ ঘন্টা হেঁটে অফিসে যেতে এবং যেতে সময় নেয়।
রকি  ১*২ = <<১*২=২>>সপ্তাহে ২ ঘন্টা বাইকে করে অফিসে যেতে সময় নেয়।
রকি  ২*২ = <<২*২=৪>>সপ্তাহে ৪ ঘন্টা বাইকে করে অফিসে যেতে এবং যেতে সময় নেয়।
মোট, রকি ১২+৪ = <<১২+৪=১৬>>সপ্তাহে ১৬ ঘন্টা সময় নেয় অফিসে যেতে এবং যেতে।
#### ১৬"
reasoning-0062,reasoning_hallu-0244,hallucinated,semantic_drift,"বাক্স থেকে লতিফ ৩টি বিস্কুট, তারপরে আরও তিনটি, কিন্তু তারপরে দুটি পিছনে রাখুন, মোট ৩+৩-২=<<৩+৩-২=৪>>৪টি বিস্কুট সরানো হয়েছে।
জামিল বাক্স থেকে আরও সাতটি বের করেছেন, মোট ৪+৭=<<৪+৭=১১>>১১টি বিস্কুট সরিয়েছেন।
ডালিয়া যদি ভেবেছিল অর্ধেক চলে গেছে, তাহলে হারিয়ে যাওয়া বিস্কুটের সংখ্যা বাকি থাকা বিস্কুটের সংখ্যার সমান হবে, অথবা ১১টি অনুপস্থিত = ১১টি অবশিষ্ট বিস্কুটের সমান হবে
#### ১১"
reasoning-0063,reasoning_hallu-0047,hallucinated,arithmetic_slip,"তিনি ৬টি ছোট থলে কিনতে পারেন কারণ ২৪/৪ = <<২৪/৪=৬>>৬
এটি তাকে ৩০০টি বেলুন দেয়, কারণ ৬ x ৫০ = <<৬*৫০=৩০০>>৩০০
তিনি ৪টি মাঝারি থলে কিনতে পারেন কারণ ২৪/৬ = <<২৪/৬=৪>>৪
এটি তাকে ৩০০টি বেলুন দেয় কারণ ৪ x ৭৫ = <<৪*৭৫=৩০০>>৩০০
তিনি ২টি অতিরিক্ত বড় থলে কিনতে পারেন কারণ ২৪/১২ = <<২৪/১২=২>>২
এটি তাকে ৪০০টি বেলুন দেয় কারণ ২ x ২০০ = <<২*২০০=৪০০>>৪০০
৪০০ হল সে সবচেয়ে বেশি কিনতে পারে কারণ ৪০০ হল ৩০০ এর থেকে বড়৷
#### ৪০০"
reasoning-0064,reasoning_gold-0007,gold,gold,"মিরাজ ১১টি টোকেন ব্যবহার করেছেন যার মূল্য প্রতিটি ১৫ পিচ, তাই ১১ টোকেন x ১৫ পিচ = <<১১*১৫=১৬৫>>১৬৫ পিচ।
পাপন ১৭ টোকেন x ১৫ পিচ ব্যবহার করেছে = <<১৭*১৫=২৫৫>>২৫৫ পিচ।
একসাথে, মিরাজ এবং পাপন ১৬৫ + ২৫৫ = <<১৬৫+২৫৫=৪২০>>৪২০ পিচ পেয়েছেন।
মিরাজ ৫০ বার বল মারেন + পাপনের ৫৫ হিট = <<৫০+৫৫=১০৫>>১০৫টি মোট হিট।
৪২০ পিচের মধ্যে - ১০৫টি মোট হিট = <<৪২০-১০৫=৩১৫>>৩১৫টি মিস।
#### ৩১৫"
reasoning-0065,reasoning_hallu-0229,hallucinated,semantic_drift,"প্রথম বছরে, ববি ১৬*.৫ = <<১৬*.৫=৮>>৮টি নতুন গাড়ি ক্রয় করবে।
প্রথম বছরের পর, তার মোট ১৬ + ৮ = <<১৬+৮=২৪>>২৪টি গাড়ি থাকবে।
দ্বিতীয় বছরে, ববি ২৪*.৫ = <<২৪*.৫=১২>>১২টি নতুন গাড়ি ক্রয় করবে৷
দ্বিতীয় বছরের পর, তার কাছে ২৪ + ১২ = <<২৪+১২=৩৬>> মোট ৩৬টি গাড়ি থাকবে।
তৃতীয় বছরে, ববি ৩৬*.৫ = <<৩৬*.৫=১৮>>১৮টি নতুন গাড়ি ক্রয় করবে৷
তৃতীয় বছরের পর, তার কাছে ৩৬ + ১৮ = <<৩৬+১৮=৫৪>> মোট ৫৪টি গাড়ি থাকবে।
#### ৫৪"
reasoning-0066,reasoning_hallu-0218,hallucinated,semantic_drift,"আবিদ ৩/৫* ৳৬০০ = ৳<<৩/৫*৬০০=৩৬০>>৩৬০ খাবারের জন্য প্রদান করে।
তিনি বন্ধকী বিলের জন্য ৩*৳৩৬০ = ৳<<৩*৩৬০=১০৮০>>১০৮০ খরচ করেন।
ট্যাক্সে তার খরচের পরিমাণ ২/৫*৳২০০০ = ৳<<২/৫*২০০০=৮০০>>৮০০
আবিদের মোট মাসিক খরচ হল ৳৮০০ ট্যাক্স + ৳১০৮০ বন্ধকী বিল + ৳৩৬০ খাবার + ৳৬০০ ভাড়া = ৳<<৮০০+১০৮০+৩৬০+৬০০=২৮৪০>>২৮৪০
তার মোট বেতন হল খরচের জন্য ৳২৮৪০ + ৳২০০০ সঞ্চয় = ৳<<২৮৪০+২০০০=৪৮৪০>>৪৮৪০
#### ৪৮৪০"
reasoning-0067,reasoning_hallu-0237,hallucinated,semantic_drift,"রেসের মধ্যে ৩/৫ জন যদি সাইকেল চালায়, তাহলে তাদের সংখ্যা ৩/৫ * ৪০ জন = <<৩/৫*৪০=২৪>>২৪ জন
যেহেতু একটি সাইকেলের ২টি চাকা থাকে এবং প্রতিটি সাইকেলে ২৪ জন লোক চড়ছিল, তাই রেসে মোট সাইকেলের চাকার সংখ্যা হল ২টি চাকা/বাইক * ২৪টি বাইক = <<২*২৪=৪৮>>৪৮টি চাকা
ট্রাইসাইকেলে রেসারের সংখ্যা হল ৪০ জন - ২৪ জন = <<৪০-২৪=১৬>>১৬ জন
যেহেতু একটি ট্রাইসাইকেলে ৩টি চাকা থাকে এবং প্রতিটি ট্রাইসাইকেলে ১৬ জন লোক চড়ছিল, তাই রেসে মোট ট্রাইসাইকেলের চাকার সংখ্যা ৩টি চাকা/ট্রাইক * ১৬ ট্রাইক = <<৩*১৬=৪৮>>৪৮টি চাকা
রেসে সাইকেল এবং ট্রাইসাইকেল চাকার মিলিত মোট ৪৮ চাকা + ৪৮ চাকা = <<৪৮+৪৮=৯৬>>৯৬ চাকা
#### ৯৬"
reasoning-0068,reasoning_hallu-0133,hallucinated,hallucinated_intermediate_fact,"যেহেতু বইটির প্রতিটি অধ্যায়ে ৪০টি পৃষ্ঠা রয়েছে, তাই মিখাইল ১০*৪০ = <<১০*৪০=৪০০>>প্রথম দশটি অধ্যায় থেকে ৪০০টি পৃষ্ঠা পড়েছেন।
একাদশ অধ্যায়ের ২০ পৃষ্ঠা পড়ার পর, মিখাইল মোট পৃষ্ঠার সংখ্যা ৪০০+২০ = <<৪০০+২০=৪২০>>৪২০
পরবর্তী দুটি অধ্যায় যা সে পড়েছিল তার ২*৪০ = <<২*৪০=৮০>>৮০ পৃষ্ঠা ছিল।
মোট, মিখাইল সেদিন বইটির ৪২০+৮০ = <<৪২০+৮০=৫০০>>৫০০ পৃষ্ঠা পড়েছিলেন।
#### ৫০০"
reasoning-0069,reasoning_hallu-0066,hallucinated,formula_misapplication,"মেরির ওজন ১৬০ পাউন্ড হলে, জারিফের ওজন ১৬০ পাউন্ড + ২০ পাউন্ড = <<১৬০+২০=১৮০>>১৮০ পাউন্ড।
যদি মিলিএর ওজন মেরির ওজনের থেকে এক-চতুর্থাংশ কম হয়, তাহলে তার ওজন ১/৪ * ১৬০ পাউন্ড = <<১/৪*১৬০=৪০>>৪০ পাউন্ড বেশি।
মিলিএর মোট ওজন হল ১৬০ পাউন্ড + ৪০ পাউন্ড = <<১৬০+৪০=২০০>>২০০ পাউন্ড।
তিনটির মোট ওজন হল ২০০ পাউন্ড + ১৮০ পাউন্ড + ১৬০ পাউন্ড = <<২০০+১৮০+১৬০=৫৪০>>৫৪০ পাউন্ড।
#### ৫৪০"
reasoning-0070,reasoning_hallu-0208,hallucinated,semantic_drift,"প্রতিটি বড় পোস্টারের জন্য লাভ হল ৳১০ - ৳৫ = ৳<<১০-৫=৫>>৫।
লিমা প্রতিদিন বড় পোস্টার বিক্রি করে ৳৫ * ২ = ৳<<৫*২=১০>>১০ উপার্জন করে।
প্রতিটি ছোট পোস্টারের জন্য করা লাভ হল ৳৬ - ৳৩ = ৳<<৬-৩=৩>>৩।
প্রতিদিন লিমা ছোট পোস্টার বিক্রি করে ৳৩ * ৩ = ৳<<৩*৩=৯>>৯ উপার্জন করে।
লারান প্রতিদিন মোট লাভ করে ৳১০ + ৳৯ = ৳<<১০+৯=১৯>>১৯।
৫ দিনের স্কুল সপ্তাহে, লিমা ৫ * ৳১৯ = ৳<<৫*১৯=৯৫>>৯৫ লাভ করে।
#### ৯৫"
reasoning-0071,reasoning_hallu-0043,hallucinated,arithmetic_slip,"প্রথম দিনে, লুবনা ১/৪*২০০ = <<১/৪*২০০=৫০>>৫০ টুকরা খেয়েছিল।
প্রথম দিনের পরে অবশিষ্ট অংশের সংখ্যা হল ২০০-৫০ = <<২০০-৫০=১৫০>>১৫০
দ্বিতীয় দিনে,লুবনা ২/৫*১৫০ = <<২/৫*১৫০=৬০>>৬০ টুকরো রুটি খেয়েছিল।
দ্বিতীয় দিনের পরে যে রুটির টুকরো অবশিষ্ট আছে তা হল ১৫০-৬০ = <<১৫০-৬০=৯০>>৯০
যদি তৃতীয় দিনে লুবনা বাকি রুটির অর্ধেক টুকরো খেয়ে ফেলে, সে ১/২*৯০ = ৪৫ টুকরা খেয়েছে।
তৃতীয় দিনের পরে যে রুটির টুকরো অবশিষ্ট থাকে তা হল ৯০-৪৫=<<৯০-৪৫=৪৫>>৪৫।
#### ৪৫"
reasoning-0072,reasoning_hallu-0132,hallucinated,hallucinated_intermediate_fact,"যদি খ  হল বিলের দাগের সংখ্যা এবং গ হল ফিলের দাগের সংখ্যা, আমরা জানি যে খ  + গ = ৫৯। আমরা এটাও জানি যে খ  = ২গ - ১।
আমরা দ্বিতীয় সমীকরণটিকে প্রথম সমীকরণে প্রতিস্থাপন করতে পারি: ২গ- ১ + গ = ৫৯ 
পদের মতো একত্রিত করলে, আমরা ৩গ - ১= ৫৯ পাই
উভয় পাশে ১ যোগ করলে আমরা ৩গ = ৬০ পাব
উভয় পক্ষকে ৩ দ্বারা ভাগ করলে আমরা গ = ২০ পাব
এটিকে খ = ২গ - ১ সমীকরণে প্রতিস্থাপন করলে, আমরা খ = ২*২০ - ১ = ৪০ - ১ = <<২*২০-১=৩৯>>৩৯ পাই
#### ৩৯"
reasoning-0073,reasoning_gold-0021,gold,gold,"বাই-১-গেট-১-ফ্রি মূল্য ব্যবহার করে, ২টি ট্রিপল চিজ পিজ্জা কিনতে ১*৳৫=৳<<১*৫=৫>>৫ খরচ হয়৷
প্রতি ২ পিজ্জার জন্য ৳৫ এ, এর দাম ৳৫/২=৳<<৫/২=২.৫>>২.৫ প্রতি ট্রিপল চিজ পিজ্জা।
বাই-২-গেট-১-ফ্রি মূল্য ব্যবহার করে, ৩টি মাংস প্রেমীদের পিজ্জা কিনতে ২*৳৫=৳<<২*৫=১০>>১০ খরচ হয়৷
প্রতি তিনটি পিজ্জার জন্য ৳১০, মাংস প্রেমীদের পিজ্জা প্রতি ৳১০/৩=৳৩ এবং ৳১/৩ খরচ হয়।
বাই-১-গেট-১-ফ্রি মূল্যের সাথে, ১০টি ট্রিপল চিজ পিজ্জা ১০*৳২.৫=৳<<১০*২.৫=২৫>>২৫।
বাই-২-গেট-১-ফ্রি মূল্যের সাথে, ৯টি মাংসপ্রেমী পিৎজা ৯*(৳৩+৳১/৩)=৳৩০।
মোট, ১০টি ট্রিপল পনির এবং ৯টি মাংসপ্রেমী পিজ্জার জন্য, এর দাম পড়বে ৳২৫+৳৩০=৳৫৫।
#### ৫৫"
reasoning-0074,reasoning_gold-0022,gold,gold,"তিনগুণ সিমেন্ট ব্যাগ হল ৩*৮০ = <<৩*৮০=২৪০>>২৪০ সিমেন্ট ব্যাগ।
যদি একটি সিমেন্টের ব্যাগের ওজন ৫০ কেজি হয়, তাহলে তার ওজন ৩/৫*৫০ = <<৩/৫*৫০=৩০>>৩০ কেজি।
৫০ কেজি ওজনের ৮০ ব্যাগ সিমেন্ট পরিবহনের খরচ যদি ৳৬০০০ হয়, তাহলে ৫০ কেজি ওজনের এক ব্যাগ সিমেন্ট পরিবহনের খরচ হয় ৳৬০০০/৮০ = ৳<<৬০০০/৮০=৭৫>>৭৫
যেহেতু ৫০ কেজি ওজনের একটি ব্যাগের পরিবহনে ৳৭৫ খরচ হয়, তাই ৩০ কেজি ওজনের একটি ব্যাগের ৩০*৳৭৫/৫০ = ৳<<৩০*৭৫/৫০=৪৫>>৪৫ খরচ হবে।
প্রতিটি ৩০ কেজি ওজনের ২৪০টি সিমেন্ট ব্যাগ পরিবহনের খরচ হল ৳৪৫*২৪০ = ৳<<৪৫*২৪০=১০৮০০>>১০৮০০
#### ১০৮০০"
reasoning-0075,reasoning_hallu-0228,hallucinated,semantic_drift,"ধরা যাক আগে ট্যাঙ্কে থাকা মাছের সংখ্যা, ক  ছিল
যদি  সেখানে যে সংখ্যক ট্যাঙ্ক ছিল তার থেকে ৪ টি কম মাছ ধরেন, তাহলে  ক-৪ টি মাছ ধরেছে
ট্যাঙ্কে ক-৪ মাছ যোগ করার পর, ট্যাঙ্কটিতে এখন ২০টি মাছ ছিল, যার অর্থ ট্যাঙ্কে মোট মাছের সংখ্যা হল ক+ক-৪=২০
২ক=২০+৪
ট্যাঙ্কে প্রাথমিকভাবে মোট মাছের সংখ্যা ২ক=২৪
প্রথমদিকে, ট্যাঙ্কে ক=২৪/২ মাছ ছিল
ক=<<১২=১২>>১২
অমি যদি প্রাথমিকভাবে ট্যাঙ্কের সংখ্যার চেয়ে ৪ টি কম মাছ ধরে থাকেন তবে তিনি ১২-৪=<<১২-৪=৮>>৮টি মাছ ধরেছেন।
#### ৮"
reasoning-0076,reasoning_hallu-0010,hallucinated,arithmetic_slip,"কোম্পানী খ থেকে ৩০ x ২ = <<৩০*২=৬০>>৬০ জন অংশগ্রহণকারী আছে।
কোম্পানি গ এর ৩০ + ১০ = <<৩০+১০=৪০>>৪০ জন অংশগ্রহণকারী রয়েছে।
কোম্পানি ঘ এর ৪০ - ৫ = <<৪০-৫=৩৫>>৩৫ নিবন্ধিত অংশগ্রহণকারী রয়েছে৷
সুতরাং, কোম্পানি ক, খ, গ, এবং ঘ থেকে মোট অংশগ্রহণকারী হল ৩০ + ৬০ + ৪০ + ৩৫ = <<৩০+৬০+৪০+৩৫=১৬৫>>১৬৫।
তাই ১৮৫ - ১৬৫ = <<১৮৫-১৬৫=২০>>২০ জন অংশগ্রহণকারী যারা ক, খ, গ, বা ঘ কোম্পানির নয়।
#### ২০"
reasoning-0077,reasoning_hallu-0135,hallucinated,hallucinated_intermediate_fact,"যদি তিনি সোমবার ৮টি এবং মঙ্গলবার আরও ২টি সোয়েটার বুনন, তবে তিনি ৮+২ = <<৮+২=১০>>মঙ্গলবার ১০টি সোয়েটার বুনবেন৷
সোমবার এবং মঙ্গলবার তিনি যে সোয়েটার বুনছিলেন তার মোট সংখ্যা হল ১০+৮ = <<১০+৮=১৮>>১৮
বুধবার, তিনি মঙ্গলবারের বোনা সংখ্যার চেয়ে চারটি কম সোয়েটার বুনন, যার মোট ১০-৪ = <<১০-৪=৬>>৬টি সোয়েটার।
বুধবারের মধ্যে, সে ১৮+৬ = <<১৮+৬=২৪>>২৪টি সোয়েটার বুনছিল।
বৃহস্পতিবার, তিনি বৃহস্পতিবার একই সংখ্যক সোয়েটার বুনন করেছিলেন, মোট ২৪+৬ = <<২৪+৬=৩০>>৩০টি সোয়েটার দিয়েছেন।
শুক্রবার, তিনি সোমবার যে সোয়েটার বুনছিলেন তার অর্ধেক সংখ্যক সোয়েটার বুনেছেন, যা শুক্রবারে মোট ১/২*৮ = <<৮*১/২=৪>>৪টি সোয়েটার।
এখন পর্যন্ত, সে শুক্রবারের মধ্যে ৩০+৪ = <<৩০+৪=৩৪>>৩৪টি সোয়েটার বুনছে।
#### ৩৪"
reasoning-0078,reasoning_hallu-0100,hallucinated,formula_misapplication,"প্রথমত, ২০ ক্যানের ওজন হল ২০ ক্যান * ২ অউন্স  প্রতি ক্যান = <<২০*২=৪০>>৪০ oz।
এইভাবে, জেনির ১০০ অউন্স   - ৪০ অউন্স   = <<১০০-৪০=৬০>>৬০ অউন্স   বোতল বহন করার ক্ষমতা রয়েছে।
জেসমিন   প্রতি বোতল ৬০ অউন্স   / ৬ অউন্স   = <<৬০/৬=১০>>১০ বোতল বহন করতে পারে।
জেসমিন    ১০ বোতল * ১০ পয়সা  প্রতি বোতল = <<১০*১০=১০০>>বোতলগুলির জন্য ১০০ পয়সা  উপার্জন করে।
জেসমিন   ২০ ক্যান * ৩ পয়সা  প্রতি ক্যান = <<২০*৩=৬০>>ক্যানের জন্য ৬০ পয়সা  উপার্জন করে।
মোট, সে ১০০ পয়সা  + ৬০ পয়সা  = <<১০০+৬০=১৬০>>১৬০ পয়সা  উপার্জন করে।
#### ১৬০"
reasoning-0079,reasoning_gold-0026,gold,gold,"প্রথম রাউন্ডে, জাফর ১৬ - ১ = <<১৬-১=১৫>>১৫ পূর্ণ করেছেন।
দ্বিতীয় রাউন্ডে, জাফর ১৬ - ৩ = <<১৬-৩=১৩>>১৩ পূর্ণ করেছেন।
তৃতীয় রাউন্ডে, জাফর ১৬ + ৪ = <<১৬+৪=২০>>২০ পূর্ণ করেছেন।
চতুর্থ রাউন্ডে, জাফর ১৬/২ = <<১৬/২=৮>>৮ পূর্ণ করেছেন।
জাফর ১৫ + ১৩ + ২০ + ৮ = <<১৫+১৩+২০+৮=৫৬>>মোট ৫৬টি দড়ি লাফ সম্পন্ন করেছেন।
জাফর গড়ে ৫৬/৪ = <<৫৬/৪=১৪>>প্রতি রাউন্ডে ১৪টি দড়ি লাফ দিয়েছেন।
#### ১৪"
reasoning-0080,reasoning_hallu-0157,hallucinated,invalid_deduction,"তিন সপ্তাহ হল ৭*৩=<<৭*৩=২১>>২১ দিন।
তিনি একদিন তার দাদা-দাদির বাড়িতে, একদিন তার ভাইয়ের বাড়িতে, দুই দিন তার বোনের বাড়িতে এবং দুই দিন বাড়ি ফিরে মোট ১+১+২+২=<<১+১+২+২ ভ্রমণ করেছিলেন। =৬>>৬ দিন।
তিনি তার দাদা-দাদির বাড়িতে ৫ দিন এবং তার ভাইয়ের বাড়িতে ৫ দিন কাটিয়েছেন, মোট ৫+৫=<<৫+৫=১০>>১০ দিন।
এইভাবে, ২১টি ছুটির দিনের মধ্যে, তার বোনের সাথে কাটাতে বাকি দিনের সংখ্যা ছিল ২১-৬-১০=<<২১-৬-১০=৫>>৫ দিন।
#### ৫"
reasoning-0081,reasoning_gold-0017,gold,gold,"বর্ষার শুরুতে, ট্যাঙ্কটি ১০০ x ২/৫ = <<১০০*২/৫=৪০>>৪০ লিটার জলে ভরা হয়।
বর্ষার প্রথম দিনে, ট্যাঙ্কে ৪০ + ১৫ = <<৪০+১৫=৫৫>>৫৫ লিটার জল ছিল।
দ্বিতীয় দিনে, ১৫ + ৫ = <<১৫+৫=২০>>২০ লিটার জল সংগ্রহ করা হয়েছিল।
সুতরাং, দ্বিতীয় দিনে ট্যাঙ্কটি ৫৫ + ২০ = <<৫৫+২০=৭৫>>৭৫ লিটার জলে পূর্ণ হয়।
অতএব, তৃতীয় দিনে ১০০ - ৭৫ = <<১০০-৭৫=২৫>>২৫ লিটার জল সংগ্রহ করা হয়েছিল।
#### ২৫"
reasoning-0082,reasoning_hallu-0152,hallucinated,invalid_deduction,"যদি জিমের হিডেন লেকে যেতে ১৫ মিনিট এবং পার্ক অফিসে ফিরে যেতে ৭ মিনিট সময় লাগে, তবে তিনি ভ্রমণে মোট ১৫+৭=<<১৫+৭=২২>>২২ মিনিট ব্যয় করেন।
দান্তে যখন পার্ক অফিসে পৌঁছান, তখন তিনি পার্ক অফিস থেকে মোট ৩২ মিনিট চলে যাবেন এবং যেহেতু তিনি পার্ক অফিস থেকে লেক পার্ক রেস্তোরাঁর পাশ দিয়ে গেছেন, পার্ক অফিস থেকে লেক পার্ক রেস্তোরাঁয় তার হাঁটা সময় লেগেছিল ৩২-২২= <<৩২-২২=১০>>১০ মিনিট।
#### ১০"
reasoning-0083,reasoning_hallu-0158,hallucinated,invalid_deduction,"যদি জনাবা সারমিন এর ক্লাসে ৩০ জন ছাত্র থাকে এবং ছেলেদের সংখ্যা ১০ হয়, তাহলে মিস লিচ ক্লাসে মেয়েদের সংখ্যা ৩০-১০=<<৩০-১০=২০>>২০
যদি প্রতিটি ছেলে বিজ্ঞান কার্যকলাপের জন্য ৫ কাপ নিয়ে আসে, ছেলেদের মোট কাপের সংখ্যা ৫*১০=<<৫*১০=৫০>>৫০ কাপ।
মেয়েরা যে কাপ নিয়ে এসেছে তার সংখ্যা মোট সংখ্যার ৯০-৫০=<<৯০-৫০=৪০>>৪০।
যেহেতু ক্লাসে মেয়েদের সংখ্যা ২০, প্রতিটি মেয়ে ৪০/২০=২ কাপ নিয়ে এসেছে।
#### ২"
reasoning-0084,reasoning_hallu-0223,hallucinated,semantic_drift,"তার পুরানো কোম্পানিতে, যদি সে তিন বছর কাজ করে, তাহলে তাকে মোট কত মাসের বেতন দেওয়া হয়েছিল তা হল ৩ বছর*১২, যা এক বছরে মাসের সংখ্যা = <<৩*১২=৩৬>>৩৬ মাস।
যদি প্রতি মাসে তাকে ৳৫০০০ দেওয়া হয়, পুরানো কোম্পানিতে তার মোট আয় ৳৫০০০*৩৬ =৳<<৫০০০*৩৬=১৮০০০০>>১৮০০০০
তার নতুন কোম্পানিতে, তাকে ২০% বেশি অর্থ প্রদান করা হয়, যা ২০/১০০*৳৫০০০ = ৳<<২০/১০০*৫০০০=১০০০>>১০০০ প্রতি মাসে তাকে পুরানো কোম্পানিতে যে অর্থ প্রদান করা হয়েছিল তার চেয়ে বেশি।
মোট, তিনি তার নতুন কোম্পানিতে প্রতি মাসে ৳৫০০০+৳১০০০ = ৳<<৫০০০+১০০০=৬০০০>>৬০০০ উপার্জন করেন।
যেহেতু সে নতুন কোম্পানিতে পুরানো কোম্পানির চেয়ে পাঁচ মাস বেশি কাজ করেছে, সে নতুন কোম্পানিতে ৩৬+৫ = <<৩৬+৫=৪১>>৪১ মাস কাজ করেছে।
নতুন কোম্পানিতে তার উপার্জন করা মোট পরিমাণ হল ৳৬০০০*৪১ = ৳<<৬০০০*৪১=২৪৬০০০>>২৪৬০০০
উভয় কোম্পানির জন্য মিলিত মোট হল ৳২৪৬০০০+৳১৮০০০০ = ৳<<২৪৬০০০+১৮০০০০=৪২৬০০০>>৪২৬০০০
#### ৪২৬০০০"
reasoning-0085,reasoning_hallu-0149,hallucinated,hallucinated_intermediate_fact,"তিনি দুটি ক্যান্টালুপ ফেলেছিলেন এবং দিনের শেষে ৮টি অবশিষ্ট ছিল, তাই তিনি ৩০ - ২ - ৮ = <<৩০-২-৮=২০>>২০টি ক্যান্টালুপ বিক্রি করেছিলেন।
তিনটি হানিডিউ  পচা ছিল, এবং দিনের শেষে তার ৯টি বাকি ছিল, তাই সে ২৭ - ৩ - ৯ = <<২৭-৩-৯=১৫>>১৫টি মধু বিক্রি করল৷
তিনি ২০টি ক্যান্টালুপ বিক্রি করেছেন * ৳২/ক্যান্টালুপ = ৳<<২০*২=৪০>>৪০টি ক্যান্টালুপে
এছাড়াও তিনি ১৫টি হানিডিউ  *৳৩/মধুরশিউ = ৳<<১৫*৩=৪৫>>৪৫টি হানিডিউ  বিক্রি করেছেন।
সব মিলিয়ে তিনি ৳৪০ + ৳৪৫ = ৳<<৪০+৪৫=৮৫>>৮৫ উপার্জন করেছেন
#### ৮৫"
reasoning-0086,reasoning_hallu-0211,hallucinated,semantic_drift,"যেহেতু মারিয়া প্রথম ওজন ছিল ৯৯ পাউন্ড, সে এক ডজন পাউন্ড কমার পর তার ওজন হল ৯৯-১২=<<৯৯-১২=৮৭>>৮৭ পাউন্ড।
তিনি প্রাথমিকভাবে যে ওজন কমিয়েছেন তার দ্বিগুণ হল ১২*২=<<১২*২=২৪>>২৪ পাউন্ড।
সুতরাং, যখন সে প্রাথমিকভাবে হারানো ওজনের দ্বিগুণ যোগ করে, তখন তার ওজন বেড়ে ৮৭+২৪=<<৮৭+২৪=১১১>>১১১ পাউন্ড হয়ে যায়।
সে প্রাথমিকভাবে হারানোর চেয়ে তিনগুণ বেশি ১২*৩=<<১২*৩=৩৬>>৩৬ পাউন্ড।
অতএব, যখন মারিয়া প্রাথমিকভাবে হারানোর চেয়ে ৩ গুণ বেশি হারান, তখন তার ওজন ১১১-৩৬=<<১১১-৩৬=৭৫>>৭৫ পাউন্ডে নেমে আসে।
অবশেষে, যখন মারিয়া এক ডজন পাউন্ডের অর্ধেক ফিরে পেল, তখন তার চূড়ান্ত ওজন ছিল ৭৫+৬=<<৭৫+৬=৮১>>৮১ পাউন্ড।
#### ৮১"
reasoning-0087,reasoning_hallu-0032,hallucinated,arithmetic_slip,"৳১২ এর অর্ধেক হল (১/২)*৳১২ = ৳৬
সপ্তাহে ৭ দিন থাকে তাই যদি সে প্রতিদিন একটি বাদে অর্ধেক সংরক্ষণ করে তবে সে ৭-১ = <<৭-১=৬>>৬ দিনের জন্য অর্ধেক সঞ্চয় করেছে
তিনি মোট ৳<<৬*৬=৩৬>>৩৬ এর জন্য ৬ দিনের জন্য ৳৬ সঞ্চয় করেছেন
৳১২ এর এক চতুর্থাংশ হল (১/৪)*৳১২ = ৳<<১২*১/৪=৩>>৩
তিনি ৳৩+৳৩৬ = ৳<<৩+৩৬=৩৯>>৩৯ মোট সঞ্চয়ের জন্য একবার এক চতুর্থাংশ সঞ্চয় করেছিলেন
#### ৩৯"
reasoning-0088,reasoning_gold-0039,gold,gold,"প্রতিটি ৫ বাই ৫ চিত্রকর্ম ২৫ বর্গফুট কারণ ৫ x ৫ = <<৫*৫=২৫>>২৫
তাদের তিনটিই ৭৫ বর্গফুট জায়গা নেয় কারণ ৩ x ২৫ = <<৩*২৫=৭৫>>৭৫
১০ x ৮ চিত্রকর্ম ৮০ বর্গফুট জায়গা নেয় কারণ ১০ x ৮ = <<১০*৮=৮০>>৮০
এই চারটি পেইন্টিং ১৫৫ বর্গফুট জায়গা নেয় কারণ ৮০ + ৭৫ = <<৮০+৭৫=১৫৫>>১৫৫
চূড়ান্ত চিত্রকর্ম ৪৫ বর্গফুট কারণ ২০০-১৫৫ = <<২০০-১৫৫=৪৫>>৪৫
যদি এটি ৫ ফুট চওড়া হয় তবে এটি ৯ ফুট লম্বা কারণ ৪৫/৫ = ৯
#### ৯"
reasoning-0089,reasoning_gold-0050,gold,gold,"দোকানে একটি শার্টের দাম ৳৬০ হলে, এর দাম ২০/১০০*৳৬০=৳<<৬০*২০/১০০=১২>>১২ কমেছে
একটি শার্টের দাম কমিয়ে ৳৬০-৳১২=৳<<৬০-১২=৪৮>>৪৮ করা হয়েছে
  তারিন ৫ টি শার্ট কেনার জন্য ৳৪৮*৫= ৳<<৪৮*৫=২৪০>>২৪০ প্রদান করবে
চামড়ার জ্যাকেটের প্রাথমিক মূল্য ৳৯০ হলে, দাম ২০/১০০*৳৯০=৳<<৯০*০.২=১৮>>১৮ কমেছে
মিসেস ডালিয়া ২০% দাম কমানোর পরে চূড়ান্ত চামড়ার জ্যাকেট হল ৳৯০-৳১৮=৳<<৯০-১৮=৭২>>৭২
তারিন ১০টি চামড়ার জ্যাকেট কেনার জন্য ৳৭২*১০= ৳<<৭২*১০=৭২০>>৭২০ প্রদান করবে
শার্ট এবং চামড়ার জ্যাকেটের জন্য তারিন মিসেস ডালিয়া  যে অর্থ প্রদান করেছিল তা হল ৳৭২০+৳২৪০=৳<<৭২০+২৪০=৯৬০>>৯৬০
#### ৯৬০"
reasoning-0090,reasoning_hallu-0067,hallucinated,formula_misapplication,"দুইবার বাম্পার গাড়ি চালানোর জন্য মারা ৳২ x ২ = ৳<<২*২=৪>>৪ খরচ করেছে।
রিনি স্পেস শাটলে ৪ বার চড়ার জন্য ৳৪ x ৪ = ৳<<৪*৪=১৬>>১৬ খরচ করেছে।
তারা ৳৫ x ৩ = ৳<<৫*৩=১৫>>১৫ প্রত্যেকে ফেরিস হুইলে ৩ বার করে খরচ করেছে।
সুতরাং, তারা ফেরিস হুইলে চড়ে মোট ৳১৫ x ২= ৳<<১৫*২=৩০>>৩০ খরচ করেছে।
তাই কার্নিভালে তারা যে পরিমাণ খরচ করেছে তা হল ৳৪ + ৳১৬ + ৳৩০ = ৳<<৪+১৬+৩০=৫০>>৫০৷
#### ৫০"
reasoning-0091,reasoning_hallu-0178,hallucinated,invalid_deduction,"প্রথমে রান্নাঘরের প্রস্থকে প্রতিটি টাইলের প্রস্থ দিয়ে ভাগ করে এক সারিতে কতগুলি টাইল আছে তা বের করুন: ৪৮ ইঞ্চি / ৬ ইঞ্চি/টাইল = <<৪৮/৬=৮>>এক সারিতে ৮টি টাইল
তারপর রান্নাঘরের উচ্চতাকে প্রতিটি টাইলের উচ্চতা দিয়ে ভাগ করে কতগুলি সারি টাইল আছে তা বের করুন: ৭২ ইঞ্চি / ৬ ইঞ্চি/টাইল = <<৭২/৬=১২>>১২ সারি টাইলস
তারপর সারির সংখ্যাকে প্রতি সারিতে টাইলসের সংখ্যা দ্বারা গুণ করে রামিসার মোট টাইলসের সংখ্যা  হবে: ৮টি টাইল/সারি * ১২টি সারি = <<৮*১২=৯৬>>৯৬টি টাইলস
#### ৯৬"
reasoning-0092,reasoning_gold-0018,gold,gold,"এক-তৃতীয়াংশ শ্রেণীকক্ষে ৩০টি ডেস্ক আছে, তাই ১/৩ * ১৫ = <<১/৩*১৫=৫>>এর মতো ৫টি শ্রেণীকক্ষ রয়েছে।
বাকি, যার অর্থ ১৫ - ৫ = <<১৫-৫=১০>>১০টি শ্রেণীকক্ষ, ২৫টি ডেস্ক আছে।
ক্লাসরুমের এক-তৃতীয়াংশ ৫ * ৩০ = <<৫*৩০=১৫০>>১৫০ জন শিক্ষার্থীর জন্য উপযুক্ত হতে পারে।
বাকি ১০*২৫ = <<১০*২৫=২৫০>>২৫০ জন শিক্ষার্থীর জন্য ফিট হতে পারে।
তাই মোট, স্কুলটি ১৫০ + ২৫০ = <<১৫০+২৫০=৪০০>>৪০০ জন শিক্ষার্থী দিয়ে পূর্ণ হতে পারে।
#### ৪০০"
reasoning-0093,reasoning_hallu-0210,hallucinated,semantic_drift,"প্রথমে সমস্ত নর্তকীর মধ্যে মোট ঝুঁটির সংখ্যা খুঁজুন: ৮ নর্তকী * ৫টি ঝুঁটি/নর্তক = <<৮*৫=৪০>>৪০টি ঝুঁটি 
তারপর সেকেন্ডে মোট সময় বের করতে সেকেন্ডে প্রতি সেকেন্ডে সময়কে গুণ করুন: ৪০ ঝুঁটি * ৩০ সেকেন্ড/ঝুঁটি = <<৪০*৩০=১২০০>>১২০০ সেকেন্ড
তারপর মিনিটে সময় বের করতে প্রতি মিনিটে সেকেন্ডের সংখ্যা দিয়ে সেকেন্ডে ভাগ করুন: ১২০০ সেকেন্ড / ৬০ সেকেন্ড/মিনিট = <<১২০০/৬০=২০>>২০ মিনিট
#### ২০"
reasoning-0094,reasoning_hallu-0086,hallucinated,formula_misapplication,"যদি বিল্ডিং ২৩টি তলা থাকে এবং উপরের ২টি তলা পেন্টহাউসের জন্য সংরক্ষিত থাকে তাহলে নিয়মিত ইঊনিটএর জন্য ২৩-২ = <<২৩-২=২১>>২১টি মেঝে রয়েছে
যদি একটি নিয়মিত মেঝেতে  ১২টি ইঊনিট থাকে, তাহলে ২১টি নিয়মিত মেঝেতে ১২*২১ = <<১২*২১=২৫২>>২৫২ ইঊনিট থাকবে
যদি একটি পেন্টহাউস মেঝেতে ২টি ইঊনিট  থাকে, তাহলে ২টি পেন্টহাউস মেঝেতে ২*২ = <<২*২=৪>>৪ ইঊনিট থাকবে
সম্পত্তির মোট ইঊনিট হবে ২৫২ নিয়মিত + ৪ পেন্টহাউস বা ২৫২+৪ = <<২৫২+৪=২৫৬>>২৫৬ ইঊনিট
#### ২৫৬"
reasoning-0095,reasoning_hallu-0052,hallucinated,formula_misapplication,"যদি একটি খরগোশ তার গর্ত থেকে এক মিনিটে তিনবার বের হয়, এক ঘণ্টায়, ৬০ মিনিটের মধ্যে, খরগোশটি গর্ত থেকে ৬০*৩=<<৬০*৩=১৮০>>১৮০ বার বেরিয়ে আসবে।
১০ ঘন্টার মধ্যে, একটি খরগোশ তাদের গর্ত থেকে ১৮০*১০=<<১৮০*১০=১৮০০>>১৮০০ বার বেরিয়ে আসবে।
২০টি খরগোশ তাদের গর্ত থেকে বেরিয়ে আসতে ১০ ঘন্টায় যে সমন্বিত সময় নেবে তা হল ১৮০০*২০=<<১৮০০*২০=৩৬০০০>>৩৬০০০ বার।
#### ৩৬০০০"
reasoning-0096,reasoning_hallu-0139,hallucinated,hallucinated_intermediate_fact,"প্রথমে একটি বোরকার জন্য প্রয়োজনীয় উপাদানের পরিমাণ খুঁজুন: ১২ ফুট * ৪ ফুট = <<১২*৪=৪৮>>৪৮ বর্গফুট
তারপর শাড়িতে ব্যবহৃত মোট উপাদান খুঁজে বের করতে পোশাকের সংখ্যা দিয়ে সেই সংখ্যাটিকে গুণ করুন: ৪৮ বর্গফুট/পোশাক* ৩ পোশাক= ১৪৪ বর্গফুট
তারপর হাতার জন্য তিনি যে পরিমাণ উপাদান ব্যবহার করেন তা খুঁজুন: ৫ বর্গফুট/হাতা * ২ হাতা = <<৫*২=১০>>১০ বর্গফুট
তারপর পোশাকের প্রতিটি অংশের জন্য তিনি যে পরিমাণ উপাদান ব্যবহার করেন তা যোগ করে মোট উপাদানের পরিমাণ বের করুন: ১০ বর্গফুট + ১৪৪ বর্গফুট + ২ বর্গফুট = <<১০+১৪৪+২=১৫৬>>১৫৬ বর্গফুট
তারপর মোট খরচ বের করতে প্রতি বর্গফুট খরচ দিয়ে উপাদানের মোট পরিমাণ গুণ করুন: ১৫৬ বর্গফুট * ৳৩/বর্গ ফুট = ৳<<১৫৬*৩=৪৬৮>>৪৬৮
#### ৪৬৮"
reasoning-0097,reasoning_hallu-0092,hallucinated,formula_misapplication,"যদি করিমের কাছে আঙ্গুরের চেয়ে ৩/৫ গুণ জাম থাকে, তবে তার ৩/৫ * ১০০ আঙ্গুর = <<৩/৫*১০০=৬০>>৬০টি জাম রয়েছে।
যখন তার বন্ধুরা আসে, সে তাদের প্রত্যেককে ১/৫ * ১০০ আঙ্গুর = <<১/৫*১০০=২০>>২০টি আঙ্গুর দেয়।
মোট, সে তার দুই বন্ধুকে দেয় ২ বন্ধু * ২০টি আঙ্গুর/বন্ধু = <<২*২০=৪০>>৪০টি আঙ্গুর।
তার কাছে ১০০টি আঙ্গুর আছে - ৪০টি আঙ্গুর = <<১০০-৪০=৬০>>৬০টি আঙ্গুর।
সে তার প্রত্যেক বন্ধুকে ১/৫*৬০ টি জাম= <<১/৫*৬০=১২>>১২টি জাম দেয়।
মোট, সে তার দুই বন্ধুকে ২ বন্ধু * ১২টি জাম/বন্ধু = <<২*১২=২৪>>২৪টি জাম দেয়।
তার কাছে ৬০টি জাম আছে - ২৪টি জাম= <<৬০-২৪=৩৬>>৩৬টি জাম৷
করিমের মোট যে পরিমাণ ফল অবশিষ্ট আছে তা হল ৩৬টি জাম+ ৬০টি আঙ্গুর = <<৩৬+৬০=৯৬>>৯৬টি ফল
#### ৯৬"
reasoning-0098,reasoning_hallu-0242,hallucinated,semantic_drift,"প্রথমে আলি তার শিক্ষকদের কাছ থেকে কয়টি চকলেট পান: ৩টি চকলেট/শিক্ষক * ৪ শিক্ষক = <<৩*৪=১২>>১২টি চকলেট
তারপরে তার পিতামাতার কাছ থেকে যে চকলেট সংখ্যা পেয়েছে তা যোগ করুন: ১২ চকলেট + ২ চকলেট = <<১২+২=১৪>>১৪ চকলেট
তারপর সেই সংখ্যাটিকে ৭ দিয়ে ভাগ করুন যা তিনি কিনেছেন চকলেট সংখ্যা খুঁজে পেতে: ১৪ চকলেট / ৭ = <<১৪/৭=২>>২ চকলেট
তারপর মোট সংখ্যা বের করার জন্য প্রতিটি উৎস থেকে তিনি যে চকলেট পেয়েছেন তার সংখ্যা যোগ করুন: ২ চকলেট + ১৪ চকলেট = <<২+১৪=১৬>>১৬ চকলেট
তারপর চকলেট এর মোট সংখ্যাকে চকলেটের সংখ্যা দিয়ে ভাগ করুন একটি গহ্বর পেতে একটি গহ্বরের সংখ্যা খুঁজে বের করতে আলি পেয়েছে: ১৬টি বেত / ৪টি বেত/গহ্বর = <<১৬/৪=৪>>৪টি গহ্বর
#### ১৬"
reasoning-0099,reasoning_hallu-0089,hallucinated,formula_misapplication,"তিনটির কাছে যে পরিমাণ অর্থ রয়েছে তার অনুপাতের যোগফল হল ৪+৫+৬=<<৪+৫+৬=১৫>>১৫
যদি তাদের কাছে থাকা মোট টাকার পরিমাণ ৳৭৫ হয়, তাহলে সারা ভগ্নাংশ ৪/১৫ দ্বারা যে পরিমাণ অর্থ প্রকাশ করেছে তা হল ৪/১৫*৳৭৫=৳<<৪/১৫*৭৫=২০>>২০
একইভাবে, নিশুর মোট অনুপাতের ৫/১৫ ভগ্নাংশ দ্বারা প্রতিনিধিত্ব করেছে ৫/১৫*৳৭৫=৳<<৫/১৫*৭৫=২৫>>২৫
মিলিতভাবে, কারা এবং জ্যানেটের আছে ৳২০+২৫=৳<<২০+২৫=৪৫>>৪৫
যদি সারা এবং নিশু ৳৪৫ মূল্যের পণ্য ক্রয় করে এবং ক্রয় মূল্যের ৮০% এ বিক্রি করে, তাহলে পণ্যের বিক্রয় মূল্য হবে ৮০/১০০*৳৪৫=৳<<৪৫*৮০/১০০=৩৬>>৩৬
যেহেতু তারা ৪৫ ডলারে পণ্য কিনেছে এবং ৩৬ ডলারে বিক্রি করেছে, সেহেতু নিশু এবং সারা ৳ ৪৫-৳৩৬=৳<<৪৫-৩৬=৯>>৯ লোকসানে চলবে
#### ৯"
reasoning-0100,reasoning_hallu-0162,hallucinated,invalid_deduction,"মোট ৩০ x ১০০ = <<৩০*১০০=৩০০০>>৩০০০ টি টিকিট ছিল স্কুল সংগঠকরা অর্ডার দিয়েছিলেন।
৪র্থ শ্রেণির শিক্ষার্থীরা ৩০০০ x ৩০/১০০ = <<৩০০০*৩০/১০০=৯০০>>৯০০ টি টিকিট কিনেছে।
সুতরাং, অন্য দুটি গ্রেড স্তরের জন্য ৩০০০ - ৯০০ = <<৩০০০-৯০০=২১০০>>২১০০ টি টিকিট বাকি ছিল।
৫ম শ্রেণীর ছাত্ররা ২১০০ x ৫০/১০০ = <<২১০০*৫০/১০০=১০৫০>>১০৫০ টি টিকিট কিনেছে।
সুতরাং, ২১০০ - ১০৫০ = <<২১০০-১০৫০=১০৫০>>১০৫০ টি টিকিট তখন বাকি ছিল।
যেহেতু ১০০ টি টিকিট ৬ তম শ্রেণীর ছাত্ররা কিনেছিল, তাই ১০৫০ - ১০০ = <<৯৫০=৯৫০>>৯৫০ টি টিকিট অবিক্রিত ছিল।
#### ৯৫০"
reasoning-0101,reasoning_hallu-0097,hallucinated,formula_misapplication,"প্রথমে খুঁজে বের করুন একদিন আগে কয়টি বেলুন  ছিল: ৪৮০ বেলুন / ২ = <<৪৮০/২=২৪০>>২৪০ বেলুন
তারপরে দুই দিন আগে কতগুলি বেলুন ছিল তা খুঁজুন: ২৪০ বেলুন / ২ = <<২৪০/২=১২০>>১২০ বেলুন
তারপরে তিন দিন আগে বেলুন এর  সংখ্যা খুঁজে বের করুন: ১২০টি বেলুন / ২ = <<১২০/২=৬০>>৬০টি বেলুন
তারপরে চার দিন আগে বেলুন এর সংখ্যা খুঁজে বের করুন: ৬০টি বেলুন / ২ = <<৬০/২=৩০>>৩০টি বেলুন, যা ৫০টির কম, তাই ৪ দিন আগে ৫০টিরও কম বেলুন ছিল৷
#### ৪"
reasoning-0102,reasoning_hallu-0216,hallucinated,semantic_drift,"আইরিস এবং তার ভাই এবং বোন মোট ৩০ + ২০ + ১০ = <<৩০+২০+১০=৬০>>৬০টি বেরি বাছাই করতে সক্ষম হয়েছিল।
যে পচা বেরিগুলো ফেলে দিতে হবে তা হল (১/৩) x ৬০ = <<(১/৩)*৬০=২০>>২০।
সুতরাং, তাজা বেরির মোট সংখ্যা হল ৬০ - ২০ = <<৬০-২০=৪০>>৪০।
তাদের যে বেরিগুলি রাখতে হবে তা হল (১/২) x ৪০ = <<(১/২)*৪০=২০>>২০।
অতএব, মোট বেরির সংখ্যা তারা বিক্রি করতে পারবে ৪০ - ২০ = <<৪০-২০=২০>>২০৷
#### ২০"
reasoning-0103,reasoning_hallu-0213,hallucinated,semantic_drift,"সাফারি ন্যাশনাল পার্কে ১/২*১০০=<<১/২*১০০=৫০>>৫০ টি সাপ আছে।
সাফারি ন্যাশনাল পার্কে ৫০-১০=<<৫০-১০=৪০>>৪০টি জিরাফ রয়েছে।
সাভানা জাতীয় উদ্যানে ১০০*২=<<১০০*২=২০০>>২০০টি সিংহ রয়েছে।
সাভানা ন্যাশনাল পার্কে ৫০*৩=<<৫০*৩=১৫০>>১৫০টি সাপ আছে।
সাভানা ন্যাশনাল পার্কে ৪০+২০=<<৪০+২০=৬০>>৬০টি জিরাফ রয়েছে।
সাভানা ন্যাশনাল পার্কে মোট ২০০+১৫০+৬০=<<২০০+১৫০+৬০=৪১০>>৪১০টি প্রাণী রয়েছে।
#### ৪১০"
reasoning-0104,reasoning_hallu-0196,hallucinated,invalid_deduction,"শুক্রবার মিরার কাছে ১০০০ কেজি টমেটো ছিল এবং শনিবার ৩০০ কেজি বিক্রি হয়েছিল, তাই তার কাছে ১০০০ - ৩০০ = <<১০০০-৩০০=৭০০>>৭০০ কেজি টমেটো বাকি আছে৷
রবিবার ২০০ কেজি টমেটো ফেলে দিতে হয়েছিল, তাই ৭০০ – ২০০ = <<৭০০-২০০=৫০০>>৫০০ কেজি টমেটো বাকি ছিল।
সোমবারের চালানটি প্রথমটির আকারের দ্বিগুণ ছিল, তাই এটি ছিল ২ * ১০০০ = <<২*১০০০=২০০০>>২০০০ কেজি টমেটো৷
মঙ্গলবার বিক্রির জন্য মোট টমেটোর পরিমাণ ছিল ৫০০ + ২০০০ = <<৫০০+২০০০=২৫০০>>২৫০০ কেজি।
#### ২৫০০"
reasoning-0105,reasoning_hallu-0078,hallucinated,formula_misapplication,"পোর্টারের সাপ্তাহিক আয় হল ৳৮x৫ = ৳<<৮*৫=৪০>>৪০৷
পোর্টারের মাসিক আয় হল ৳৪০x৪= ৳<<৪০*৪=১৬০>>১৬০৷
ওভারটাইমে কাজ করার সময় তিনি যে অতিরিক্ত পরিমাণ উপার্জন করবেন তা হল ৳৮ x ৫০/১০০ = ৳<<৮*৫০/১০০=৪>>৪।
সুতরাং তার ওভারটাইমে সে যে পরিমাণ উপার্জন করবে তা হল ৳৮ + ৳৪ = ৳<<৮+৪=১২>>১২৷
যেহেতু তিনি প্রতি সপ্তাহে একবার ওভারটাইম প্রদান করবেন, তাই মাসে মোট ওভারটাইম বেতন হল ৳১২ x ৪ = ৳<<১২*৪=৪৮>>৪৮।
তাই এক সপ্তাহে তার মোট অর্থ হল ৳১৬০+৳৪৮ = ৳<<১৬০+৪৮=২০৮>>২০৮৷
#### ২০৮"
reasoning-0106,reasoning_hallu-0147,hallucinated,hallucinated_intermediate_fact,"প্রথমে সম্ভাব্যতা খুঁজুন যে আনিস প্রথম মামলা হারাবে: ১০০% - ৩০% = ৭০%
তারপর সেই সম্ভাবনাটিকে সম্ভাব্যতার দ্বারা গুণ করুন যে সে দ্বিতীয় মামলাটি হারায়: ৭০% * ৫০% = ৩৫%
তারপরে আনিসের প্রতিটি মামলায় জয়ী হওয়ার সম্ভাবনাকে বহুগুণ করে খুঁজে বের করুন যে সে উভয়ই জিতেছে: ৩০% * ৫০% = ১৫%
তারপর সম্ভাব্যতা বিয়োগ করুন আনিস সম্ভাব্যতা থেকে উভয় মামলা জিতেছে সে পার্থক্য খুঁজে পেতে উভয় মামলা হেরেছে: ৩৫% - ১৫% = ২০%
#### ২০"
reasoning-0107,reasoning_hallu-0034,hallucinated,arithmetic_slip,"প্রতিটি লেবুর নতুন দাম ৳৪ বৃদ্ধির পর হল ৳৮+৳৪ = ৳<<৮+৪=১২>>১২
৮০টি লেবুর জন্য, তাহের ৳১২*৮০ = ৳<<১২*৮০=৯৬০>>৯৬০ পেয়েছে
প্রতিটি আঙুরের দাম ১/২*৳৪ = ৳<<১/২*৪=২>>২ বেড়েছে
এরিক যে নতুন দামে তার আঙ্গুর বিক্রি করেছে তা হল ৳৭+৳২ = ৳<<৭+২=৯>>৯
১৪০টি আঙ্গুরের জন্য, তাহের সংগ্রহ করেছেন ১৪০*৳৯ = ৳<<১৪০*৯=১২৬০>>১২৬০
তার সমস্ত ফল বিক্রি থেকে, তাহের ৳১২৬০+৳৯৬০ = ৳<<১২৬০+৯৬০=২২২০>>২২২০ পেয়েছে
#### ২২২০"
reasoning-0108,reasoning_hallu-0022,hallucinated,arithmetic_slip,"প্রথমে কাইফের ছুরির চূড়ান্ত সংখ্যা খুঁজে বের করুন: ১০টি ছুরি + ৬ ছুরি = <<১০+৬=১৬>>১৬টি ছুরি
তারপর কাইফের প্রাথমিক সংখ্যক চামচ খুঁজে বের করুন: ৬টি ছুরি * ৩ চামচ/ছুরি = <<৬*৩=১৮>>১৮ চামচ
তারপর কাইফের চামচের চূড়ান্ত সংখ্যাটি খুঁজুন: ১৮ চামচ - ৬ চামচ = <<১৮-৬=১২>>১২ চামচ
তারপরে কাইফের মোট রূপোর পাত্রের চূড়ান্ত পরিমাণ খুঁজুন: ১২ চামচ + ১৬ ছুরি + ১২ কাঁটা = <<১২+১৬+১২=৪০>>৪০ টুকরা
তারপর ছুরির সংখ্যাকে মোট টুকরা সংখ্যা দিয়ে ভাগ করুন এবং উত্তরটিকে শতাংশ হিসাবে প্রকাশ করতে ১০০% দ্বারা গুণ করুন: ১৬টি ছুরি / ৪০ টুকরা * ১০০% = ৪০%
#### ৪০"
reasoning-0109,reasoning_hallu-0071,hallucinated,formula_misapplication,"রান্নাঘর এবং দুটি বাথরুমের মডিউল ২০০০ বর্গফুট জায়গার মধ্যে ৪০০+১৫০+১৫০=<<৪০০+১৫০+১৫০=৭০০>>৭০০ বর্গফুট জায়গা নেবে।
এইভাবে, অবশিষ্ট মডুলার স্থান হল ২০০০-৭০০=<<২০০০-৭০০=১৩০০>>১৩০০ বর্গ ফুট।
রান্নাঘর এবং বাথরুমের খরচ হল ৳২০,০০০+৳১২,০০০+৳১২,০০০=৳<<২০০০০+১২০০০+১২০০০=৪৪০০০>>৪৪,০০০৷
অন্য ১৩০০ বর্গফুট জায়গার দাম হল ১৩০০*৳১০০=৳<<১৩০০*১০০=১৩০০০০>>১৩০,০০০৷
মোট, সম্পূর্ণ ২০০০ sq.ft খরচ. একটি রান্নাঘর এবং দুটি বাথরুম সহ মডুলার বাড়ির দাম ৳৪৪,০০০ + ৳১৩০,০০০ = ৳<<৪৪০০০+১৩০০০০=১৭৪০০০>>১৭৪,০০০৷
#### ১৭৪,০০০"
reasoning-0110,reasoning_hallu-0061,hallucinated,formula_misapplication,"৮:০০ থেকে ১১:০০ পর্যন্ত, মর্জিনা ১১:০০-৮:০০ = ৩ ঘন্টা কাজে সময় দেন।
যখন সে মিটিংয়ের জন্য কনফারেন্স রুমে ডেভেলপারদের সাথে যোগ দেয়, তখন সে কাজে অতিরিক্ত ১৩:০০-১১:০০ = ২ ঘন্টা ব্যয় করে।
এখন পর্যন্ত, তিনি ৩+২ = <<৩+২=৫>>৫ ঘন্টা কাজে ব্যয় করেছেন।
যখন সে বাড়িতে যাওয়ার আগে অতিরিক্ত ২ ঘন্টা কাজ করে, তখন তার মোট কাজের সময় ৫+২ = <<৫+২=৭>>৭ ঘন্টা হয়ে যায়
#### ৭"
reasoning-0111,reasoning_hallu-0085,hallucinated,formula_misapplication,"১২টি সিজন সহ প্রথম মুভি সিরিজে, যান্ত্রিক ব্যর্থতার পরে, সাফা হারিয়ে যাওয়া পর্বের সংখ্যা হল ২*১২ = <<২*১২=২৪>>২৪
মূলত, ১২টি সিজন সহ মুভি সিরিজের ১২*১৬ = <<১২*১৬=১৯২>>১৯২ পর্ব ছিল।
যান্ত্রিক ব্যর্থতার পর, কোরির প্রথম মুভি সিরিজে ১৯২-২৪ = <<১৯২-২৪=১৬৮>>১৬৮ পর্ব বাকি ছিল।
একইভাবে, ১৪ সিজন মুভি সিরিজেও ১৪*২ = <<১৪*২=২৮>>২৮ কম্পিউটারের যান্ত্রিক ব্যর্থতার পরে হারিয়ে গেছে।
মূলত, ১৪টি সিজন সহ মুভি সিরিজে ১৪*১৬ = <<১৪*১৬=২২৪>>২২৪ পর্ব রয়েছে।
কম্পিউটারের যান্ত্রিক ব্যর্থতার কারণে ১৪ সিজন মুভি সিরিজের পর্বের সংখ্যা ২২৪-২৮ = <<২২৪-২৮=১৯৬>>১৯৬ এ কমে গেছে
হারের পর, সাফার ডাউনলোড করা দুটি মুভি সিরিজ থেকে ১৯৬+১৬৮ = <<১৯৬+১৬৮=৩৬৪>>৩৬৪টি পর্ব বাকি ছিল।
#### ৩৬৪"
reasoning-0112,reasoning_hallu-0125,hallucinated,hallucinated_intermediate_fact,"যদি প্রতিটি সিনেমার টিকিট ৳৩০ এ বিক্রি হয়, তাহলে আটটি সিনেমার টিকিট কেনার খরচ হবে ৮*৳৩০ = ৳<<৮*৩০=২৪০>>২৪০
যেহেতু আটটি সিনেমার টিকিটের দাম একটি ফুটবল খেলার টিকিটের চেয়ে ২ গুণ বেশি, তাই একটি ফুটবল খেলার টিকিট কেনার মূল্য ৳২৪০/২ = ৳<<২৪০/২=১২০>>১২০
পাঁচটি ফুটবল খেলার টিকিট কিনতে খরচ হবে ৫*৳১২০ = ৳<<৫*১২০=৬০০>>৬০০
আটটি সিনেমার টিকিট এবং পাঁচটি ফুটবল খেলার টিকিট কেনার মোট খরচ হল ৳৬০০+৳২৪০ = ৳৮৪০
#### ৮৪০"
reasoning-0113,reasoning_hallu-0227,hallucinated,semantic_drift,"প্রথমে রাবিব পরিষ্কার করার জন্য মোট সময় বের করুন: ৩০ মিনিট/দিন * ৩ দিন/সপ্তাহ = <<৩০*৩=৯০>>৯০ মিনিট/সপ্তাহ
তারপরে রাবিব ডাস্টিং করার মোট সময় বের করুন: ২০ মিনিট/দিন * ২ দিন/সপ্তাহ = <<২০*২=৪০>>৪০ মিনিট/সপ্তাহ
তারপর প্রতি সপ্তাহে রাবিবের মোট পরিষ্কারের সময় খুঁজে পেতে এই দুটি বার যোগ করুন: ৯০ মিনিট/সপ্তাহ + ৪০ মিনিট/সপ্তাহ = <<৯০+৪০=১৩০>>১৩০ মিনিট/সপ্তাহ
#### ১৩০"
reasoning-0114,reasoning_hallu-0192,hallucinated,invalid_deduction,"একটি গরু যদি দিনে ৮০ লিটার পানি পান করে, তাহলে প্রতি সপ্তাহে ৮০*৭= <<৮০*৭=৫৬০>>৫৬০ লিটার পানি পান করে।
মিঃ রফিকের ৪০টি গরু সপ্তাহে ৫৬০ লিটার জল পান করে, মোট ৫৬০*৪০ = <<৫৬০*৪০=২২৪০০>>২২৪০০ লিটার।
খামারে, একটি ভেড়া দিনে ১/৪*৮০ = <<৮০*১/৪=২০>>২০ লিটার জল পান করে।
একটি ভেড়া এক সপ্তাহে মোট কত লিটার পান করে তা হল ২০*৭ = <<২০*৭=১৪০>>১৪০ লিটার
মিঃ রফিকের গরুর চেয়ে দশগুণ বেশি ভেড়া আছে, সেটা হল ১০*৪০ = <<১০*৪০=৪০০>>৪০০ ভেড়া।
যদি প্রতিটি ভেড়া এক সপ্তাহে ১৪০ লিটার পানি পান করে, ৪০০ ভেড়া ৪০০*১৪০ = <<৪০০*১৪০=৫৬০০০>>৫৬০০০ লিটার পানি পান করে।
একসাথে, গরু এবং ভেড়া প্রতি সপ্তাহে ৫৬০০০+২২৪০০ = <<৫৬০০০+২২৪০০=৭৮৪০০>>৭৮৪০০ লিটার পানি পান করে।
#### ৭৮৪০০"
reasoning-0115,reasoning_hallu-0155,hallucinated,invalid_deduction,"১/৬ * ২৪০ ছাত্র = <<১/৬*২৪০=৪০>>৪০ ছাত্র। তাই ৪০ জন শিক্ষার্থী তিন বা তার বেশি উপন্যাস পড়ে।
৩৫/১০০ * ২৪০ ছাত্র = <<৩৫/১০০*২৪০=৮৪>>৮৪ ছাত্র। তাই ৮৪ জন শিক্ষার্থী দুটি উপন্যাস পড়ে।
৫/১২ * ২৪০ ছাত্র = <<৫/১২*২৪০=১০০>>১০০ ছাত্র। তাই ১০০ জন শিক্ষার্থী একটি উপন্যাস পড়ে।
২৪০ ছাত্র – (৪০ ছাত্র + ৮৪ ছাত্র + ১০০ ছাত্র) = ২৪০ ছাত্র – ২২৪ ছাত্র = <<২৪০-(৪০+৮৪+১০০)=১৬>>১৬ ছাত্র। তাই ১৬ জন শিক্ষার্থী উপন্যাস পড়ে না।
#### ১৬"
reasoning-0116,reasoning_gold-0031,gold,gold,"কম্পাউন্ডে কুকুরের চেয়ে দ্বিগুণ ব্যাঙ রয়েছে, যার অর্থ ১৬০/২ = <<১৬০/২=৮০>>৮০টি কুকুর রয়েছে।
কম্পাউন্ডে ব্যাঙ এবং কুকুরের মোট সংখ্যা ৮০+১৬০ = <<৮০+১৬০=২৪০>>২৪০
বিড়ালের সংখ্যা কুকুরের সংখ্যার ২০% এর কম, যার মানে এখানে ২০/১০০*৮০ = <<২০/১০০*৮০=১৬>>বিড়ালের সংখ্যার চেয়ে ১৬ টি কুকুর বেশি।
অতএব, বিড়ালের সংখ্যা ৮০-১৬ = <<৮০-১৬=৬৪>>৬৪ বিড়াল
কম্পাউন্ডে মোট প্রাণীর সংখ্যা হল ৬৪টি বিড়াল +২৪০ কুকুর এবং ব্যাঙ = <<৬৪+২৪০=৩০৪>>৩০৪টি প্রাণী।
#### ৩০৪"
reasoning-0117,reasoning_hallu-0205,hallucinated,semantic_drift,"প্রতিটি গাড়িতে ২ জন যাত্রী এবং একজন চালক রয়েছে, যার মানে প্রতিটি গাড়িতে ২ জন যাত্রী + ১ ড্রাইভার = <<২+১=৩>>৩ জন।
এর মানে হল মোট ২০টি গাড়ি * ৩ জন প্রতি গাড়ি = <<২০*৩=৬০>>প্রতিযোগিতার শুরুতে গাড়িতে ৬০ জন।
হাফওয়ে পয়েন্টে, একটি অতিরিক্ত ২০টি গাড়ি * ১ অতিরিক্ত যাত্রী = <<২০*১=২০>>আরও ২০ জন লোক।
তাই প্রতিযোগিতার শেষ  হবে , প্রতিযোগিতার শুরুতে ৬০ জন লোক + ২০ জন অতিরিক্ত লোক = <<৬০+২০=৮০>>গাড়িতে ৮০ জন।
#### ৮০"
reasoning-0118,reasoning_hallu-0105,hallucinated,hallucinated_intermediate_fact,"৪টি আপেল দিয়ে, সাবাবে ৪টি আপেল * ৬টি বীজ/আপেল = <<৪*৬=২৪>>২৪টি বীজ সংগ্রহ করবে।
৩টি নাশপাতি দিয়ে, স্টিভেন ৩টি নাশপাতি * ২টি বীজ/নাশপাতি = <<৩*২=৬>>৬টি বীজ সংগ্রহ করবে।
৯টি আঙ্গুর দিয়ে, সাবাবে ৯টি আঙ্গুর * ৩টি বীজ/আঙ্গুর = <<৯*৩=২৭>>২৭টি বীজ সংগ্রহ করবে।
মোট, সাবাবে ২৪টি বীজ + ৬ বীজ + ২৭ বীজ = <<২৪+৬+২৭=৫৭>>৫৭টি বীজ সংগ্রহ করবে।
৬০টি বীজ সংগ্রহ করতে তার ৬০টি বীজ প্রয়োজন - ৫৭ বীজ = <<৬০-৫৭=৩>>আরো ৩টি বীজ।
#### ৩"
reasoning-0119,reasoning_hallu-0220,hallucinated,semantic_drift,"গালিব ৪ + ৭ + ৪ + ৯ = <<৪+৭+৪+৯=২৪>>২৪ মিনিট একটি সাধারণ গাড়ি ধোয়ার জন্য ব্যয় করেন।
তিনি ২টি সাধারণ গাড়ি ধুয়েছেন, তাই তিনি ২৪*২ = <<২৪*২=৪৮>>৪৮ মিনিট সাধারণ গাড়িতে ব্যয় করেছেন।
তিনি  বড় গাড়ি  -এর জন্য একটি গাড়ির চেয়ে দ্বিগুণ সময় নিয়েছেন, তাই তিনি এসইউভি -তে ২৪ * ২ = <<২৪*২=৪৮>>৪৮ মিনিট সময় নিয়েছেন।
এইভাবে,  গালিব  ৪৮ + ৪৮ = <<৪৮+৪৮=৯৬>>৯৬ মিনিট সমস্ত যানবাহন ধোয়ার জন্য ব্যয় করেছেন।
#### ৯৬"
reasoning-0120,reasoning_gold-0011,gold,gold,"প্রতিটি লেবুর নতুন দাম ৳৪ বৃদ্ধির পর হল ৳৮+৳৪ = ৳<<৮+৪=১২>>১২
৮০টি লেবুর জন্য, তাহের ৳১২*৮০ = ৳<<১২*৮০=৯৬০>>৯৬০ পেয়েছে
প্রতিটি আঙুরের দাম ১/২*৳৪ = ৳<<১/২*৪=২>>২ বেড়েছে
এরিক যে নতুন দামে তার আঙ্গুর বিক্রি করেছে তা হল ৳৭+৳২ = ৳<<৭+২=৯>>৯
১৪০টি আঙ্গুরের জন্য, তাহের সংগ্রহ করেছেন ১৪০*৳৯ = ৳<<১৪০*৯=১২৬০>>১২৬০
তার সমস্ত ফল বিক্রি থেকে, তাহের ৳১২৬০+৳৯৬০ = ৳<<১২৬০+৯৬০=২২২০>>২২২০ পেয়েছে
#### ২২২০"
reasoning-0121,reasoning_hallu-0123,hallucinated,hallucinated_intermediate_fact,"সামি ২০০টি রেকর্ডের পুরো সংগ্রহটি নিতে এবং পারুল তাদের প্রতিটির জন্য ৪ টাকা প্রদান করার প্রস্তাব দিচ্ছে যা পারুলকে ২০০*৪=<<২০০*৪=৮০০>>তার পুরো রেকর্ড সংগ্রহের জন্য ৮০০ টাকা দেবে।
রিমা  পারুলের  পুরো রেকর্ড সংগ্রহ কিনতে ইচ্ছুক কিন্তু দুটি ভিন্ন মূল্য পয়েন্টে, অর্ধেক এক পয়েন্টে এবং অর্ধেক অন্য সময়ে। পারুলের রেকর্ড সংগ্রহের অর্ধেক হল ২০০/২=<<২০০/২=১০০>>১০০, যার মানে হল ১০০টি রেকর্ড এক দামে বিক্রি হবে এবং ১০০টি রেকর্ড অন্য দামে বিক্রি হবে।
রিমা তার আগ্রহের রেকর্ড সংগ্রহের অর্ধেকের জন্য আরও অর্থ প্রদান করতে ইচ্ছুক তাই পারুল তার রেকর্ড সংগ্রহের প্রথমার্ধের জন্য ১০০*৬=<<১০০*৬=৬০০>>৬০০ টাকা নেট করবে।
রিমা যে অর্ধেক সংগ্রহের জন্য পরবর্তী তারিখে পুনঃবিক্রয় করার পরিকল্পনা করছে, সে পারুল ১০০ *১=<<১০০*১=১০০>>১০০ ডলার অফার করতে ইচ্ছুক তার হাত থেকে।
মোট রিমা তার পুরো রেকর্ড সংগ্রহের জন্য পারুল ৬০০+১০০=<<৬০০+১০০=৭০০>>৭০০ টাকা অফার করতে ইচ্ছুক।
যদি সামি পারুলের পুরো রেকর্ড সংগ্রহ কেনার জন্য ৮০০ টাকা অফার করে এবং রিমা পারুলের পুরো রেকর্ড সংগ্রহের জন্য ৭০০ টাকা অফার করে, তাহলে পারুলের নেট লাভ হবে ৮০০-৭০০=<<৮০০-৭০০=১০০>>সামির চুক্তি নিয়ে ১০০ টাকা বেশি রিমার চুক্তির পরিবর্তে।
#### ১০০"
reasoning-0122,reasoning_hallu-0011,hallucinated,arithmetic_slip,"জামাল গতকাল থেকে ”ক” বাক্য ছিল আজ থেকে শুরু করতে ইতিমধ্যে টাইপ.
জামাল তার বিরতির আগে ৬ * ২০ = <<৬*২০=১২০>>১২০ বাক্য টাইপ করেছে।
সে তার বিরতির পরে ৬ * ১৫ = <<৬*১৫=৯০>>৯০ বাক্য টাইপ করেছে।
সে তার সাক্ষাতের পরে ৬ * ১৮ = <<৬*১৮=১০৮>>১০৮ বাক্য টাইপ করেছেন।
অতএব, সে ১২০ + ৯০ + ১০৮ = <<১২০+৯০+১০৮=৩১৮>>আজ সব মিলিয়ে ৩১৮টি বাক্য টাইপ করেছেন।
তাকে ৪০টি বাক্য মুছতে হয়েছিল, তাই তার ৩১৮ - ৪০ = <<৩১৮-৪০=২৭৮>>২৭৮টি বাক্য ছিল যা সে আজ টাইপ করেছিল।
আজকের শেষে কাগজটিতে X + ২৭৮ = ৫৩৬টি বাক্য ছিল।
এইভাবে, তার X = ৫৩৬ - ২৭৮ = <<৫৩৬-২৭৮=২৫৮>> আজ থেকে শুরু করার জন্য কাগজে ২৫৮টি বাক্য টাইপ করা হয়েছে।
#### ২৫৮"
reasoning-0123,reasoning_hallu-0122,hallucinated,hallucinated_intermediate_fact,"প্রথম ১০০টি বলের মধ্যে, রিফাত ২/৫টি মারতে সক্ষম হয়েছিল এবং ৩/৫টি মারতে সক্ষম হয়নি, ৩/৫ x ১০০ = ৬০টি টেনিস বল রিফাত আঘাত করেনি।
পরের ৭৫টি বলের মধ্যে, রিফাত তাদের ১/৩টি মারতে সক্ষম হয়েছিল এবং ২/৩টি মারতে সক্ষম হয়নি, ২/৩ x ৭৫ = ৫০টি টেনিস বল রিফাত আঘাত করেননি।
একত্রে, রিফাত  ৬০ + ৫০ = <<৬০+৫০=১১০>>১১০টি টেনিস বল মারতে সক্ষম হননি বা রিফাত আঘাত করেননি।
#### ১১০"
reasoning-0124,reasoning_hallu-0073,hallucinated,formula_misapplication,"প্রথমে বসার ঘরে কত বর্গফুট দেয়াল আছে তা বের করুন: ৪০ ফুট দৈর্ঘ্য * ১০ ফুট উচ্চতা = <<৪০*১০=৪০০>>৪০০ বর্গফুট
এখন ৩ দ্বারা গুন করুন যেহেতু ম্যাটকে তিনটি বসার ঘরের দেয়াল আঁকতে হবে: ৪০০ বর্গফুট/ওয়াল * ৩ দেয়াল = <<৪০০*৩=১২০০>>১২০০ বর্গফুট
বেডরুমের লম্বা দেয়াল কত বর্গফুট তা বের করুন: ১২ ফুট * ১০ ফুট = <<১২*১০=১২০>>১২০ বর্গফুট
দুটি লম্বা দেয়াল আছে, তাই এই চিত্রটিকে ২ দ্বারা গুণ করুন: ১২০ বর্গফুট/ওয়াল * ২ দেয়াল = <<১২০*২=২৪০>>২৪০ বর্গফুট
বেডরুমের ছোট দেয়াল কত বর্গফুট তা বের করুন: ১০ ফুট * ১০ ফুট = <<১০*১০=১০০>>১০০ বর্গফুট
এটিকে ২ দ্বারা গুণ করুন, যেহেতু দুটি ছোট দেয়াল রয়েছে: ১০০ বর্গফুট/ওয়াল * ২ দেয়াল = <<১০০*২=২০০>>২০০ বর্গফুট
অবশেষে, তিনটি বসার ঘরের দেয়াল, দুটি ছোট বেডরুমের দেয়াল এবং দুটি লম্বা বেডরুমের দেয়াল থেকে বর্গাকার ফুটেজ যোগ করুন: ১২০০ বর্গফুট + ২৪০ বর্গফুট + ২০০ বর্গফুট = <<১২০০+২৪০+২০০=১৬৪০>> ১৬৪০ বর্গফুট
#### ১৬৪০"
reasoning-0125,reasoning_gold-0032,gold,gold,"প্রথমে গোলাপ কাপ আঁকার মোট সময় বের করুন: ৬ কাপ / ৬ কাপ/ঘন্টা = <<৬/৬=১>>১ ঘন্টা
তারপর লিলি কাপ আঁকার মোট সময় খুঁজুন: ১৪ কাপ / ৭ কাপ/ঘন্টা = <<১৪/৭=২>>২ ঘন্টা
তারপর মোট পেইন্টিং সময় খুঁজে পেতে প্রতিটি ধরনের কাপের জন্য পেইন্টিং সময় যোগ করুন: ১ ঘন্টা + ২ ঘন্টা = <<১+২=৩>>৩ ঘন্টা
তারপর জিয়ানার মোট উপার্জনকে তার ঘন্টার মজুরি খুঁজে বের করার জন্য যে ঘন্টা কাজ করে তার সংখ্যা দিয়ে ভাগ করুন: ৳৯০ / ৩ ঘন্টা = ৳<<৯০/৩=৩০>>৩০/ঘন্টা
#### ৩০"
reasoning-0126,reasoning_hallu-0031,hallucinated,arithmetic_slip,"কাশেম যখন এটি কিনেছিল তখন ব্যাগে থাকা আঠালো কৃমির সংখ্যা জি হতে দিন।
প্রথম দিন, সে অর্ধেক আঠালো কৃমি খেয়েছিল, তাই তার কাছে ক/২ আঠালো কৃমি ছিল। 
দ্বিতীয় দিন, তিনি অবশিষ্ট আঠা কৃমির অর্ধেক খেয়ে ফেলেছিলেন, তাই তার কাছে ক/২/২ = ক/৪টি আঠালো কৃমি ছিল।
তৃতীয় দিনে, সে আরও অর্ধেক খেয়েছিল, তাই তার কাছে ক/৪/২ = ক/৮টি আঠালো কৃমি ছিল।
চতুর্থ দিনে, তিনি আরও অর্ধেক খেয়েছিলেন এবং ৪টি বাকি ছিল, তাই তার কাছে ক/৮/২ = ক/১৬ = ৪টি আঠালো কৃমি ছিল।
এইভাবে, কাশেম যখন এটি কিনেছিল তখন ব্যাগে ক = ৪ * ১৬ = <<৪*১৬=৬৪>>৬৪টি আঠালো কৃমি ছিল।
#### ৬৪"
reasoning-0127,reasoning_hallu-0008,hallucinated,arithmetic_slip,"সাবাব ৳৫০০ প্রদান করলে, মাহি সামস থেকে ২০/১০০*৳৫০০ = ৳<<৫০০*২০/১০০=১০০>>১০০ বেশি অবদান রাখেন।
মোট, কেনি ৳৫০০+৳১০০ = ৳<<৫০০+১০০=৬০০>>৬০০ অবদান রেখেছেন
 সাবাব  মোট ৳৬০০+৳৫০০ = ৳<<৬০০+৫০০=১১০০>>১১০০ অবদান রেখেছেন
যদি সাবাব মাহির চেয়ে ৳২০০ বেশি অবদান রাখেন, তাহলে তিনি ৳৬০০+৳২০০ = ৳৮০০ অবদান রাখেন
বাড়ির রঙ করার জন্য তিনজনের মোট অর্থের পরিমাণ হল ৳১১০০+৳৮০০ = ৳<<১১০০+৮০০=১৯০০>>১৯০০
#### ১৯০০"
reasoning-0128,reasoning_hallu-0062,hallucinated,formula_misapplication,"জলি কবিতার ২২ টির অর্ধেক ধরেছিল তাই ২২/২ = <<২২/২=১১>>১১ টুকরো ক্যান্ডি জলির হাতে ধরা পড়েছে
কলি ক্যান্ডির দ্বিগুণ পরিমাণ ক্যান্ডি সবিতার ১৩ টুকরা ধরে তাই ২ * ১৩ = <<২*১৩=২৬>>২৬ টুকরা ক্যান্ডি কার্লোসের হাতে ধরা পড়ে
সব মিলিয়ে, তাবিথা ২২টি, স্ট্যানের ১৩টি, জুলির ১১টি এবং কার্লোসের ২৬টি ছিল, সুতরাং মোট ২২+১৩+১১+২৬ = <<২২+১৩+১১+২৬=৭২>>৭২টি টুকরা মিছরি
#### ৭২"
reasoning-0129,reasoning_hallu-0079,hallucinated,formula_misapplication,"এক-তৃতীয়াংশ শ্রেণীকক্ষে ৩০টি ডেস্ক আছে, তাই ১/৩ * ১৫ = <<১/৩*১৫=৫>>এর মতো ৫টি শ্রেণীকক্ষ রয়েছে।
বাকি, যার অর্থ ১৫ - ৫ = <<১৫-৫=১০>>১০টি শ্রেণীকক্ষ, ২৫টি ডেস্ক আছে।
ক্লাসরুমের এক-তৃতীয়াংশ ৫ * ৩০ = <<৫*৩০=১৫০>>১৫০ জন শিক্ষার্থীর জন্য উপযুক্ত হতে পারে।
বাকি ১০*২৫ = <<১০*২৫=২৫০>>২৫০ জন শিক্ষার্থীর জন্য ফিট হতে পারে।
তাই মোট, স্কুলটি ১৫০ + ২৫০ = <<১৫০+২৫০=৪০০>>৪০০ জন শিক্ষার্থী দিয়ে পূর্ণ হতে পারে।
#### ৪০০"
reasoning-0130,reasoning_hallu-0179,hallucinated,invalid_deduction,"যদি বর্তমানে পুকুরে ১৫টি রাজহাঁস থাকে তবে দুই বছরের মধ্যে ১৫*২=<<১৫*২=৩০>>৩০টি রাজহাঁস থাকবে।
আরও দুই বছরে, পুকুরে রাজহাঁসের সংখ্যা দ্বিগুণ হবে ২*৩০=<<২*৩০=৬০>>৬০টি রাজহাঁস
আরও দুই বছরে, পুকুরে রাজহাঁসের সংখ্যা দ্বিগুণ হবে ২*৬০=<<২*৬০=১২০>>১২০ রাজহাঁস
যদি ৬ বছর পরে পুকুরে ১২০টি রাজহাঁস থাকে তবে আট বছরে ২*১২০ = ২৪০টি রাজহাঁস হবে
আরও দুই বছরে, যা ১০ বছর, পুকুরে ২*২৪০=<<২*২৪০=৪৮০>>৪৮০টি রাজহাঁস থাকবে
#### ৪৮০"
reasoning-0131,reasoning_hallu-0224,hallucinated,semantic_drift,"এক ঘন্টায় ৬০ মিনিট থাকে এবং সে ৫ মিনিটের বৃদ্ধিতে চকলেট প্যাক করে। তাহলে সেটা হল ৬০/৫ = <<৬০/৫=১২>>১ ঘন্টায় ১২ ৫ মিনিট বৃদ্ধি
১২টি চকলেট ১ ডজন তৈরি করে এবং সে ৫ মিনিটে ২ ডজন প্যাকেজ করে যাতে ১২*২ = <<১২*২=২৪>>২৪টি চকলেট ৫ মিনিটে
১২ ৫ মিনিটের বৃদ্ধি এক ঘন্টায় এবং সে ৫ মিনিটে ২৪টি চকলেট প্যাকেজ করে যাতে সে ১২*২৪ = <<১২*২৪=২৮৮>>১ ঘন্টায় ২৮৮টি পৃথক চকলেট প্যাকেজ করতে পারে
যদি সে ১ ঘন্টায় ২৮৮টি পৃথক চকলেট প্যাকেজ করে তাহলে ৪ ঘন্টার মধ্যে সে ২৮৮*৪ = <<২৮৮*৪=১১৫২>>১,১৫২টি পৃথক চকলেট প্যাকেজ করতে পারবে
#### ১১৫২"
reasoning-0132,reasoning_hallu-0005,hallucinated,arithmetic_slip,"পাঁচ মাস আগে, মালেক ফরিদের চেয়ে দশগুণ বেশি অর্থ উপার্জন করেছিল, এবং যেহেতু ফরিদের ৳১০০০ উপার্জন করেছে, মালেক ১০*১০০০ = ৳<<১০*১০০০=১০০০০>>ফরিদের থেকে ১০০০০ বেশি উপার্জন করেছে৷
পাঁচ মাস আগে মালেক যে অর্থ উপার্জন করেছিল তার মোট পরিমাণ হল ৳১০০০০+৳১০০০ = ৳<<১০০০০+১০০০=১১০০০>>১১০০০
মালেকের বেতন বেড়েছে ৪০/১০০*৳১১০০০ = ৳<<৪০/১০০*১১০০০=৪৪০০>>৪৪০০
মালেকের বর্তমান বেতন হল ৳১১০০০ +৳৪৪০০ = ৳<<১১০০০+৪৪০০=১৫৪০০>>১৫৪০০
#### ১৫৪০০"
reasoning-0133,reasoning_gold-0047,gold,gold,"স্কুলটি প্রতিটি শিক্ষকের জন্য ৳১৫০ x ৫/১০০ = ৳<<১৫০*৫/১০০=৭.৫০>>৭.৫০ সেমিনার ফি ছাড় পেয়েছে।
প্রতিটি শিক্ষকের সেমিনার ফি খরচ হয় ৳১৫০ - ৳৭.৫০ = ৳<<১৫০-৭.৫=১৪২.৫০>>১৪২.৫০।
সুতরাং, দশজন শিক্ষকের সেমিনার ফি খরচ হয় ৳১৪২.৫০ x ১০ = ৳১৪২৫।
১০ জন শিক্ষকের জন্য খাদ্য ভাতা ৳১০ x ১০ = ৳<<১০*১০=১০০>>১০০।
তাই, স্কুলটি মোট ব্যয় করেছে ৳১৪২৫ + ৳১০০ = ৳<<১৪২৫+১০০=১৫২৫>>১৫২৫৷
#### ১৫২৫"
reasoning-0134,reasoning_hallu-0083,hallucinated,formula_misapplication,"জনসংখ্যা বেড়েছে ১০০০০০*.৬=<<১০০০০০*.৬=৬০০০০>>জন্ম থেকে ৬০,০০০
তারা দেশত্যাগ থেকে ২০০০*১০=<<২০০০*১০=২০০০০>>২০,০০০ মানুষকে হারিয়েছে
তারা ২৫০০*১০=<<২৫০০*১০=২৫০০০>>অভিবাসন থেকে ২৫,০০০ জন লাভ করেছে
তার মানে লোকেদের চলাচলের থেকে নেট বৃদ্ধি ছিল ২৫০০০-২০০০০=<<২৫০০০-২০০০০=৫০০০>>৫,০০০
সুতরাং মোট জনসংখ্যা হল ১০০,০০০+৬০,০০০+৫,০০০=<<১০০০০০+৬০০০০+৫০০০=১৬৫০০০>>১৬৫,০০০
#### ১৬৫,০০০"
reasoning-0135,reasoning_gold-0005,gold,gold,"প্রথমে তানিমের মূল উচ্চতায় তার বৃদ্ধি যোগ করে তার নতুন উচ্চতা খুঁজুন: ৬৫ ইঞ্চি + ৩ ইঞ্চি = <<৬৫+৩=৬৮>>৬৮ ইঞ্চি
তারপর তানিমের উচ্চতা থেকে ৬৬ ইঞ্চি বিয়োগ করুন তার উচ্চতা কত ইঞ্চি আছে তা খুঁজে বের করুন: ৬৮ ইঞ্চি - ৬৬ ইঞ্চি = <<৬৮-৬৬=২>>২ ইঞ্চি
তারপরে তার সম্ভাবনার মোট শতাংশ বৃদ্ধি পেতে ইঞ্চি প্রতি শতাংশ বৃদ্ধি দ্বারা অতিরিক্ত ইঞ্চির সংখ্যাকে গুণ করুন: ২ ইঞ্চি * ১০%/ইঞ্চি = ২০%
তারপর তানিমের বাস্কেটবল দল তৈরির সামগ্রিক সুযোগ খুঁজে পেতে বেস শতাংশে শতাংশ বৃদ্ধি যোগ করুন: ১০% + ২০% = ৩০%
#### ৩০"
reasoning-0136,reasoning_hallu-0250,hallucinated,semantic_drift,"মিম ৬০০টি কমলা/গাছ * ১১০টি গাছ = <<৬০০*১১০=৬৬০০০>>৬৬০০০টি কমলা উৎপাদন হয়েছে
অনামিকা ৪০০টি কমলা/গাছ * ১১০টি গাছ = <<৪০০*১১০=৪৪০০০>>৪৪০০০টি কমলা উৎপন্ন হয়েছে
মিমের গাছে ৫০০টি কমলা/গাছ * ১১০টি গাছ = <<৫০০*১১০=৫৫০০০>>৫৫০০০টি কমলা উৎপন্ন হয়।
 বোনেরা তাই মোট ৬৬০০০ কমলা + ৪৪০০০ কমলা + ৫৫০০০ কমলা = <<৬৬০০০+৪৪০০০+৫৫০০০=১৬৫০০০>>১৬৫০০০ কমলা সংগ্রহ করেছেন
তাই কমলা থেকে ১৬৫০০০ কমলা/৩ কমলা/কাপ = <<১৬৫০০০/৩=৫৫০০০>>৫৫০০০ কাপ রস পাওয়া যাবে
মোট বিক্রয় হবে ৫৫০০০ কাপ * ৳৪/কাপ = ৳<<৫৫০০০*৪=২২০০০০>>২২০০০০
#### ২২০০০০"
reasoning-0137,reasoning_hallu-0245,hallucinated,semantic_drift,"২০১৫ সালে, দোলার বিক্রয় ছিল ২০/১০০ * ৳৩০০০০ = ৳<<২০/১০০*৩০০০০=৬০০০>>লিমার চেয়ে ৬০০০ বেশি।
সুতরাং, ২০১৫ সালে দোলার মোট বিক্রয় ছিল ৳৩০০০০ + ৳৬০০০ = ৳<<৩০০০০+৬০০০=৩৬০০০>>৩৬০০০
যদি দোলা ২০১৪ সালে লিমার  চেয়ে ৳৮০০০ কম করে, তবে সে সেই বছরে ৳৩০০০০ - ৳৮০০০ = ৳২২০০০ করেছে
দুই বছরে দোলার মোট অর্থের পরিমাণ হল ৳২২০০০ + ৳৩৬০০০ = ৳<<২২০০০+৩৬০০০=৫৮০০০>>৫৮০০০
#### ৫৮০০০"
reasoning-0138,reasoning_hallu-0096,hallucinated,formula_misapplication,"সপ্তাহে ৭ দিন থাকে এবং তার ২ সপ্তাহের জন্য আপেল দরকার যাতে ৭*২ = <<৭*২=১৪>>১৪ দিন
সে প্রতিদিন তার কুকুরের সাথে একটি আপেল ভাগ করে তাই ১৪ দিনের জন্য তার ১*১৪ = <<১*১৪=১৪>>১৪টি আপেল দরকার
প্রতিটি আপেলের ওজন এক পাউন্ডের ১/৪ এবং তার জন্য ১৪টি আপেল প্রয়োজন যাতে এটি .২৫*১৪ = <<১/৪*১৪=৩.৫>>৩.৫ পাউন্ড আপেল
তার ৩.৫ পাউন্ড আপেল দরকার এবং সেগুলি ৳২.০০ প্রতি পাউন্ডে বিক্রি হচ্ছে তাই সে আপেলের জন্য ৩.৫*২ = ৳<<৩.৫*২=৭.০০>>৭.০০ খরচ করবে
#### ৭"
reasoning-0139,reasoning_hallu-0171,hallucinated,invalid_deduction,"্কামাল শেষবার যে ফল খেয়েছে তার মোট সংখ্যা হল ৩টি আপেল+১টি কলা+৪টি কমলা = <<৩+১+৪=৮>>৮
গত রাত থেকে কামালের কাছে ৩টি আপেল ছিল, আজ সে ৩+৪ = <<৩+৪=৭>>৭টি আপেল খাবে।
তিনি গত রাতে যত কলা খেয়েছেন তার ১০ গুণ বেশি কলা খাওয়ার পরিকল্পনা করছেন, মোট ১*১০ = <<১০=১০>>১০টি কলা।
কামালও আজ তার যত আপেল আছে তার দ্বিগুণ কমলা খাবে, যার মানে সে ৭*২ = <<৭*২=১৪>>১৪ কমলা খাবে।
আজ রাতে ক্যানন খাবে ১৪ কমলা + ১০ কলা +৭ আপেল = <<১৪+১০+৭=৩১>>৩১টি ফল
মোট, আজ রাতের পরে, ক্যানন ৩১+৮ = <<৩১+৮=৩৯>>৩৯টি ফল খেয়েছে।
#### ৩৯"
reasoning-0140,reasoning_hallu-0051,hallucinated,formula_misapplication,"প্রথমে ভাঁজ পৃষ্ঠাগুলির মোট সংখ্যা খুঁজুন: ৪২ পৃষ্ঠা / ৭ = <<৪২/৭=৬>>৬ পৃষ্ঠা
তারপর অস্পষ্ট পৃষ্ঠার মোট সংখ্যা খুঁজুন: ৪২ পৃষ্ঠা / ৩ = <<৪২/৩=১৪>>১৪ পৃষ্ঠা
তারপরে ৪২ এর কম বা সমান এবং ৩ এবং ৭ উভয় দ্বারা বিভাজ্য কতগুলি সংখ্যা খুঁজে বের করে অস্পষ্ট এবং ভাঁজ পড়া উভয় পৃষ্ঠার সংখ্যা খুঁজুন: দুটি, ২১ এবং ৪২ আছে।
তারপরে মোট পৃষ্ঠার সংখ্যা থেকে ভাঁজ পড়া এবং অস্পষ্ট পৃষ্ঠাগুলির সংখ্যা বিয়োগ করুন এবং দ্বিগুণ-গণনা করা পৃষ্ঠাগুলির সংখ্যা যোগ করুন কারণ তারা উভয়ই ঝাপসা এবং চূর্ণবিচূর্ণ ছিল: ৪২ পৃষ্ঠা - ৬ পৃষ্ঠা - ১৪ পৃষ্ঠা + ২ পৃষ্ঠা = <<৪২ -৬-১৪+২=২৪>>২৪ পৃষ্ঠা
#### ২৪"
reasoning-0141,reasoning_gold-0006,gold,gold,"দোলাকে  ক্রিসমাসে ১২টি ভিডিও গেম এবং তার জন্মদিনে ৮টি ভিডিও গেম দেওয়া হয়েছিল, তাই তাকে ১২ + ৮ = <<১২+৮=২০>>২০টি ভিডিও গেম দেওয়া হয়েছিল৷
তাকে উপহার দেওয়ার আগে তার ১/২ ছিল, ২০/২ = <<২০/২=১০>>১০টি ভিডিও গেম তার ইতিমধ্যেই মালিকানা ছিল৷
তাকে ২০টি ভিডিও গেম দেওয়া হয়েছিল এবং ইতিমধ্যে ১০টি ছিল, ২০ + ১০ = <<২০+১০=৩০>>৩০টি ভিডিও গেম।
এখন দোলার ৩০টি ভিডিও গেম আছে।
#### ৩০"
reasoning-0142,reasoning_hallu-0077,hallucinated,formula_misapplication,"তিনি ৳২২ এর উপরে যেকোনো বইয়ের ৩০% ছাড় পান এবং তিনি ৳২৫.০০ এবং ৳৩৫.০০ মূল্যের বই কেনেন তাই এই বইগুলির মোট মূল্য হল ৳২৫ + ৳৩৫ = ৳<<২৫+৩৫=৬০.০০>>৬০.০০
৩০% ছাড়ে, এই বইগুলিতে ছাড় ৳৬০*.৩০ = ৳<<৬০*.৩০=১৮.০০>>১৮.০০
তার মানে এই দুটি বইয়ের দাম পড়বে ৳৬০-৳১৮ = ৳<<৬০-১৮=৪২.০০>>৪২.০০
তিনি ৳২০ এর নিচে যেকোনো বইয়ের ২০% ছাড় পান এবং তিনি ৳১৮.০০, ৳১২.০০ এবং ৳১০.০০ এর জন্য বই কেনেন তাই এই বইগুলির একসাথে দাম ৳১৮ + ৳১২ + ৳১০ = ৳৪০.০০
২০% ছাড়ে, এই বইগুলিতে ডিসকাউন্ট ৪০*.২০ = ৳৮.০০
সুতরাং এই ৩টি বইয়ের দাম হবে ৳৪০ - ৳৮ = ৳<<৪০-৮=৩২.০০>>৩২.০০
তিনি সবচেয়ে দামী দুটি বইয়ের জন্য ৳৪২.০০ খরচ করেছেন, ৩টি সবচেয়ে সস্তা বইয়ের জন্য ৳৩২.০০, এবং ৳২১.০০ এর জন্য একটি বইও কিনেছেন, তাই তার মোট ৳৪২ + ৳৩২ + ৳২১ = ৳<<৪২+৩২+২১=৯৫.০০>>৯৫.০০
#### ৯৫"
reasoning-0143,reasoning_hallu-0028,hallucinated,arithmetic_slip,"রাগিব দলের জন্য মাসুদ রিফিল করা পানির বোতলের সংখ্যা হতে দিন।
মাসুদ  ১১*৬ = <<১১*৬=৬৬>>ফুটবল দলের জন্য ৬৬ বোতল ভর্তি করেছেন।
তিনি আবাহনী  দলের জন্য ৬৬ + ১২ = <<৬৬+১২=৭৮>>৭৮ বোতল ভর্তি করেছিলেন।
তিনি চারটি দলের জন্য পানির বোতল পেয়েছেন, তাই দলের কোচ ২ * ৪ = <<২*৪=৮>>৮ বোতল চেয়েছিলেন।
সব মিলিয়ে তিনি ৬৬ + ৫৩ + ৭৮ + ৮ + ক = ক + ২০৫ = ২৫৪ বোতল ভর্তি করেছেন।
এইভাবে, তিনি এই মৌসুমে  রাগিব  দলের জন্য ক = ২৫৪ - ২০৫ = <<২৫৪-২০৫=৪৯>>৪৯ বোতল পূরণ করেছেন৷
#### ৪৯"
reasoning-0144,reasoning_hallu-0130,hallucinated,hallucinated_intermediate_fact,"সেলিনা খাবারের জন্য ৪ সপ্তাহের জন্য সপ্তাহে ৳১০০ বাজেট করেছে, ৳১০০ x ৪ = ৳<<১০০*৪=৪০০>>মাসের জন্য ৪০০ মূল্যের খাবার।
তার ভাড়ার জন্য তার মাসিক খরচ ৳১৫০০ + ভিডিও স্ট্রিমিং পরিষেবার জন্য ৳৩০ + তার সেল ফোনের জন্য ৳৫০ = ৳<<১৫০০+৩০+৫০=১৫৮০>>একক মাসিক খরচ ১৫৮০৷
সেলিনা তার সেভিংস অ্যাকাউন্টের জন্য ৳৪০০ + ৳১৫৮০ = ৳<<৪০০+১৫৮০=১৯৮০>>১৯৮০ এর ১০% আলাদা করে রাখতে চায়৷
তার সেভিংস অ্যাকাউন্টের ১০% হল .১০ x ১৯৮০ = ৳<<.১০*১৯৮০=১৯৮>>১৯৮ তার সেভিংস অ্যাকাউন্টে যোগ করার জন্য।
#### ১৯৮"
reasoning-0145,reasoning_hallu-0046,hallucinated,arithmetic_slip,"একটি পাউন্ডে ৮০টি চেরি আছে এবং একটি পাই তৈরি করতে তার ৩ পাউন্ড প্রয়োজন তাই তার ৮০*৩ = <<৮০*৩=২৪০>>২৪০ চেরি দরকার
২০টি চেরির একটি ইউনিট পিট করতে তার ১০ মিনিট সময় লাগে। তার কাছে ২৪০/২০ = <<২৪০/২০=১২>>১২ ইউনিট চেরি আছে
চেরির একটি ইউনিট পিট করতে ১০ মিনিট সময় লাগে এবং তার ১২ ইউনিট আছে তাই এটি তার ১০*১২ = <<১০*১২=১২০>>১২০ মিনিট সময় নেবে
৬০ মিনিট ১ ঘন্টার মধ্যে এবং এটি তার ১২০ মিনিট সময় নেয় তাই ১২০/৬০ = <<১২০/৬০=২>>২ ঘন্টা
#### ২"
reasoning-0146,reasoning_hallu-0129,hallucinated,hallucinated_intermediate_fact,"যেহেতু প্রতিদিন কেকের সংখ্যা দ্বিগুণ হয়, মিজান  অবশ্যই পঞ্চম দিনে ৩২০ কেক / ২ = <<৩২০/২=১৬০>>১৬০ কেক তৈরি করেছেন।
সুতরাং চতুর্থ দিনে, সে অবশ্যই ১৬০ কেক / ২ = <<১৬০/২=৮০>>৮০ কেক তৈরি করেছে।
এর মানে হল যে তৃতীয় দিনে, তিনি ৮০ কেক / ২ = <<৮০/২=৪০>>৪০ কেক তৈরি করেছিলেন।
দ্বিতীয় দিনে, তিনি ৪০ কেক / ২ = <<৪০/২=২০>>২০ কেক তৈরি করেছিলেন।
তাই প্রথম দিনে, তিনি ২০ কেক / ২ = <<২০/২=১০>>১০ কেক তৈরি করেছিলেন।
#### ১০"
reasoning-0147,reasoning_hallu-0248,hallucinated,semantic_drift,"স্কুলটি প্রতিটি শিক্ষকের জন্য ৳১৫০ x ৫/১০০ = ৳<<১৫০*৫/১০০=৭.৫০>>৭.৫০ সেমিনার ফি ছাড় পেয়েছে।
প্রতিটি শিক্ষকের সেমিনার ফি খরচ হয় ৳১৫০ - ৳৭.৫০ = ৳<<১৫০-৭.৫=১৪২.৫০>>১৪২.৫০।
সুতরাং, দশজন শিক্ষকের সেমিনার ফি খরচ হয় ৳১৪২.৫০ x ১০ = ৳১৪২৫।
১০ জন শিক্ষকের জন্য খাদ্য ভাতা ৳১০ x ১০ = ৳<<১০*১০=১০০>>১০০।
তাই, স্কুলটি মোট ব্যয় করেছে ৳১৪২৫ + ৳১০০ = ৳<<১৪২৫+১০০=১৫২৫>>১৫২৫৷
#### ১৫২৫"
reasoning-0148,reasoning_hallu-0001,hallucinated,arithmetic_slip,"সানা ১টি পিৎজা দিয়ে শুরু হয়, এটিকে অর্ধেক করে কেটে নেয়। এর মানে তার কাছে এখন ১*২=<<১*২=২>>২টি পিজ্জার অংশ আছে।
তিনি এই ২টি অংশের প্রতিটিকে অর্ধেক করে কেটে ফেলেন, যার অর্থ এখন তার কাছে ২*২= <<২*২=৪>>৪টি পিৎজা রয়েছে।
তারপর সে এগুলোকে আবার অর্ধেক করে কেটে ফেলে, যার মানে এখন তার কাছে ৪*২= <<৪*২=৮>>৮ পিৎজার টুকরো আছে।
সানা তার ২ জন বন্ধুকে ২টি অংশ দিয়েছেন, যার অর্থ তিনি ২*২= <<২*২=৪>>৪টি অংশ দিয়েছেন
সে ১টি অংশ অন্য ৩ জনকে দেয়, তাই মোট অংশ হস্তান্তর করা হয় ৩+৪=৭ অংশ ।
যেহেতু সানা ৮টি অংশ দিয়ে শুরু করেছে, তার মানে তার ৮-৭= <<৮-৭=১>>১টি অংশ বাকি আছে।
#### ১"
reasoning-0149,reasoning_hallu-0239,hallucinated,semantic_drift,"অর্ধেক মেঝে পূর্ণ, তাই ১২টি তল আছে * ০.৫ = <<১২*০.৫=৬>>৬ তলা পূর্ণ।
সুতরাং সম্পূর্ণ ফ্লোরে ৬ তলা * ১০টি অ্যাপার্টমেন্ট = <<৬*১০=৬০>>৬০টি অ্যাপার্টমেন্ট রয়েছে।
অবশিষ্ট মেঝেগুলি অর্ধেক ধারণক্ষমতায়, তাই ১২টি তলা আছে – ৬টি পূর্ণ তলা = <<১২-৬=৬>>৬টি অর্ধ-পূর্ণ ফ্লোর।
তাই এই ফ্লোরগুলির প্রতিটিতে ১০টি অ্যাপার্টমেন্ট * ০.৫ = <<১০*০.৫=৫>>৫টি অ্যাপার্টমেন্ট রয়েছে।
সুতরাং অর্ধ-পূর্ণ ফ্লোরে, মোট ৬ তলা * ৫টি অ্যাপার্টমেন্ট = <<৬*৫=৩০>>৩০টি অ্যাপার্টমেন্ট রয়েছে।
মোট, বিল্ডিংটিতে ৩০ + ৬০ = <<৩০+৬০=৯০>>৯০টি ভরাট অ্যাপার্টমেন্ট রয়েছে।
এর মানে হল ৯০টি অ্যাপার্টমেন্ট * প্রতি অ্যাপার্টমেন্টে ৪ জন = <<৯০*৪=৩৬০>>বিল্ডিংয়ে ৩৬০ জন।
#### ৩৬০"
reasoning-0150,reasoning_hallu-0169,hallucinated,invalid_deduction,"এক সপ্তাহে ৭ দিন থাকে তাই এক সপ্তাহ এবং ২ দিন = ৭+২ = <<৭+২=৯>>৯ দিন
আরাফাত   কৌশল শেখার সময়কে কল করুন ক। ময়না  ছুটিতে ৯ দিন কাটিয়েছে যা আরাফাত   ১২টি বেড়ার কৌশল শিখতে কাটানো সময়ের ৩/৪ ভাগ, তাই (৩/৪)ক = ৯ দিন
যদি আমরা এই সমীকরণের উভয় দিককে ৪/৩ দ্বারা গুণ করি, তাহলে আমরা পাব ক = (৪/৩)*৯ দিন = <<(৪/৩)*৯=১২>>১২ দিন
জবাইদা ১২ দিনের অর্ধেক সময় কাটিয়েছে যা ১২/২ = <<১২/২=৬>>সাঁতার শেখার জন্য ৬ দিন
#### ৬"
reasoning-0151,reasoning_gold-0037,gold,gold,"প্রথমে হিসেব করুন বিফ ভ্রমণের জন্য প্রস্তুত হতে কত টাকা খরচ করেছে: ৳১১ + ৳৩ + ৳১৬ = ৳<<১১+৩+১৬=৩০>>৩০
এখন বিলের প্রতি ঘন্টায় তার মোট আয়ের হিসাব করুন যখন তিনি ওয়াইফাই এর জন্য অর্থপ্রদান করেন তার মোট প্রতি ঘণ্টার হার থেকে WiFi খরচ বিয়োগ করে: ৳১২/ঘন্টা  - ৳২/ঘন্টা  = ৳<<১২-২=১০>>১০/ঘন্টা 
সবশেষে, বিলের খরচ করা অর্থকে তার নেট ঘন্টায় হার দিয়ে ভাগ করুন যাতে তাকে কত ঘন্টা কাজ করতে হয় তা খুঁজে বের করতে: ৳৩০ / ৳১০/ঘন্টা  = <<৩০/১০=৩>>৩ ঘন্টা
#### ৩"
reasoning-0152,reasoning_hallu-0076,hallucinated,formula_misapplication,"প্রথমে লাবিবাকে কত টাকা দিতে হবে তার বাবা-মাকে তাদের অর্ধেক পরিশোধ করার পরে টিউশনকে ২ দ্বারা ভাগ করে: ৳২২,০০০ / ২ = ৳<<২২০০০/২=১১০০০>>১১,০০০৷
তারপর লাবিবার স্টুডেন্ট লোন কত তা তার স্কলারশিপের পরিমাণকে ২ দ্বারা গুণ করে: ৳৩,০০০ * ২ = ৳<<৩০০০*২=৬০০০>>৬,০০০।
এখন লাবিবার স্কলারশিপ এবং ঋণের পরিমাণ বিয়োগ করুন কাজ করে তাকে কত টিউশন দিতে হবে তা জানতে: ৳১১,০০০ - ৳৩,০০০ - ৳৬,০০০ = ৳<<১১০০০-৩০০০-৬০০০=২০০০>>২,০০০৷
এখন বাকি অবৈতনিক টিউশনকে ঘন্টার সংখ্যা দিয়ে ভাগ করুন ন্যান্সি প্রতি ঘন্টায় কত উপার্জন করতে হবে তা খুঁজে বের করতে: ৳২,০০০ / ২০০ ঘন্টা = ৳<<২০০০/২০০=১০>>১০/ঘন্টা৷
#### ১০"
reasoning-0153,reasoning_hallu-0231,hallucinated,semantic_drift,"যদি ফ্লাইং স্কটসম্যানের নরউইচের চেয়ে ২০টি বেশি গাড়ি থাকে এবং নরউইচের ১০০টি গাড়ি থাকে, তাহলে ফ্লাইং স্কটসম্যানের ১০০ + ২০ = <<২০+১০০=১২০>>১২০টি গাড়ি ছিল।
একসাথে, ফ্লাইং স্কটসম্যান এবং নরউইচের ১২০ +১০০ = <<১২০+১০০=২২০>>২২০টি গাড়ি ছিল।
যদি ইউস্টনের ১৩০টি গাড়ি থাকে, নরফোকের চেয়ে ২০টি বেশি গাড়ি, নরফোকের ১৩০ - ২০ = <<১৩০-২০=১১০>>১১০টি গাড়ি ছিল।
একসাথে, ইউস্টন এবং নরফোকের ১১০ + ১৩০ = <<১১০+১৩০=২৪০>>২৪০টি গাড়ি ছিল।
সব মিলিয়ে ইউস্টন, নরফোক, নরউইচ এবং ফ্লাইং স্কটসম্যানের ২৪০ + ২২০ = <<২৪০+২২০=৪৬০>>৪৬০টি গাড়ি ছিল।
#### ৪৬০"
reasoning-0154,reasoning_hallu-0088,hallucinated,formula_misapplication,"জনির যদি ২০ দিন আগের তুলনায় বর্তমানে তার অর্ধেক অনুশীলন থাকে, তাহলে তার মানে তার ২০*২=<<২০*২=৪০>>বর্তমানে ৪০ দিনের অনুশীলন আছে।
অতএব, বর্তমানে তার যতটা অনুশীলন আছে তার তিনগুণ অনুশীলন করতে, তাকে ৪০*৩=<<৪০*৩=১২০>>১২০ দিন অনুশীলন করতে হবে।
যেহেতু সে ইতিমধ্যেই ৪০ দিন অনুশীলন করেছে, তার মানে তাকে অনুশীলন করতে হবে বা ১২০-৪০= <<১২০-৪০=৮০>>আরো ৮০ দিন
#### ৮০"
reasoning-0155,reasoning_hallu-0202,hallucinated,semantic_drift,"ধরা যাক, 'ক' গ্রুপে শিশুদের সংখ্যা।
গ্রুপে প্রাপ্তবয়স্কদের সংখ্যা হল ক+<<+২৫=২৫>>২৫৷
গ্রুপটি ৮*ক+ ১৫*(ক+২৫) = ৳৭২০ প্রদান করে।
বন্ধনীর মাধ্যমে গুণ করলে আমরা ৮ক + ১৫ক + ৩৭৫ = ৳৭২০ পাই
পদের মতো একত্রিত করলে, আমরা ২৩ক + ৩৭৫ = ৭২০ পাই
উভয় দিক থেকে ৩৭৫ বিয়োগ করলে আমরা পাই ২৩ক = ৭২০ - ৩৭৫ = ৳৩৪৫
উভয় পক্ষকে ২৩ দ্বারা ভাগ করলে আমরা, ক = ৳৩৪৫ / ২৩ = <<৩৪৫/২৩=১৫>>১৫টি শিশু পাব।
#### ১৫"
reasoning-0156,reasoning_hallu-0185,hallucinated,invalid_deduction,"প্রথমে তৃতীয় শ্রেণী ৫ শ্রেণীতে মোট শিক্ষার্থীর সংখ্যা বের করুন * ৩০ জন ছাত্র/শ্রেণী = <<৫*৩০=১৫০>>১৫০ জন শিক্ষার্থী
তারপর চতুর্থ শ্রেণী ৪ শ্রেণীতে মোট শিক্ষার্থীর সংখ্যা বের করুন * ২৮ জন ছাত্র/শ্রেণী = <<৪*২৮=১১২>>১১২ জন শিক্ষার্থী
তারপর পঞ্চম শ্রেণী ৪ শ্রেণীতে মোট শিক্ষার্থীর সংখ্যা বের করুন * ২৭ জন ছাত্র/শ্রেণী = <<৪*২৭=১০৮>>১০৮ জন শিক্ষার্থী
এখন প্রতিটি গ্রেডে শিক্ষার্থীর সংখ্যা যোগ করুন মোট শিক্ষার্থীর সংখ্যা ১৫০ শিক্ষার্থী + ১১২ শিক্ষার্থী + ১০৮ শিক্ষার্থী = <<১৫০+১১২+১০৮=৩৭০>>৩৭০ শিক্ষার্থী।
এখন একটি লাঞ্চের মোট খরচ খুঁজুন ৳২.১০ + ৳০.৫০ + ৳০.২০ = ৳<<২.১০+০.৫০+০.২০=২.৮০>>২.৮০
এখন স্কুলের জন্য মোট খরচ বের করতে শিক্ষার্থীর সংখ্যা দিয়ে গুন করুন
#### ১০৩৬"
reasoning-0157,reasoning_hallu-0030,hallucinated,arithmetic_slip,"প্রথম প্রার্থীর প্রশিক্ষণের জন্য খরচ হবে ১২০০*৩ = ৳<<১২০০*৩=৩৬০০>>৩৬০০।
সেই প্রার্থী প্রথম বছরে কোম্পানিকে ৯৩০০০ - ৪২০০০ - ৩৬০০ = ৳<<৯৩০০০-৪২০০০-৩৬০০=৪৭৪০০>>৪৭৪০০ লাভ করে দেবে।
দ্বিতীয় প্রার্থীর বোনাসের দাম হবে ৪৫০০০ * ১ / ১০০ = ৳<<৪৫০০০*১/১০০=৪৫০>>৪৫০।
সেই প্রার্থী প্রথম বছরে কোম্পানিকে ৯২০০০ - ৪৫০০০ - ৪৫০ = ৳<<৯২০০০-৪৫০০০-৪৫০=৪৬৫৫০>>৪৬৫৫০ লাভ করে দেবে৷
এইভাবে, প্রথম প্রার্থী কোম্পানিকে ৪৭৪০০ - ৪৬৫৫০ = ৳<<৪৭৪০০-৪৬৫৫০=৮৫০>>প্রথম বছরে আরও ৮৫০ লাভ করে দেবে।
#### ৮৫০"
reasoning-0158,reasoning_hallu-0003,hallucinated,arithmetic_slip,"তিনি সর্বাধিক দাতাদের কাছ থেকে ১২০০*৫০০=৳<<১২০০*৫০০=৬০০০০০>>৬০০,০০০ পেয়েছেন
ছোট দাতারা দান করেছেন ১২০০/২=৳<<১২০০/২=৬০০>>৬০০
তার ৫০০*৩=<<৫০০*৩=১৫০০>>১৫০০ জন দাতা ছিল
তাই তারা দান করেছেন ১৫০০*৬০০=৳<<১৫০০*৬০০=৯০০০০০>>৯০০,০০০
এত বড় দান যেখানে মূল্য ৯০০,০০০+৬০০,০০০=৳<<৯০০০০০+৬০০০০০=১৫০০০০০>>১,৫০০,০০০
তাই তিনি ১,৫০০,০০০/.৪=৳<<১৫০০০০০/.৪=৩৭৫০০০০>>৩৭৫০০০০ বাড়ালেন
#### ৩৭৫০০০০"
reasoning-0159,reasoning_hallu-0142,hallucinated,hallucinated_intermediate_fact,"ক'  হল বক্স থেকে সরানো প্লেটের সংখ্যা।
হাসান বের করলেন বাক্সটির ওজন সীমা ২০ পাউন্ড। যেহেতু একটি পাউন্ড ১৬ আউন্সের সমান, প্রতিটি বাক্স ২০ * ১৬ বা <<২০*১৬=৩২০>>৩২০ আউন্স ধরে রাখতে পারে।
প্রতিটি প্লেটের ওজন ১০ আউন্স, তাই হাসান বাক্সটির ওজন সীমা সন্তুষ্ট করার জন্য পর্যাপ্ত প্লেট অপসারণের পরে বাক্সে প্লেটগুলির ওজন হল (৩৮ - ক) * ১০ আউন্স
যেহেতু এই দুটি মান সমান তাই আমরা সমীকরণটি লিখতে পারি (৩৮ - ক) * ১০ = ৩২০।
উভয় পক্ষকে ১০টি পাতা দিয়ে ভাগ করলে ৩৮-ক = ৩২।
উভয় পাশে ক যোগ করলে পাওয়া যায় ৩৮ – ক + ক = ৩২ +ক, অথবা, ৩৮ = ৩২ +ক
উভয় দিক থেকে ৩২ বিয়োগ করলে ক এর মান পাওয়া যায়, যা বাক্স থেকে সরানো প্লেটের সংখ্যা, ৩৮ -৩২ = ৩২ + ক – ৩২, বা, ৬ = ক
#### ৬"
reasoning-0160,reasoning_hallu-0065,hallucinated,formula_misapplication,"সাকিব ৫ x ৳৩ = ৳<<৫*৩=১৫>>প্রতি সপ্তাহের দিনে ১৫ উপার্জন করে।
সুতরাং, সে সোমবার থেকে শুক্রবার পর্যন্ত ৳১৫ x ৫ = ৳<<১৫*৫=৭৫>>৭৫ উপার্জন করে।
এবং সে প্রতি সপ্তাহান্তে প্রতি ঘন্টায় ৳৩ x ২ = ৳<<৩*২=৬>>৬ উপার্জন করে।
তাই, প্রতি সপ্তাহান্তে তিনি যে পরিমাণ উপার্জন করেন তা হল ৳৬ x ৩= ৳<<৬*৩=১৮>>১৮৷
সুতরাং, সে প্রতি শনিবার এবং রবিবার ৳১৮ x ২ = ৳<<১৮*২=৩৬>>৩৬ উপার্জন করে।
অতএব, তিনি প্রতি সপ্তাহে যে পরিমাণ উপার্জন করেন তা হল ৳৭৫ + ৳৩৬= ৳<<৭৫+৩৬=১১১>>১১১৷
#### ১১১"
reasoning-0161,reasoning_gold-0013,gold,gold,"নোমান মোট ৫ x ১৪ = <<৫*১৪=৭০>>৭০টি স্ট্রবেরি সংগ্রহ করেছেন
তিনি মোট ৭ x ১৬ = <<৭*১৬=১১২>>১১২টি টমেটো সংগ্রহ করেছেন।
তিনি স্ট্রবেরি দিয়ে ৭০/৭ = <<৭০/৭=১০>>১০টি ঝুড়ি পূরণ করতে সক্ষম হন।
তিনি টমেটো দিয়ে ১১২/৭ = <<১১২/৭=১৬>>১৬ ঝুড়ি পূরণ করতে সক্ষম হন।
তিনি স্ট্রবেরি থেকে ১০ x ৳৯ = ৳<<১০*৯=৯০>>৯০ তৈরি করেছেন।
তিনি টমেটো থেকে ১৬ x ৳ ৬ = ৳<<১৬*৬=৯৬>>৯৬ তৈরি করেছেন।
সব মিলিয়ে তিনি তার ফসল থেকে ৳৯০ + ৳৯৬ = ৳<<৯০+৯৬=১৮৬>>১৮৬ উপার্জন করেছেন।
#### ১৮৬"
reasoning-0162,reasoning_gold-0036,gold,gold,"যদি নাতাশার কাছে ৳৬০ থাকে, যা কার্লার চেয়ে ৩ গুণ বেশি, কালুর কাছে ৳৬০/৩=৳<<৬০/৩=২০>>২০
একসাথে, কালু এবং নাতাশার আছে ৳২০+৳৬০=৳<<২০+৬০=৮০>>৮০
কালুর কাছে নাসিমার থেকে দ্বিগুণ টাকা আছে, মানে নাসিমার কাছে ৳২০/২=৳১০
একত্রে, তিনজনের ৳১০+৳৮০=৳<<১০+৮০=৯০>>৯০ আছে
যদি তারা তাদের কাছে থাকা পরিমাণ দিয়ে পণ্য ক্রয় করে এবং ক্রয় মূল্যের ৭/৫ ভাগ এ বিক্রি করে, তাহলে পণ্য বিক্রি থেকে তারা মোট অর্থ পাবে ৭/৫*৯০=৳<<৭/৫*৯০=১২৬> >১২৬
যদি তারা তাদের কাছে থাকা অর্থ দিয়ে কেনা পণ্য বিক্রি থেকে ৳১২৬ উপার্জন করে, তাহলে তাদের লাভ হল ৳১২৬-৳৯০=৳<<১২৬-৯০=৩৬>>৩৬
#### ৩৬"
reasoning-0163,reasoning_hallu-0167,hallucinated,invalid_deduction,"দোলাকে  ক্রিসমাসে ১২টি ভিডিও গেম এবং তার জন্মদিনে ৮টি ভিডিও গেম দেওয়া হয়েছিল, তাই তাকে ১২ + ৮ = <<১২+৮=২০>>২০টি ভিডিও গেম দেওয়া হয়েছিল৷
তাকে উপহার দেওয়ার আগে তার ১/২ ছিল, ২০/২ = <<২০/২=১০>>১০টি ভিডিও গেম তার ইতিমধ্যেই মালিকানা ছিল৷
তাকে ২০টি ভিডিও গেম দেওয়া হয়েছিল এবং ইতিমধ্যে ১০টি ছিল, ২০ + ১০ = <<২০+১০=৩০>>৩০টি ভিডিও গেম।
এখন দোলার ৩০টি ভিডিও গেম আছে।
#### ৩০"
reasoning-0164,reasoning_gold-0025,gold,gold,"যদি জলিলের ক্লাসরুমে ২২ জন ছাত্র থাকে যখন সে অনুপস্থিত ছিল, তাহলে তার ক্লাসের মোট ছাত্র ২২+১ = <<২২+১=২৩>>২৩
যদি তমোমির শ্রেণীকক্ষে মরিয়মের যত শিক্ষার্থী থাকে তাহলে ট =ম 
যদি জলিলের ক্লাসরুমে তমোমি এবং মরিয়মের ক্লাসরুমের মধ্যে মোট শিক্ষার্থীর অর্ধেক থাকে তাহলে ২৩ = ১/২* (ট+ম)
২৩ = ১/২*(ট+ম)
আমরা উপরে থেকে জানি যে ট=ম, তাই ২৩ = (১/২) * (ম+ম) বা ২৩ = (১/২)*২ম
২৩ = ম
কারণ ট = ম, তারপর ট হল ট=২৩।
তিনটি শ্রেণির মধ্যে তখন আমাদের মোট ট+ম+য বা ২৩+২৩+২৩=<<২৩+২৩+২৩=৬৯>>৬৯ 
#### ৬৯"
reasoning-0165,reasoning_hallu-0099,hallucinated,formula_misapplication,"প্রথমে আমাদের রোবটের মোট পরিমাণ খুঁজে বের করতে হবে। ৭ রোবট * ৳৮.৭৫ প্রতি রোবট = ৳<<৭*৮.৭৫=৬১.২৫>>মোট ৬১.২৫।
এখন আমাদের ট্যাক্স যোগ করতে হবে রোবটের জন্য ৳৬১.২৫ + ট্যাক্সের জন্য ৳৭.২২ = ৳<<৬১.২৫+৭.২২=৬৮.৪৭>>দোকানে মোট খরচ করা ৬৮.৪৭৷
এখন শুরুর পরিমাণ কত ছিল তা খুঁজে বের করতে আমরা দোকানের মোট খরচ ৳৬৮.৪৭ + ভাংতি ফেরতে ৳১১.৫৩= ৳<<৬৮.৪৭+১১.৫৩=৮০>>৮০ টাকা।
#### ৮০"
reasoning-0166,reasoning_hallu-0201,hallucinated,semantic_drift,"প্রথমে এক রাতের পরে নতুন ভ্যাম্পায়ারের সংখ্যা খুঁজুন: ৫ জন/ভ্যাম্পায়ার * ২ ভ্যাম্পায়ার = <<৫*২=১০>>১০ জন
এক রাতের পর ভ্যাম্পায়ারের মোট সংখ্যা বের করতে ভ্যাম্পায়ারের শুরুর সংখ্যার সাথে এটি যোগ করুন: ১০ ভ্যাম্পায়ার + ২ ভ্যাম্পায়ার = <<১০+২=১২>>১২ ভ্যাম্পায়ার
তারপর দ্বিতীয় রাতে নতুন ভ্যাম্পায়ারের সংখ্যা খুঁজুন: ৫ জন/ভ্যাম্পায়ার * ১২ ভ্যাম্পায়ার = <<৫*১২=৬০>>৬০ জন
দুই রাতের পর ভ্যাম্পায়ারের মোট সংখ্যা বের করতে দ্বিতীয় রাতে ভ্যাম্পায়ারের শুরুর সংখ্যার সাথে সেই সংখ্যাটি যোগ করুন: ৬০ ভ্যাম্পায়ার + ১২ ভ্যাম্পায়ার = <<৬০+১২=৭২>>৭২ ভ্যাম্পায়ার
#### ৭২"
reasoning-0167,reasoning_hallu-0153,hallucinated,invalid_deduction,"ফুলের দোকানটি দ্বিতীয় দিনে ৪৫ + ২০ = <<৪৫+২০=৬৫>>৬৫টি ফুল বিক্রি করেছে৷
দ্বিতীয় দিনে ফুলের দ্বিগুণ সংখ্যা হল ৬৫ x ২ = <<৬৫*২=১৩০>>১৩০।
সুতরাং, ফুলের দোকানটি তৃতীয় দিনে ১৩০ - ১০ = <<১৩০-১০=১২০>>১২০টি ফুল বিক্রি করেছে৷
৩ দিনের জন্য মোট ফুল বিক্রি হয়েছিল ৪৫ + ৬৫ + ১২০ = <<৪৫+৬৫+১২০=২৩০>>২৩০৷
অতএব, ৩৫০ - ২৩০ = <<৩৫০-২৩০=১২০>>১২০ ফুল ৪র্থ দিনে বিক্রি হয়েছিল।
#### ১২০"
reasoning-0168,reasoning_hallu-0109,hallucinated,hallucinated_intermediate_fact,"দিনে তিনবার খাওয়া, একটি কুকুর ৩*৪=<<৩*৪=১২>>১২ পাউন্ড খাবার খায়।
যেহেতু ক্যাম্পে ৩টি কুকুর আছে, তাই তাদের খাওয়ার মোট পরিমাণ হল ৩*১২=<<৩*১২=৩৬>>৩৬ পাউন্ড খাবার।
যদি প্রতিটি কুকুর কুকুরছানার চেয়ে দ্বিগুণ খাবার খায়, তাহলে একটি কুকুরছানা ৪/২=<<৪/২=২>>এক খাবারে ২ পাউন্ড খাবার খাবে।
প্রতিটি কুকুরছানা কুকুরের তুলনায় তিনবার খায়, এবং যদি একটি কুকুর দিনে তিনবার খায়, একটি কুকুরছানা দিনে ৩*৩= <<৩*৩=৯>>৯ বার খাবে।
যেহেতু একটি কুকুরছানা দিনে ২ পাউন্ড খাবার খায়, তাই একটি কুকুরছানা দিনে মোট যে পরিমাণ খাবার খাবে তা হল ৯*২=<<৯*২=১৮>>১৮ পাউন্ড খাবার।
ক্যাম্পের চারটি কুকুরছানা প্রতিদিন ১৮*৪=<<১৮*৪=৭২>>৭২ পাউন্ড খাবার খায়।
একসাথে, কুকুর এবং কুকুরছানা এক দিনে ৭২+৩৬=<<৭২+৩৬=১০৮>>১০৮ পাউন্ড খাবার খায়।
#### ১০৮"
reasoning-0169,reasoning_gold-0008,gold,gold,"প্রথমে জেনে নিন জামালের বাবার ট্রিপ কত দীর্ঘ: ৩০ মিনিট / ২ = <<৩০/২=১৫>>১৫ মিনিট
তারপর মিনিটকে ঘন্টায় রূপান্তর করুন: ১৫ মিনিট * ১ ঘন্টা/৬০ মিনিট = .২৫ ঘন্টা
এখন জেনে নিন জামালের বাবা ঘণ্টায় ২৮ মাইল বেগে কত দূর যান: .২৫ ঘণ্টা * ২৮ মাইল প্রতি ঘণ্টা = <<.২৫*২৮=৭>>৭ মাইল
তারপর জেনে নিন জামালের বাবা ঘণ্টায় ৬০ মাইল বেগে কত দূর যান: .২৫ ঘণ্টা * ৬০ মাইল প্রতি ঘণ্টা = <<.২৫*৬০=১৫>>১৫ মাইল
ওয়াটার পার্কের মোট দূরত্ব খুঁজতে এখন সেই দূরত্বগুলি যোগ করুন: ৭ মাইল + ১৫ মাইল = <<৭+১৫=২২>>২২ মাইল
এখন জামাল গতি দ্বারা মোট দূরত্ব ভাগ করুন এতে তার কত সময় লাগবে: ২২ মাইল / ১১ মাইল/ঘন্টা = <<২২/১১=২>>২ ঘন্টা
#### ২"
reasoning-0170,reasoning_hallu-0161,hallucinated,invalid_deduction,"যদি তৃতীয় বিদ্যালয়ে ২০০ জন ছাত্র থাকে এবং দ্বিতীয় বিদ্যালয়ে তৃতীয় বিদ্যালয়ের চেয়ে ৪০ জন বেশি ছাত্র থাকে, তবে দ্বিতীয় বিদ্যালয়ে ২০০+৪০ = <<২০০+৪০=২৪০>>২৪০ জন শিক্ষার্থী ছিল।
তৃতীয় এবং দ্বিতীয় স্কুলে ২৪০+২০০ = <<২৪০+২০০=৪৪০>>৪৪০ জন ছাত্র মঞ্চে বিতর্কে অংশ নিয়েছিল।
যেহেতু প্রথম স্কুলে দ্বিতীয় স্কুলের চেয়ে দ্বিগুণ ছাত্র ছিল এবং দ্বিতীয় স্কুলে ২৪০ জন ছাত্র ছিল, প্রথম স্কুলে ২৪০*২= <<২৪০*২=৪৮০>>৪৮০ জন ছাত্র মঞ্চে বিতর্কে অংশ নিয়েছিল।
বিতর্ক শেষ হলে, মঞ্চে উপস্থিত প্রত্যেক শিক্ষার্থী মেয়রের হাত নাড়লে, মেয়রের হাত নাড়েন এমন শিক্ষার্থীর সংখ্যা ৪৮০+৪৪০ = <<৪৮০+৪৪০=৯২০>>৯২০ শিক্ষার্থী।
#### ৯২০"
reasoning-0171,reasoning_hallu-0040,hallucinated,arithmetic_slip,"মার্চ মাস পর্যন্ত, ডঃ তমা ৫৩ + ৬৭ + ৪৬ = <<৫৩+৬৭+৪৬=১৬৬>>১৬৬টি টুথব্রাশ দিয়েছেন।
এপ্রিল মাসে টুথব্রাশ দেওয়ার আগে, তার কাছে ৩৩০ -১৬৬ = <<৩৩০-১৬৬=১৬৪>>১৬৪টি টুথব্রাশ বাকি ছিল।
এপ্রিল থেকে মে মাসের মধ্যে, তিনি প্রতি মাসে অবশিষ্ট ১৬৪/২ = <<১৬৪/২=৮২>>৮২টি টুথব্রাশ দিয়েছিলেন।
ডঃ তমা তার ব্যস্ততম মাসে ৮২টি টুথব্রাশ এবং সবচেয়ে ধীর মাসে ৪৬টি টুথব্রাশ দিয়েছেন।
পার্থক্য হবে ৮২- ৪৬ = <<৮২-৪৬=৩৬>> ব্যস্ততম মাসে আরও ৩৬ টুথব্রাশ।
#### ৩৬"
reasoning-0172,reasoning_hallu-0029,hallucinated,arithmetic_slip,"স্কুলের নার্সকে অবশ্যই মোট ২৬ জন কিন্ডারগার্টেনার + ১৯ জন প্রথম শ্রেণির + ২০ জন দ্বিতীয় শ্রেণির + ২৫ জন তৃতীয় শ্রেণির ছাত্র = <<২৬+১৯+২০+২৫=৯০>>সব মিলিয়ে ৯০ জন শিক্ষার্থীকে পরীক্ষা করতে হবে।
যদি প্রতিটি পরীক্ষায় ২ মিনিট সময় লাগে, তাহলে ৯০ জন শিক্ষার্থী x ২ মিনিট = <<৯০*২=১৮০>>১৮০ মিনিট সময় নেবে।
এক ঘন্টায় ৬০ মিনিট থাকে, তাই চেক সম্পূর্ণ করতে ১৮০ মিনিট / ৬০ = <<১৮০/৬০=৩>>৩ ঘন্টা সময় লাগবে।
#### ৩"
reasoning-0173,reasoning_gold-0049,gold,gold,"প্রথমে, ভরাট করার সংখ্যা দ্বারা গ্যাস ট্যাঙ্কের আয়তনকে গুণ করে কত গ্যালন গ্যাস মাহি কিনেছেন তা বের করুন: ২০ গ্যালন * ২ = <<২০*২=৪০>>৪০ গ্যালন
তারপর সেই সংখ্যাটিকে মাহির গ্যালন প্রতি মাইলের সংখ্যা দিয়ে গুণ করে খুঁজে বের করুন যে তিনি কত মাইল চালিয়েছেন: ৪০ গ্যালন * ৩০ মাইল/গ্যালন = <<৪০*৩০=১২০০>>১২০০ মাইল
তারপর মাইলের চূড়ান্ত সংখ্যা খুঁজে পেতে মাহির গাড়ির প্রাথমিক সংখ্যার সাথে সেই পরিমাণ যোগ করুন: ১৭২৮ মাইল + ১২০০ মাইল = <<১৭২৮+১২০০=২৯২৮>>২৯২৮ মাইল
#### ২৯২৮"
reasoning-0174,reasoning_hallu-0024,hallucinated,arithmetic_slip,"লন কাটলে জুলি ২০*২০ = <<২০*২০=৪০০>>৪০০ টাকা উপার্জন করবে
সংবাদপত্র সরবরাহ থেকে টাকা তার আয় হবে ৬০০ *৪০/১০০ = <<৬০০*৪০/১০০=২৪০>>২৪০ টাকা
তার প্রতিবেশীর ২৪টি কুকুর হাঁটার পরে, সে ২৪*১৫ = <<২৪*১৫=৩৬০>>৩৬০ টাকা  উপার্জন করবে।
তাই সে মোট ৪০০ + ২৪০ + ৩৬০ = <<৪০০+২৪০+৩৬০=১০০০>>১০০০ টাকা  উপার্জন করবে
তার চাকরি থেকে উপার্জন তার সঞ্চয়ের সাথে একত্রিত করলে জুলি ১০০০ + ১৫০০ = <<১০০০+১৫০০=২৫০০>>২৫০০ টাকা পাবে
মোট থেকে মাউন্টেন বাইকের খরচ বিয়োগ করলে জুলির ব্যালেন্স ২৫০০ - ২৩৪৫ = <<২৫০০-২৩৪৫=১৫৫>>১৫৫ টাকা থাকবে
#### ১৫৫"
reasoning-0175,reasoning_hallu-0127,hallucinated,hallucinated_intermediate_fact,"প্রথম ভ্রমনে, ইসমাইল ২৮টি পুরুষ তিমি *২ = <<২৮*২=৫৬>>৫৬টি স্ত্রী তিমি দেখতে পায়।
সুতরাং মোট, তিনি প্রথম ট্রিপে ২৮টি পুরুষ তিমি + ৫৬টি মহিলা তিমি = <<২৮+৫৬=৮৪>>৮৪টি তিমি দেখতে পান।
দ্বিতীয় ভ্রমনে, প্রতিটি শিশু তিমি তার পিতামাতার সাথে ভ্রমণ করে যার অর্থ এটি ১ শিশু তিমির একটি দলে ভ্রমণ করে + ২ পিতামাতা = <<১+২=৩>>৩টি তিমি/শিশু তিমি।
এর মানে হল ৮টি শিশু তিমি * ৩টি তিমি/শিশু তিমি = <<৮*৩=২৪>>দ্বিতীয় ট্রিপে ২৪টি তিমি।
তৃতীয় ভ্রমনে, প্রথম ভ্রমনে অর্ধেক পুরুষ তিমি আছে, তাই ২৮টি পুরুষ তিমি / ২ = <<২৮/২=১৪>>১৪টি পুরুষ তিমি থাকতে হবে।
এটিকে স্ত্রী তিমিতে যুক্ত করার অর্থ হল তিনি তৃতীয় ভ্রমনে ১৪টি পুরুষ তিমি + ৫৬টি মহিলা তিমি = <<১৪+৫৬=৭০>>৭০টি তিমি দেখেছেন।
মোট, ইসমাইল ৮৪ + ২৪ + ৭০ = <<৮৪+২৪+৭০=১৭৮>>তিনটি ভ্রমণে ১৭৮টি তিমি দেখেছেন।
#### ১৭৮"
reasoning-0176,reasoning_hallu-0131,hallucinated,hallucinated_intermediate_fact,"প্রথমত, বিক্রি করা বাক্সের সংখ্যার তুলনা করে আমাদের নির্ধারণ করতে হবে কোন আশেপাশের এলাকাটি সবচেয়ে ভালো পছন্দ। ক এর ১০টি ঘর রয়েছে যা প্রতিটি ২টি বাক্স কিনবে, যার অর্থ ক জেনিকে ১০*২=<<১০*২=২০>>২০টি বাক্স বিক্রয় দেবে
আশেপাশের খ -এর ৫টি বাড়ি রয়েছে যার প্রত্যেকটি ৫টি বাক্স কিনবে, মানে সে সেই পাড়ায় গিয়ে ৫*৫=<<৫*৫=২৫>>২৫টি বাক্স বিক্রি করবে৷
২৫>২০ থেকে, এর মানে জিনিয়াকে প্রতিবেশী খ বেছে নেওয়া উচিত।
যেহেতু জিনিয়া প্রতি বাক্স বিক্রি করে ৳২ উপার্জন করে, এর মানে হল সে ২৫*২=<<২৫*২=৫০>>৫০ ডলার আয় করবে আশেপাশের খ বেছে নিয়ে।
#### ৫০"
reasoning-0177,reasoning_hallu-0188,hallucinated,invalid_deduction,"প্রতিদিন, শ্যাম্পুর বোতল ১/২ আউন্স কমে যায় কারণ ১ - (১/২) = ১/২
চার দিন পর শ্যাম্পুর বোতল ২ আউন্স কম কারণ ৪ x (১/২) = <<৪*(১/২)=২>>২
চার দিন পর, শ্যাম্পুর বোতলে ৮ আউন্স তরল অবশিষ্ট থাকে কারণ ১০ -২ = <<১০-২=৮>>৮
চার দিন পর শ্যাম্পুর বোতলে ২ আউন্স গরম সস ৪ x (১/২) = <<৪*(১/২)=২>>২
বোতলে গরম সসের অনুপাত .২৫ কারণ ২/৮ = <<২/৮=.২৫>>.২৫
গরম সসের শতাংশ ২৫% কারণ .২৫ x ১০০ = <<.২৫*১০০=২৫>>২৫
#### ২৫"
reasoning-0178,reasoning_hallu-0212,hallucinated,semantic_drift,"প্রথমে প্রস্থ এবং দৈর্ঘ্যকে গুণ করে লটের ক্ষেত্রফল খুঁজুন: ১২০ ft * ৬০ ft = <<১২০*৬০=৭২০০>>৭২০০ বর্গ ফুট।
তারপর কংক্রিটে আচ্ছাদিত বর্গক্ষেত্রের ক্ষেত্রফল খুঁজুন: ৪০ ft * ৪০ ft = <<৪০*৪০=১৬০০>>১৬০০ বর্গ ফুট।
তারপর ঘাসযুক্ত এলাকা খুঁজে পেতে মোট এলাকা থেকে কংক্রিট এলাকা বিয়োগ করুন: ৭২০০ বর্গ ফুট - ১৬০০ বর্গ ফুট = <<৭২০০-১৬০০=৫৬০০>>৫৬০০ বর্গ ফুট।
পরিশেষে, ব্যাগের সংখ্যা বের করতে প্রতিটি ব্যাগ কভার করা এলাকা দিয়ে এই এলাকাটিকে ভাগ করুন: ৫৬০০ বর্গ ফুট / ৫৬ বর্গ ফুট/ব্যাগ = <<৫৬০০/৫৬=১০০>>১০০ ব্যাগ।
#### ১০০"
reasoning-0179,reasoning_hallu-0093,hallucinated,formula_misapplication,"প্রথমে গাছের সংখ্যাকে প্রতি গাছের কাঠের সংখ্যা দিয়ে গুণ করে তাল গাছের কাঠের মোট সংখ্যা খুঁজুন: ৮০ কাঠ/তাল * ৮ তাল = <<৮০*৮=৬৪০>>৬৪০ কাঠ
তারপর সুপারি গাছের জন্য একই কাজ করুন: ৬০ কাঠ/সুপারি * ৩ সুপারি = <<৬০*৩=১৮০>>১৮০ কাঠ
এবং আখরোট গাছের জন্য একই জিনিস করুন: ১০০ কাঠ/আখরোট * ৪ আখরোট = <<১০০*৪=৪০০>>৪০০ কাঠ
সবশেষে, মোট সংখ্যা বের করতে প্রতিটি ধরনের গাছ থেকে লগের সংখ্যা যোগ করুন: ৬৪০ কাঠ+ ১৮০ কাঠ+ ৪০০ কাঠ= <<৬৪০+১৮০+৪০০=১২২০>>১২২০ কাঠ
#### ১২২০"
reasoning-0180,reasoning_hallu-0203,hallucinated,semantic_drift,"প্রথমত, দুটি পছন্দের বাক্সের  প্রতিটিতে,  প্রতি চকলেটের  মূল্য নির্ধারণ করতে হবে। আমরা পছন্দ ক-তে খরচ করা প্রতি টাকার জন্য  ৫০/২৫= <<৫০/২৫=২>>২টি চকলেট পাই।
এর পরে, আমরা বিকল্প পছন্দের বাক্সের  প্রতি চকলেটের মূল্য নির্ধারণ করি। আমরা ৯৯/৩৩= <<৯৯/৩৩=৩>>পছন্দ বি-তে ব্যয় করা প্রতিটি টাকার জন্য ৩টি চকলেট পাই।
৩>২ থেকে, আরিয়ান পছন্দ 'বি'  ক্রয় করে।
উত্তর তাই ৩.
#### ৩"
reasoning-0181,reasoning_hallu-0183,hallucinated,invalid_deduction,"৫০টির মধ্যে ২০টি মার্বেল সাদা তাই ৫০-২০ = ৩০টি লাল এবং নীল মার্বেল রয়েছে
লাল মার্বেল এবং নীল মার্বেলের সংখ্যা একই, তাই প্রতিটি রঙের ৩০/২ = <<৩০/২=১৫>>১৫টি আছে
সাদা মার্বেল এবং নীল মার্বেল সংখ্যার মধ্যে পার্থক্য হল ২০-১৫ = <<২০-১৫=৫>>৫
দ্বিগুণ পার্থক্য হল ৫*২ = <<৫*২=১০>>১০ মার্বেল
৫০-১০ = <<৫০-১০=৪০>>৪০টি মার্বেল ছেড়ে যাওয়ার জন্য ১০টি মার্বেল সরানো হয়
#### ৪০"
reasoning-0182,reasoning_hallu-0110,hallucinated,hallucinated_intermediate_fact,"এক পাউন্ডে ১৬ আউন্স আছে, এবং এইভাবে ১০ পাউন্ড মাংসের মিশ্রণে ১০*১৬=<<১০*১৬=১৬০>>১৬০ আউন্স সসেজ মাংস রয়েছে।
এইভাবে, ৪০টি সসেজ লিঙ্কে ১৬০ আউন্স মাংস, বা ১৬০/৪০=<<১৬০/৪০=৪>>প্রতি লিঙ্কে ৪ আউন্স ছিল।
যদি ব্র্যান্ডি ১২টি লিঙ্ক খেয়ে থাকে, তাহলে ৪০-১২=<<৪০-১২=২৮>>২৮টি লিঙ্ক অবশিষ্ট থাকে।
এইভাবে, ২৮টি অবশিষ্ট লিঙ্ক, প্রতি লিঙ্কে ৪ আউন্সে, ২৮*৪=<<২৮*৪=১১২>>১১২ আউন্স মাংস রয়েছে।
#### ১১২"
reasoning-0183,reasoning_hallu-0150,hallucinated,hallucinated_intermediate_fact,"গফুর ওভারটাইম উপার্জন করেছিলেন, তাই তিনি কমপক্ষে ৪০ ঘন্টা কাজ করেছিলেন। যার জন্য তাকে তার স্বাভাবিক মজুরিতে ৪০ ঘন্টা * ৳১২/ঘন্টা = ৳<<৪০*১২=৪৮০>>৪৮০ দেওয়া হয়েছিল।
এর মানে হল ৳৬৯৬ - ৳৪৮০ = ৳<<৬৯৬-৪৮০=২১৬>>২১৬ তার ওভারটাইম মজুরিতে অর্জিত হয়েছিল।
তার ওভারটাইম মজুরি হল ১.৫ তার স্বাভাবিক মজুরি, বা ৳১২ * ১.৫ = ৳<<১২*১.৫=১৮>>১৮ প্রতি ঘন্টা।
তাই গফুর প্রতি ঘন্টায় ৳২১৬/৳১৮ = <<২১৬/১৮=১২>>১২ ঘন্টার ওভারটাইম কাজ করেছে।
সুতরাং মোট, গফুর সেই সপ্তাহে ৪০ ঘন্টা + ১২ ঘন্টা = <<৪০+১২=৫২>>৫২ ঘন্টা কাজ করেছিল।
#### ৫২"
reasoning-0184,reasoning_hallu-0189,hallucinated,invalid_deduction,"প্রথমে প্রথম ভাগে  প্রতি ফ্লোরে কক্ষের সংখ্যা বের করুন: ৩২টি রুম/হল * ৬ হল/ফ্লোর = <<৩২*৬=১৯২>>১৯২টি রুম/ফ্লোর
তারপর ফ্লোরের সংখ্যা দিয়ে সেই সংখ্যাকে গুণ করে প্রথম ভাগের  মোট কক্ষের সংখ্যা নির্ণয় করুন: ১৯২টি রুম/ফ্লোর * ৯ ফ্লোর = <<১৯২*৯=১৭২৮>>১৭২৮ রুম
তারপর দ্বিতীয় ভাগে- প্রতি ফ্লোরে কক্ষের সংখ্যা খুঁজুন: ৪০টি রুম/হল * ৯ হল/ফ্লোর = <<৪০*৯=৩৬০>>৩৬০টি রুম/ফ্লোর
তারপর সেই সংখ্যাটিকে ফ্লোরের সংখ্যা দিয়ে গুণ করে দ্বিতীয় ভাগে মোট কক্ষের সংখ্যা নির্ণয় করুন: ৩৬০টি রুম/ফ্লোর * ৭ ফ্লোর = <<৩৬০*৭=২৫২০>>২৫২০ রুম
তারপর সামগ্রিক মোট খুঁজে পেতে প্রতিটি ভাগে মোট কক্ষের সংখ্যা যোগ করুন: ১৭২৮ রুম + ২৫২০ রুম = <<১৭২৮+২৫২০=৪২৪৮>>৪২৪৮ রুম
#### ৪২৪৮"
reasoning-0185,reasoning_hallu-0138,hallucinated,hallucinated_intermediate_fact,"শনিবার সকালে পার্ক থেকে বের হওয়া ৪*২৮৮০ = <<৪*২৮৮০=১১৫২০>>১১৫২০টি হাতি ছিল
এর মানে হল যে শুরুর পরে, পার্কে ৩০০০০ - ১১৫২০ = <<৩০০০০-১১৫২০=১৮৪৮০>>১৮৪৮০ হাতি রেখে দেওয়া হয়েছিল
যেহেতু হাতির চূড়ান্ত সংখ্যা ছিল ২৮,৯৮০, নতুন যে হাতিগুলি প্রবেশ করেছিল তা হল ২৮৯৮০ - ১৮৪৮০ = <<২৮৯৮০-১৮৪৮০=১০৫০০>>১০৫০০
যে হারে নতুন হাতি পার্কে প্রবেশ করেছিল তাই ছিল ১০৫০০/৭ = <<১০৫০০/৭=১৫০০>>১৫০০ হাতি/ঘন্টা
#### ১৫০০"
reasoning-0186,reasoning_hallu-0144,hallucinated,hallucinated_intermediate_fact,"সানি ১০টি গাছ * ১২টি কমলা/গাছ বাছাই করে = <<১০*১২=১২০>>প্রতিদিন ১২০টি কমলা।
সানি ১২০ কমলা/দিন / ৬ কমলা/প্যাক = <<১২০/৬=২০>>প্রতিদিন ২০ ৬-প্যাক কমলা বিক্রি করে
সানি ২০ প্যাক/দিন * ৭ দিন/সপ্তাহ = <<২০*৭=১৪০>>সপ্তাহে ১৪০ ৬-প্যাক বিক্রি করে
৩ সপ্তাহে সানি ১৪০ প্যাক/সপ্তাহ x ৩ সপ্তাহ = <<১৪০*৩=৪২০>>৪২০ ৬ প্যাক বিক্রি করে
সানি ৪২০ প্যাক * ৳২/প্যাক  = ৳<<৪২০*২=৮৪০>>৮৪০ তৈরি করে
#### ৮৪০"
reasoning-0187,reasoning_gold-0010,gold,gold,"প্রথমে সূর্যমুখী থেকে বীজের সংখ্যা নির্ণয় করুন প্রতি সূর্যমুখী বীজের সংখ্যা দ্বারা সূর্যমুখীর সংখ্যাকে গুণ করে: ৬টি সূর্যমুখী * ৯ বীজ/সূর্যমুখী = <<৬*৯=৫৪>>৫৪ বীজ
এরপর পুষ্পবৃক্ষ থেকে বীজের সংখ্যা গণনা করুন পুষ্পবৃক্ষের সংখ্যাকে প্রতি পুষ্পবৃক্ষ বীজের সংখ্যা দ্বারা গুণ করে: ৮ পুষ্পবৃক্ষ * ১২ বীজ/পুষ্পবৃক্ষ = <<৮*১২=৯৬>>৯৬ বীজ
এখন মোট বীজের সংখ্যা বের করতে গাছের প্রতিটি গ্রুপ থেকে বীজের সংখ্যা যোগ করুন: ৫৪ বীজ + ৯৬ বীজ = <<৫৪+৯৬=১৫০>>১৫০ বীজ
এখন পুষ্পবৃক্ষ বীজের সংখ্যাকে মোট বীজের সংখ্যা দিয়ে ভাগ করুন এবং পুষ্পবৃক্ষ থেকে আসা বীজের শতাংশ খুঁজে বের করতে উত্তরটিকে ১০০ দ্বারা গুণ করুন: ৯৬ বীজ / ১৫০ বীজ * ১০০% = ৬৪%
#### ৬৪"
reasoning-0188,reasoning_hallu-0036,hallucinated,arithmetic_slip,"যদি দিরাজের ৩০টি পেস্ট্রি থাকে, তাহলে মিশু এবং সেলিম উভয়েরই ৩০-৫ = <<৩০-৫=২৫>>২৫টি পেস্ট্রি আছে।
 মিশু এবং সেলিমের মোট পেস্ট্রির সংখ্যা হল ২৫+২৫ = <<২৫+২৫=৫০>>৫০
একসাথে, মিশু, সেলিম এবং দিরাজের ৫০+৩০ = <<৫০+৩০=৮০>>৮০টি পেস্ট্রি রয়েছে।
যেহেতু সেলিম এবং মিশু প্রত্যেকের ফ্রাঙ্কের চেয়ে ৮টি বেশি পেস্ট্রি রয়েছে, তাই ফ্র্যাঙ্কের ২৫-৮ = <<২৫-৮=১৭>>১৭টি পেস্ট্রি রয়েছে।
সব মিলিয়ে চারটির ১৭+৮০ = <<১৭+৮০=৯৭>>৯৭টি পেস্ট্রি আছে।
#### ৯৭"
reasoning-0189,reasoning_hallu-0068,hallucinated,formula_misapplication,"৳১০০/৳৫০ = <<১০০/৫০=২>>৳৫০ এর ২ টুকরা হবে যখন ৳১০০ কে ৳৫০ বিলে পরিবর্তন করা হবে।
৳১০০ এর অর্ধেক হল ৳১০০/২ = ৳<<১০০/২=৫০>>৫০।
তাই ৳৫০/৳১০ = <<৫০/১০=৫>>৳১০ এর ৫ টুকরা হবে যখন ৳৫০ কে ৳১০ বিলে পরিবর্তন করা হবে।
অবশিষ্ট ৳৫০ ৳৫ বিলে পরিবর্তিত হবে তাই ৳৫০/৳৫ = <<৫০/৫=১০>>৳৫ বিলের ১০ টুকরা থাকবে।
সুতরাং মোট, লরির ২ ৳৫০ বিল + ৫ ৳১০ বিল + ১০ ৳৫ বিল = <<২+৫+১০=১৭>>১৭ টি বিল থাকবে।
#### ১৭"
reasoning-0190,reasoning_hallu-0037,hallucinated,arithmetic_slip,"প্রথমে মূল্য এবং পরিমাণকে গুণ করে দুটি সাধারণ মূল্যের টিকিটের মূল্য গণনা করুন: ৳৫০ * ২ = ৳<<৫০*২=১০০>>১০০
তারপরে দুটি টিকিটের স্বাভাবিক মূল্যকে ২৪০% দ্বারা গুণ করে স্কাল্পারের প্রাথমিক জিজ্ঞাসার মূল্য গণনা করুন: ৳১০০ * ২.৪ = ৳<<১০০*২.৪=২৪০>>২৪০
তারপর ৳১০ ডিসকাউন্ট বিয়োগ করুন জেনা আলোচনা করেছেন: ৳২৪০ - ৳১০ = ৳<<২৪০-১০=২৩০>>২৩০
এখন জেনার বন্ধু তার চাকরির মাধ্যমে সাধারণ টিকিটের মূল্যকে ৬০% দ্বারা গুণ করে যে ডিসকাউন্ট টিকিটের মূল্য পায় তা গণনা করুন: ৳৫০*.৬ = ৳<<৫০*.৬=৩০>>৩০
অবশেষে, মোট খুঁজে পেতে সমস্ত টিকিটের মূল্য যোগ করুন: ৳১০০ + ৳২৩০ + ৳৩০ = ৳<<১০০+২৩০+৩০=৩৬০>>৩৬০
#### ৩৬০"
reasoning-0191,reasoning_hallu-0118,hallucinated,hallucinated_intermediate_fact,"মেইলম্যানের কাছে ৪৮টি জাঙ্ক মেইলের টুকরো / ৮টি ঘর = <<৪৮/৮=৬>>প্রতি বাড়িতে ৬ পিস।
সাদা মেইলবক্স সহ বাড়িতে ২ * ৬ পিস = <<২*৬=১২>>১২ টুকরো জাঙ্ক মেইল ​​পাওয়া যায়।
লাল মেইলবক্স সহ ঘরগুলি ৩ * ৬ পিস = <<৩*৬=১৮>>১৮ টুকরো জাঙ্ক মেইল ​​পায়।
লাল এবং সাদা মেইলবক্স সহ ঘরগুলি মোট ১২ + ১৮ = <<১২+১৮=৩০>>৩০ টুকরো জাঙ্ক মেইল ​​পাবে।
৩০/৫ = <<৩০/৫=৬>>প্রতিটি ৬ টুকরা জাঙ্ক মেইল পাবে
#### ৬"
reasoning-0192,reasoning_hallu-0165,hallucinated,invalid_deduction,"দ্বিতীয় বছরে, গাছটি ২ x ১.৫ = <<২*১.৫=৩>>৩ ফুট বড় হবে।
তৃতীয় বছরে, এটি ৩ x ১.৫ = <<৩*১.৫=৪.৫>>৪.৫ ফুট বৃদ্ধি পাবে।
চতুর্থ বছরে, এটি ৪.৫ x ২ = <<৪.৫*২=৯>>৯ ফুট বৃদ্ধি পাবে।
পঞ্চম বছরে, এটি ৯/২ = <<৯/২=৪.৫>>৪.৫ ফুট বৃদ্ধি পাবে।
প্রথম বছরের বৃদ্ধি সহ যখন গাছের বয়স ৫ বছর হয়, তখন এটি এই লম্বা হবে ২ + ৩ + ৪.৫ + ৯ + ৪.৫ = <<২+৩+৪.৫+৯+৪.৫=২৩>>২৩ ফুট।
#### ২৩"
reasoning-0193,reasoning_gold-0033,gold,gold,"তারা ৳২০.০০ আইটেমের ২০% ছাড় অনুমোদন করেছে তাই .২০*২০ = ৳<<২০*.০১*২০=৪.০০>>৪.০০
আইটেমটিতে ৳৪.০০ ছাড় রয়েছে যা তার চূড়ান্ত মোট ৳৫৪.০০ থেকে প্রয়োগ করা যেতে পারে তাই ৫৪-৪ = ৳<<৫৪-৪=৫০.০০>>৫০.০০
এখন সে তার ১০% কুপন ব্যবহার করতে পারে ৳৫০.০০ মোট তাই .১০*৫০ = ৳<<১০*.০১*৫০=৫.০০>>৫.০০
মোট ছিল ৳৫০.০০ কিন্তু তার ৳৫.০০ ছাড় এখন ৫০-৫ = ৳<<৫০-৫=৪৫.০০>>৪৫.০০ করে
#### ৪৫"
reasoning-0194,reasoning_hallu-0128,hallucinated,hallucinated_intermediate_fact,"যদি প্রতিটি স্যান্ডউইচে ৪ টি মরিচের স্ট্রিপ থাকে, এবং প্রতিটি মরিচ ৮ টি টুকরো করে, তাহলে প্রতিটি স্যান্ডউইচ ৪/৮=<<৪/৮=০.৫>>০.৫ মরিচ ব্যবহার করে।
যদি স্যান্ডউইচ দোকান প্রতি ৫ মিনিটে একটি স্যান্ডউইচ পরিবেশন করে, তাহলে প্রতি ঘন্টায় দোকানটি ৬০/৫=<<৬০/৫=১২>>১২টি স্যান্ডউইচ পরিবেশন করে।
এইভাবে, প্রতি ঘন্টায়, দোকানে ১২*০.৫=<<১২*০.৫=৬>>৬টি জালাপেনো মরিচ ব্যবহার করা হয়।
এবং একটি ৮-ঘন্টা দিনে, স্যান্ডউইচ দোকান ৮*৬=<<৮*৬=৪৮>>৪৮ জালাপেনো মরিচ ব্যবহার করে।
#### ৪৮"
reasoning-0195,reasoning_hallu-0168,hallucinated,invalid_deduction,"৳১০০ দিয়ে শুরু করে, তিনি কালামকে ৳২০ প্রদান করেন, তার সাথে ৳১০০-৳২০=৳<<১০০-২০=৮০>>৮০ রয়েছে।
৳২০ এর দ্বিগুণ হল ২*৳২০=৳<<২*২০=৪০>>৪০।
এইভাবে, তিনি হেলেনাকে ৳৪০ প্রদান করেন, তার কাছে ৳৮০-৳৪০=৳<<৮০-৪০=৪০>>৪০ রয়েছে।
বেনেজিরকে যতটা সে হেলেনাকে দিয়েছে তার অর্ধেক হল ৳৪০/২=৳<<৪০/২=২০>>২০।
এইভাবে, তিনি বেনেজিরকে ৳২০ প্রদান করেন, সমস্ত ঋণ পরিশোধ করার পর তার কাছে ৳৪০-৳২০=৳২০ আছে।
#### ২০"
reasoning-0196,reasoning_hallu-0200,hallucinated,invalid_deduction,"ছয়টি টি-শার্টের দাম ৬ x ৳৮ = ৳<<৬*৮=৪৮>>৪৮।
চারটি সোয়েটারের দাম ৪ x ৳১৮ = ৳<<৪*১৮=৭২>>৭২।
এবং পাঁচটি জ্যাকেটের দাম সাধারণত ৫ x ৳৮০ = ৳<<৫*৮০=৪০০>>৪০০।
সুতরাং, পাঁচটি জ্যাকেটের জন্য ১০/১০০ x ৳৪০০ = ৳<<১০/১০০*৪০০=৪০>>৪০ ছাড়৷
এইভাবে, পাঁচটি জ্যাকেটের বিক্রয় মূল্য হল ৳৪০০ - ৳৪০ = ৳<<৪০০-৪০=৩৬০>>৩৬০৷
সুতরাং, সমস্ত আইটেমের মোট খরচ হল ৳৪৮ + ৳৭২ + ৳৩৬০ = ৳<<৪৮+৭২+৩৬০=৪৮০>>৪৮০৷
বিক্রয় কর ৫/১০০ x ৳৪৮০ = ৳<<৫/১০০*৪৮০=২৪>>২৪ এর সমান।
অতএব, করণকে ৳৪৮০ + ৳২৪ = ৳<<৪৮০+২৪=৫০৪>>৫০৪ দিতে হবে। বিক্রয় কর সহ।
#### ৫০৪"
reasoning-0197,reasoning_hallu-0204,hallucinated,semantic_drift,"তার প্রতি কোয়ার্ট আইসক্রিমের জন্য ৪ কাপ স্ট্রবেরি প্রয়োজন এবং স্ট্রবেরি ২ কাপ প্যাকেজে বিক্রি হয়। তাই ৪/২ = <<৪/২=২>>২ প্যাকেজ স্ট্রবেরি
স্ট্রবেরির দাম প্রতি প্যাকেজ ৳৩.০০ এবং তার প্রয়োজন ২ তাই ৩*২=৳<<৩*২=৬.০০>>৬.০০
তার প্রতি কোয়ার্ট আইসক্রিমের জন্য ৪ কাপ রাস্পবেরি প্রয়োজন এবং রাস্পবেরিগুলি ২ কাপ প্যাকেজে বিক্রি হয়। তাই ৪/২ = <<৪/২=২>>২ প্যাকেজ রাস্পবেরি
রাস্পবেরির দাম প্রতি প্যাকেজ ৳৫.০০ এবং তার প্রয়োজন ২ তাই ৫*২ = ৳<<৫*২=১০.০০>>১০.০০
প্রতি কোয়ার্টের জন্য ২ কাপ ভারী ক্রিম প্রয়োজন এবং সে ২ কোয়ার্ট তৈরি করছে তাই ২*২ = <<২*২=৪>>৪ কোয়ার্টস
তিনি স্ট্রবেরির জন্য ৳৬.০০, রাস্পবেরির জন্য ৳১০.০০ এবং ভারী ক্রিমের জন্য ৳৪.০০ খরচ করবেন যা মোট খরচ করবে ৬+১০+৪ = ৳<<৬+১০+৪=২০.০০>>২০.০০
#### ২০"
reasoning-0198,reasoning_gold-0015,gold,gold,"২০০ জন শিক্ষার্থীর মধ্যে যারা ক্লাসে অংশ নিয়েছিল, তাদের অর্ধেক রঙিন লিপস্টিক পরেছিল, অথবা ২০০/২=<<২০০/২=১০০>>১০০ জন শিক্ষার্থী রঙিন লিপস্টিক পরেছিল।
যে সমস্ত ছাত্রীরা লিপস্টিক পরেছিল, তাদের মধ্যে এক চতুর্থাংশ লাল লিপস্টিক পরেছিল, বা ১০০/৪=<<১০০/৪=২৫>>২৫ জন ছাত্র লাল লিপস্টিক পরেছিল।
যেহেতু লাল লিপস্টিক পরা যত ছাত্রী নীল লিপস্টিক পরেছিল তার এক-পঞ্চমাংশ ছিল, তারপর ২৫/৫=<<২৫/৫=৫>>৫ জন ছাত্রী নীল লিপস্টিক পরেছিল।
#### ৫"
reasoning-0199,reasoning_hallu-0146,hallucinated,hallucinated_intermediate_fact,"৫-স্টার রেটিং এর জন্য মোট তারা হল ৬ x ৫ = <<৬*৫=৩০>>৩০ তারা।
৪-স্টার রেটিং এর জন্য মোট তারা হল ৭ x ৪ = <<৭*৪=২৮>>২৮ তারা।
৩-স্টার রেটিং এর জন্য মোট তারা হল ৪ x ৩ = <<৪*৩=১২>>১২ তারা।
২-স্টার রেটিং এর জন্য মোট তারা হল ১ x ২ = <<১*২=২>>২ তারা।
প্রাপ্ত মোট তারা হল ৩০ + ২৮ + ১২ + ২ = <<৩০+২৮+১২+২=৭২>>৭২।
গড় রেটিং হল ৭২/১৮ = <<৭২/১৮=৪>>৪ স্টার।
#### ৪"
reasoning-0200,reasoning_hallu-0055,hallucinated,formula_misapplication,"আমরা জানি যে জোশী তাদের বিয়ে করার সময় তার বয়সের থেকে ৩০ বছর বড় হতে হবে, তাই তার বয়স ৩০ + ২২ = <<৩০+২২=৫২>>আজ ৫২ বছর
যদি তাদের বর্তমান মিলিত বয়স জোশীর বয়সের ৫ গুণ হয় যখন তারা বিয়ে করেছিল (২২), তাহলে তাদের মোট মিলিত বয়স ৫ * ২২ = <<৫*২২=১১০>>১১০ বছর
তার মানে আনার বয়স ১১০ - ৫২ = <<১১০-৫২=৫৮>>আজ ৫৮ বছর হতে হবে
যদি তারা ৩০ বছর আগে বিয়ে করে থাকে, তাহলে আনার বয়স অবশ্যই ৫৮ - ৩০ = <<৫৮-৩০=২৮>>২৮ বছর হবে
#### ২৮"
reasoning-0201,reasoning_gold-0040,gold,gold,"এক সপ্তাহে ১টি শনিবার থাকে এবং মাসে ৪টি সপ্তাহ থাকে তাই ১*৪= <<১*৪=৪>>মাসে ৪টি শনিবার থাকে (গড়ে)
কান্তা যদি প্রতি শনিবার নিজেকে ২টি চকলেট কেনে তাহলে এর অর্থ হল সে প্রতি মাসের জন্য ২*৪=<<২*৪=৮>>৮টি চকলেট কেনে।
কান্তনাও এই ট্রিপে তার বোনকে ১টি চকলেট কিনে দেয় তাই সে মাসের জন্য তার বোনের জন্য অতিরিক্ত ১*৪=<<১*৪=৪>>৪টি অতিরিক্ত চকলেট সংগ্রহ করছে।
কান্তা তার বন্ধু চয়নের জন্মদিনের জন্য কিছু চকলেট কেনার সিদ্ধান্ত নিয়েছে। তিনি চয়নকে ১০ চকলেট কিনে দিয়েছিলেন। এর মানে হল যে মাসে সে চয়নের জন্য ১০টি চকলেট, তার বোনের জন্য ৪টি চকলেট এবং নিজের জন্য ৮টি চকলেট কিনেছিল, ১০+৪+৮= <<১০+৪+৮=২২>>মাসের জন্য মোট ২২টি চকলেট কেনা .
#### ২২"
reasoning-0202,reasoning_gold-0029,gold,gold,"১২টি সিজন সহ প্রথম মুভি সিরিজে, যান্ত্রিক ব্যর্থতার পরে, সাফা হারিয়ে যাওয়া পর্বের সংখ্যা হল ২*১২ = <<২*১২=২৪>>২৪
মূলত, ১২টি সিজন সহ মুভি সিরিজের ১২*১৬ = <<১২*১৬=১৯২>>১৯২ পর্ব ছিল।
যান্ত্রিক ব্যর্থতার পর, কোরির প্রথম মুভি সিরিজে ১৯২-২৪ = <<১৯২-২৪=১৬৮>>১৬৮ পর্ব বাকি ছিল।
একইভাবে, ১৪ সিজন মুভি সিরিজেও ১৪*২ = <<১৪*২=২৮>>২৮ কম্পিউটারের যান্ত্রিক ব্যর্থতার পরে হারিয়ে গেছে।
মূলত, ১৪টি সিজন সহ মুভি সিরিজে ১৪*১৬ = <<১৪*১৬=২২৪>>২২৪ পর্ব রয়েছে।
কম্পিউটারের যান্ত্রিক ব্যর্থতার কারণে ১৪ সিজন মুভি সিরিজের পর্বের সংখ্যা ২২৪-২৮ = <<২২৪-২৮=১৯৬>>১৯৬ এ কমে গেছে
হারের পর, সাফার ডাউনলোড করা দুটি মুভি সিরিজ থেকে ১৯৬+১৬৮ = <<১৯৬+১৬৮=৩৬৪>>৩৬৪টি পর্ব বাকি ছিল।
#### ৩৬৪"
reasoning-0203,reasoning_hallu-0103,hallucinated,hallucinated_intermediate_fact,"হাসপাতালের বিলের জন্য দম্পতি যে পরিমাণ কভার করবে তা হল ৳১২৮/২ = ৳<<১২৮/২=৬৪>>৬৪৷
দম্পতির মোট খরচ (কর্মচারীর বেতন এবং হাসপাতালের বিল) হল ৳১৬০ + ৳৬৪ = ৳<<১৬০+৬৪=২২৪>>২২৪৷
সুতরাং তাদের প্রত্যেকের উচিত ৳২২৪/২ = ৳<<২২৪/২=১১২>>মোট ১১২ টাকা দেওয়া।
যেহেতু স্বামী ইতিমধ্যেই হাসপাতালের বিলের পুরো অর্ধেক পরিশোধ করেছেন (৳৬৪), তাকে এখনও ৳১১২ - ৳৬৪ = ৳<<৪৮=৪৮>>৪৮৳ দিতে হবে৷
#### ৪৮"
reasoning-0204,reasoning_hallu-0081,hallucinated,formula_misapplication,"প্রথম দুটি ট্যাঙ্কের প্রয়োজন ৮ x ২ = <<৮*২=১৬>>১৬ গ্যালন জল।
অন্য দুটি ট্যাঙ্কের জন্য ৮ - ২ = <<৮-২=৬>>৬ গ্যালন জল প্রয়োজন।
সুতরাং, অন্য দুটি ট্যাঙ্কের প্রয়োজন ৬ x ২ = <<৬*২=১২>>১২ গ্যালন জল।
নিরবের চারটি ট্যাঙ্কের জন্য প্রতি সপ্তাহে ১৬ + ১২ = <<১৬+১২=২৮>>২৮ গ্যালন জল প্রয়োজন৷
অতএব, তার চার সপ্তাহে মোট ২৮ x ৪ = <<২৮*৪=১১২>>১১২ গ্যালন জল প্রয়োজন।
#### ১১২"
reasoning-0205,reasoning_hallu-0009,hallucinated,arithmetic_slip,"হাতেম প্রতিটি ৳৫ এর বিনিময়ে ২টি পোস্টার কিনছে, তাই পোস্টারগুলির জন্য খরচ হবে ২*৳৫= ৳<<২*৫=১০>>১০টি পোস্টারের মোট খরচ৷
হাতেম ৩টি নোটবুক প্রতিটি ৳৪-এ কিনছে, তাই নোটবুকের দাম পড়বে ৩*৳৪= ৳<<৩*৪=১২>>নোটবুকের জন্য মোট ১২ টাকা।
হাতেম ২টি নোটবুক কিনছে ৳২, তাই বুকমার্ক ২*৳২= ৳<<২*২=৪>>৪ বুকমার্কের জন্য মোট খরচ।
যেহেতু হাতেম পোস্টারের জন্য ৳১০, নোটবুকের জন্য ৳১২ এবং বুকমার্কের জন্য ৳৪ দিচ্ছে, তাই তার মোট ক্রয়ের খরচ হবে ৳১০+৳১২+৳৪=৳<<১০+১২+৪=২৬>>২৬ মোট ক্রয় খরচ৷
হাতেমের মা তাকে ২ টি ৳২০ নোট দিয়েছেন, তাই তিনি ২*৳২০=৳<<২*২০=৪০>>৪০ মোট পেমেন্ট দিয়ে দেবেন।
যেহেতু হুইটনি ৳৪০ দিয়ে অর্থ প্রদান করছে এবং তার ক্রয় খরচ হবে ৳২৬, তার কাছে ৳৪০-৳২৬= ৳<<৪০-২৬=১৪>>ক্রয়ের পরে ১৪ বাকি থাকবে৷
#### ১৪"
reasoning-0206,reasoning_hallu-0249,hallucinated,semantic_drift,"প্রথমে কত মাস লোন চলে তা খুঁজে বের করুন: ২০ বছর * ১২ মাস/বছর = <<২০*১২=২৪০>>২৪০ মাস
তারপর সুদের আগে মাসিক পেমেন্ট খুঁজে পেতে পেমেন্টের সংখ্যা দিয়ে বাড়ির খরচ ভাগ করুন: ৳৪৮০,০০০ / ২৪০ মাস = ৳<<৪৮০০০০/২৪০=২০০০>>২০০০/মাস
তারপর ট্রেলারে সুদের আগে মাসিক অর্থপ্রদান খুঁজতে একই কাজ করুন: ৳১২০,০০০ / ২৪০ মাস = ৳<<১২০০০০/২৪০=৫০০>>৫০০/মাস
তারপর পার্থক্য খুঁজতে বাড়ির পেমেন্টের খরচ থেকে ট্রেলার পেমেন্টের খরচ বিয়োগ করুন: ৳২০০০/মাস - ৳৫০০/মাস = ৳<<২০০০-৫০০=১৫০০>>১৫০০/মাস
#### ১৫০০"
reasoning-0207,reasoning_hallu-0015,hallucinated,arithmetic_slip,"মাহির গণিতের চেয়ে সংগীতে বেশি স্কোর করেছে ১/১০ * ৭০ = <<১/১০*৭০=৭>>৭ নম্বর।
সুতরাং গণিতে তার মোট নম্বর হল ৭০ - ৭ = <<৭০-৭=৬৩>>৬৩ নম্বর।
যদি সে চারুকলার তুলনায় গণিতে ২০ নম্বর কম স্কোর করে, তাহলে সে ৬৩ + ২০ = <<৬৩+২০=৮৩>>৮৩ নম্বর পেয়েছে।
যদি সে সংগীতের তুলনায় সোশ্যাল স্টাডিজে ১০ নম্বর বেশি স্কোর করে, তাহলে সে ৭০ + ১০ = <<১০+৭০=৮০>>সোশ্যাল স্টাডিজে ৮০ নম্বর পেয়েছে।
সমস্ত বিষয়ের জন্য মোট নম্বর ৭০ + ৬৩ + ৮৩ + ৮০ = <<৭০+৬৩+৮৩+৮০=২৯৬>>২৯৬ নম্বর।
#### ২৯৬"
reasoning-0208,reasoning_hallu-0199,hallucinated,invalid_deduction,"যদি পরিচ্ছন্নতা প্রক্রিয়ায় জড়িত প্রাপ্তবয়স্ক পুরুষদের সংখ্যা সম্প্রদায়ের সদস্যদের ৩০% হয়, তাহলে অনুষ্ঠানে ৩০/১০০*২০০০ = <<৩০/১০০*২০০০=৬০০>>৬০০ জন প্রাপ্তবয়স্ক পুরুষ ছিল।
ইভেন্টে প্রাপ্তবয়স্ক পুরুষদের তুলনায় দ্বিগুণ প্রাপ্তবয়স্ক মহিলাও ছিলেন, মোট ২*৬০০ = <<২*৬০০=১২০০>>১২০০ জন মহিলা৷
ইভেন্টে প্রাপ্তবয়স্কদের মোট সংখ্যা ছিল ১২০০+৬০০= <<১২০০+৬০০=১৮০০>>১৮০০
ক্লিনিং ইভেন্টের বাকি লোকেরা যদি শিশু হয়, তাহলে ইভেন্টে ২০০০-১৮০০ = <<২০০০-১৮০০=২০০>>২০০ জন শিশু ছিল।
#### ২০০"
reasoning-0209,reasoning_hallu-0197,hallucinated,invalid_deduction,"রানা  শিকার করে ১/২ * ৬ প্রাণী/দিন = <<১/২*৬=৩>>৩টি প্রাণী/দিন।
রানা  এবং সামিউল  ৩টি প্রাণী/দিন + ৬টি প্রাণী/দিন = <<৩+৬=৯>>৯টি প্রাণী/দিন শিকার করে।
মনু  ১/৩ * ৯টি প্রাণী/দিন = <<১/৩*৯=৩>>এক দিনে ৩টি প্রাণী শিকার করে।
পাপন  ৩ * ৩ প্রাণী/দিন = <<৩*৩=৯>>দিনে ৯টি প্রাণী শিকার করে।
তারা সব মিলিয়ে দিনে ৬টি প্রাণী/দিন + ৩টি প্রাণী/দিন + ৩টি প্রাণী/দিন + ৯টি প্রাণী/দিন = <<৬+৩+৩+৯=২১>>২১টি প্রাণী শিকার করে।
#### ২১"
reasoning-0210,reasoning_hallu-0084,hallucinated,formula_misapplication,"সাফা দুই জোড়া স্যান্ডেলের জন্য ৳২১*৪ = ৳<<২১*৪=৮৪>>৮৪ লাভ করে।
সাফা ৳৮৪/২ জোড়া = ৳<<৮৪/২=৪২>>জুতা প্রতি জোড়া লাভ ৪২ করে।
সাফা ৳২১/৩ শার্ট = ৳<<২১/৩=৭>>প্রতি শার্টে ৭ লাভ করে।
সাতটি শার্টের জন্য, সাফা ৭ টি শার্ট তৈরি করবে * ৳৭ = ৳<<৭*৭=৪৯>>৪৯ লাভের।
তিন জোড়া স্যান্ডেলের জন্য, সাফা ৩ জোড়া * ৳৪২/পেয়ার = ৳<<৩*৪২=১২৬>>১২৬ লাভ করবে৷
সাফা মোট ৳৪৯ + ৳১২৬ = ৳<<৪৯+১২৬=১৭৫>>১৭৫ লাভ করবে।
#### ১৭৫"
reasoning-0211,reasoning_hallu-0176,hallucinated,invalid_deduction,"যদি ১ম দ্রুততম কুকুর ১০ বছর বয়সী হয়, এবং ২য় দ্রুততম কুকুরটি প্রথম দ্রুততম কুকুরের থেকে ২ বছরের ছোট হয়, তাহলে ২য় দ্রুততম কুকুরটির বয়স ১০-২=<<১০-২=৮>>৮ বছর।
৩য় দ্রুততম কুকুরটি ২য় দ্রুততম কুকুরের চেয়ে ৪ বছরের বড়, ৮+৪=১২ বছর বয়সী।
৪র্থ দ্রুততম কুকুরটির বয়স ৩য় দ্রুততম কুকুরের অর্ধেক, অর্থাৎ ৪র্থ দ্রুততম কুকুরটির বয়স ১/২*১২=৬ বছর।
৫তম দ্রুততম কুকুরটি ৪র্থ দ্রুততম কুকুরের চেয়ে ২০ বছরের বড়, অর্থাৎ ৫তম দ্রুততম কুকুরটির বয়স ৬+২০=২৬ বছর।
১ম এবং ৫ম দ্রুততম কুকুরের মোট বয়স হল ২৬+১০=<<২৬+১০=৩৬>>৩৬ বছর
১ম এবং ৫ম দ্রুততম কুকুরের গড় বয়স ৩৬/২=<<৩৬/২=১৮>>১৮ বছর।
#### ১৮"
reasoning-0212,reasoning_hallu-0057,hallucinated,formula_misapplication,"প্রথমে সমস্ত তাকগুলিতে ফিট হতে পারে এমন রেকর্ডের মোট সংখ্যা খুঁজুন: ৪ কেস * ৩ তাক/কেস * ২০ রেকর্ড/শেল্ফ = <<৪*৩*২০=২৪০>>২৪০ রেকর্ড
তারপরে তাকগুলিতে থাকা রেকর্ডের সংখ্যা খুঁজে পেতে সেই সংখ্যাটিকে ৬০% দ্বারা গুণ করুন: ২৪০ রেকর্ড * ৬০% = <<২৪০*৬০*.০১=১৪৪>>১৪৪ রেকর্ড
তারপরে সমস্ত রেকর্ডে শিলাগুলির সংখ্যা খুঁজে পেতে সেই সংখ্যাটিকে ৬০ দ্বারা গুণ করুন: ১৪৪ রেকর্ড * ৬০ রিজ/রেকর্ড = <<১৪৪*৬০=৮৬৪০>>৮৬৪০ রিজ
#### ৮৬৪০"
reasoning-0213,reasoning_gold-0023,gold,gold,"প্রথমে, আমাদের নির্ধারণ করতে হবে রফিক কত পয়েন্ট  অর্জন রেছে। এটি করার জন্য আমরা ২০/২=<<২০/২=১০>>১০ পয়েন্ট অর্জন করি যেহেতু রফিক লতিফ এর  অর্ধেক স্কোর করেছে।
তারপর, অন্য সতীর্থের পয়েন্ট খুঁজে বের করতে আমরা ১০*৬=<<১০*৬=৬০>>৬০ পয়েন্ট অর্জন  করেছি, কারণ তারা রাইটির চেয়ে ৬ গুণ স্কোর করেছে।
তারপরে আমরা তিনজন সতীর্থের পয়েন্ট একসাথে যোগ করি, গড় বের করার প্রথম ধাপ হিসেবে ২০+১০+৬০=<<২০+১০+৬০=৯০>>৯০ পয়েন্ট করে।
তারপরে আমরা এই যোগফলকে মোট খেলোয়াড়ের সংখ্যা দিয়ে ভাগ করি, আমরা প্রতি খেলোয়াড় ৯০/৩=<<৯০/৩=৩০>>৩০ পয়েন্ট পাচ্ছি
#### ৩০"
reasoning-0214,reasoning_gold-0014,gold,gold,"যদি জনাবা সারমিন এর ক্লাসে ৩০ জন ছাত্র থাকে এবং ছেলেদের সংখ্যা ১০ হয়, তাহলে মিস লিচ ক্লাসে মেয়েদের সংখ্যা ৩০-১০=<<৩০-১০=২০>>২০
যদি প্রতিটি ছেলে বিজ্ঞান কার্যকলাপের জন্য ৫ কাপ নিয়ে আসে, ছেলেদের মোট কাপের সংখ্যা ৫*১০=<<৫*১০=৫০>>৫০ কাপ।
মেয়েরা যে কাপ নিয়ে এসেছে তার সংখ্যা মোট সংখ্যার ৯০-৫০=<<৯০-৫০=৪০>>৪০।
যেহেতু ক্লাসে মেয়েদের সংখ্যা ২০, প্রতিটি মেয়ে ৪০/২০=২ কাপ নিয়ে এসেছে।
#### ২"
reasoning-0215,reasoning_hallu-0164,hallucinated,invalid_deduction,"প্রথমে খুঁজে বের করি দ্বিতীয় কেন্দ্র প্রতিদিন কতগুলি প্যাকেজ প্রসেস করে: ১০০০০ প্যাকেজ/দিন * ৩ = <<১০০০০*৩=৩০০০০>>৩০০০০ প্যাকেজ/দিন
তারপর প্যাকেজ যোগ করি প্রথম কেন্দ্র প্রক্রিয়া: ৩০০০০ প্যাকেজ/দিন + ১০০০০ প্যাকেজ/দিন = <<৩০০০০+১০০০০=৪০০০০>>৪০০০০ প্যাকেজ/দিন
তারপরে অ্যামাজনের দৈনিক লাভ খুঁজে পেতে প্যাকেজ প্রতি প্যাকেজের মুনাফা দ্বারা গুন করি: ৪০০০০ প্যাকেজ/দিন * ৳০.০৫/প্যাকেজ = ৳২০০০/দিন
তারপর সাপ্তাহিক লাভ খুঁজে পেতে দৈনিক লাভকে সপ্তাহে দিনের সংখ্যা দিয়ে গুণ করি: ৳২০০০/দিন * ৭ দিন/সপ্তাহ = ৳<<২০০০*৭=১৪০০০>>১৪০০০/সপ্তাহ
#### ১৪০০০"
reasoning-0216,reasoning_hallu-0070,hallucinated,formula_misapplication,"শহরটি বছরে ৮০০ পাউন্ড কার্বন নির্গত করত কারণ ৮০ x ১০ = <<৮০*১০=৮০০>>৮০০
২০ এখন বাসে উঠুন কারণ ৮০ x .২৫ = <<৮০*.২৫=২০>>২০
৬০ জন এখনও গাড়ি চালায় কারণ ৮০ - ২০ = <<৮০-২০=৬০>>৬০
এই ৬০ জন মানুষ ৬০০ পাউন্ড কার্বন তৈরি করে কারণ ৬০ x ১০ = <<৬০*১০=৬০০>>৬০০
শহরটি এখন ৭০০ পাউন্ড কার্বন নির্গত করে কারণ ১০০ + ৬০০ = <<১০০+৬০০=৭০০>>৭০০
শহরটি এখন ১০০ পাউন্ড কম কার্বন নির্গত করে কারণ ৮০০ - ৭০০ = <<৮০০-৭০০=১০০>>১০০
#### ১০০"
reasoning-0217,reasoning_hallu-0241,hallucinated,semantic_drift,"প্রথমে গাজরে ক্যালোরির সংখ্যা খুঁজুন: ৫০ ক্যালোরি * ২ = <<৫০*২=১০০>>১০০ ক্যালোরি
তারপর সালাদে মোট ক্যালোরি খুঁজুন: ১০০ ক্যালোরি + ৫০ ক্যালোরি + ২১০ ক্যালোরি = <<১০০+৫০+২১০=৩৬০>>৩৬০ ক্যালোরি
তারপর পেপারোনিতে ক্যালোরির সংখ্যা খুঁজুন: ১/৩ * ৬০০ ক্যালোরি = <<১/৩*৬০০=২০০>>২০০ ক্যালোরি
এখন পিজ্জাতে মোট ক্যালোরির সংখ্যা খুঁজুন: ২০০ ক্যালোরি + ৬০০ ক্যালোরি + ৪০০ ক্যালোরি = <<২০০+৬০০+৪০০=১২০০>>১২০০ ক্যালোরি
এখন জোহানের সালাদের অংশে কত ক্যালোরি আছে তা খুঁজুন: ৩৬০ ক্যালোরি * ১/৪ = <<৩৬০*১/৪=৯০>>৯০ ক্যালোরি
এখন পিজ্জার জোহানের অংশে কত ক্যালোরি আছে তা খুঁজুন: ১২০০ ক্যালোরি * ১/৫ = <<১২০০*১/৫=২৪০>>২৪০ ক্যালোরি
এখন জোহান খেয়েছেন মোট ক্যালোরি খুঁজুন: ৯০ ক্যালোরি + ২৪০ ক্যালোরি = <<৯০+২৪০=৩৩০>>৩৩০ ক্যালোরি
#### ৩৩০"
reasoning-0218,reasoning_hallu-0119,hallucinated,hallucinated_intermediate_fact,"এক বছর পর, স্কিম 'ক' তার মূলধনের ৩০% লাভ করবে যা (৩০/১০০)*৳৩০০ = ৳<<৩০/১০০*৩০০=৯০>>৯০
তার মূলধন ছাড়াও, ক স্কিমে তার ৳৯০+৳৩০০ = ৳<<৯০+৩০০=৩৯০>>৩৯০ থাকবে
এক বছর পর, স্কিম খ তার মূলধনের ৫০% লাভ করবে যা (৫০/১০০)*৳২০০ = ৳<<৫০*.০১*২০০=১০০>>১০০
তার মূলধন ছাড়াও, খ স্কিমে তার ৳১০০+৳২০০ = ৳<<১০০+২০০=৩০০>>৩০০ থাকবে
এক বছর পর, তার কাছে ৳৩৯০-৳৩০০ = ৳<<৩৯০-৩০০=৯০>>স্কিম ক-তে ৯০ টাকা থাকবে খ স্কিমের চেয়ে বেশি
#### ৯০"
reasoning-0219,reasoning_hallu-0235,hallucinated,semantic_drift,"প্রথমে বিড়ালের সংখ্যা খুঁজে বের করুন যেগুলি মহিলা: ৬ বিড়াল / ২ = <<৬/২=৩>>৩টি বিড়াল
তারপরে জন্মানো বিড়ালছানার মোট সংখ্যা খুঁজুন: ৭টি বিড়াল/বিড়াল * ৩টি বিড়াল = <<৭*৩=২১>>২১টি বিড়ালছানা
তারপর বিক্রি হওয়া ৯টি বিড়ালছানা বিয়োগ করুন: ২১ বিড়ালছানা - ৯ বিড়ালছানা = <<২১-৯=১২>>১২টি বিড়ালছানা
তারপর প্রাপ্তবয়স্ক বিড়ালের সংখ্যার সাথে বিড়ালছানার সংখ্যা যোগ করে মোট বিড়ালের সংখ্যা বের করুন: ১২টি বিড়াল + ৬টি বিড়াল = <<১২+৬=১৮>>১৮টি বিড়াল
তারপর বিড়ালছানাদের সংখ্যাকে বিড়ালের মোট সংখ্যা দিয়ে ভাগ করুন এবং ১০০% দ্বারা গুন করুন বিড়ালের বিড়ালের শতকরা হার খুঁজে বের করুন: ১২টি বিড়াল / ১৮টি বিড়াল * ১০০% = ৬৬.৬৬৬...%, যা ৬৭% পর্যন্ত হয়
#### ৬৭"
reasoning-0220,reasoning_hallu-0063,hallucinated,formula_misapplication,"লাবিবের বাবা-মা তাকে ১ + ৪ = <<১+৪=৫>>৫ ৳৫০ বিল দিয়েছেন।
এই ৳৫০ বিলের পরিমাণ ৳৫০ x ৫ = ৳<<৫০*৫=২৫০>>২৫০।
তার বাবা-মা তাকে ২ + ১ = <<২+১=৩>>৩ ৳২০ বিল দিয়েছেন।
এই ৳২০ বিলের পরিমাণ ৳২০ x ৩ = ৳<<২০*৩=৬০>>৬০।
তার বাবা-মা তাকে ৩ + ১ = <<৩+১=৪>>৪ ৳১০ বিল দিয়েছেন।
এই ৳১০ বিলের পরিমাণ ৳১০ x ৪ = ৳<<১০*৪=৪০>>৪০।
তাই, লাবিবের স্কুল ফি হল ৳২৫০ + ৳৬০ + ৳৪০ = ৳<<২৫০+৬০+৪০=৩৫০>>৩৫০৷
#### ৩৫০"
reasoning-0221,reasoning_hallu-0187,hallucinated,invalid_deduction,"যখন তারা প্রথম রাউন্ডে ৪০০টি আপেল বাছাই করেছিল, তখন তারা মোট ২*৪০০ = <<২*৪০০=৮০০>>৮০০টি আপেল বাছাই করেছিল।
তারা দ্বিতীয় রাউন্ডে ৩/৪*৪০০ = <<৩/৪*৪০০=৩০০>>৩০০টি আপেল বাছাই করেছে।
দ্বিতীয় রাউন্ডে তাদের বাছাই করা আপেলের মোট সংখ্যা হল ২*৩০০ = <<২*৩০০=৬০০>>৬০০
তারা এখন পর্যন্ত বাছাই করা আপেলের মোট সংখ্যা ৮০০+৬০০ = <<৮০০+৬০০=১৪০০>>১৪০০
যখন তারা আপেল বহনকারী পিকআপ ট্রাকটি চেক করে, তখন তারা দেখতে পায় যে তাদের লক্ষ্য সংখ্যায় পৌঁছানোর জন্য তাদের এখনও ৬০০টি করে আপেল নিতে হবে, মোট ২*৬০০= <<২*৬০০=১২০০>>১২০০
তাদের বাছাই করা আপেলের টার্গেট সংখ্যা হল ১২০০+১৪০০ = <<১২০০+১৪০০=২৬০০>>২৬০০
#### ২৬০০"
reasoning-0222,reasoning_hallu-0137,hallucinated,hallucinated_intermediate_fact,"আমরা জানি যে আনিকা ভ্রমণে যে সময় ব্যয় করে তা জামির ভ্রমণ সময়ের চেয়ে ২০ মিনিট কম, সুতরাং সমীকরণ ধরা যেতে পারে,  'আ = জ - ২০'
আমরা আরও জানি যে উভয়ের ভ্রমণের দূরত্ব সমান, তাই তাদের গতির সময় তাদের ভ্রমণের সময় সমান হতে হবে: ১৫জ= ৪৫আ
প্রথম সমীকরণটিকে দ্বিতীয় সমীকরণে প্রতিস্থাপন করলে, আমরা ১৫জ = ৪৫(জ - ২০) পাব।
বন্ধনীর মাধ্যমে গুণ করলে আমরা ১৫ জ = ৪৫জ - ৯০০ পাব
উভয় দিক থেকে ৪৫ জ বিয়োগ করলে আমরা -৩০জ = -৯০০ পাব
উভয় পক্ষকে -৩০ দ্বারা ভাগ করলে আমরা জ = ৩০ পাব
যেহেতু আনিকা জামির থেকে ২০ মিনিট কম ভ্রমণ করেন, তাই তিনি ৩০ মিনিট - ২০ মিনিট = <<২০-১০=১০>>১০ মিনিট ভ্রমণ করেছিলেন
#### ১০"
reasoning-0223,reasoning_hallu-0044,hallucinated,arithmetic_slip,"যদি পার্কে ২০০টি সিংহ থাকে, যা পার্কে চিতাবাঘের সংখ্যার দ্বিগুণ, তাহলে পার্কে ২০০/২ = <<২০০/২=১০০>>১০০টি চিতাবাঘ আছে।
পার্কে সিংহ ও চিতাবাঘের মোট জনসংখ্যা হল ২০০টি সিংহ + ১০০টি চিতাবাঘ = <<২০০+১০০=৩০০>>৩০০
পার্কে হাতির সংখ্যা সিংহ এবং চিতাবাঘের মোট জনসংখ্যার ১/২; এইভাবে, পার্কে ৩০০/২ = <<৩০০/২=১৫০>>১৫০টি হাতি আছে।
পার্কে মোট ১৫০+৩০০ = <<১৫০+৩০০=৪৫০>>৪৫০টি প্রাণী রয়েছে।
#### ৪৫০"
reasoning-0224,reasoning_hallu-0238,hallucinated,semantic_drift,"যদি এক মাসের প্রথম সপ্তাহে অনাহির কাছে ৪টি কলম থাকে, তাহলে দ্বিতীয় সপ্তাহে তার ৪*২ = <<৪*২=৮>>৮টি কলম থাকবে।
তৃতীয় সপ্তাহে তার কলম সংগ্রহ দ্বিগুণ হওয়ার পরে, অনাহির ২*৮ = <<২*৮=১৬>>১৬ কলম থাকবে।
মাসের শেষ সপ্তাহে, অনাহির কলম সংগ্রহের পরে ২*১৬ = <<২*১৬=৩২>>৩২টি কলম থাকবে।
যদি এক মাস পরে জেনের কাছে ১৬টি কলম থাকে, তবে অনাহির কাছে ৩২-১৬ = <<৩২-১৬=১৬>>জেনের থেকে ১৬টি বেশি কলম থাকবে৷
#### ১৬"
reasoning-0225,reasoning_hallu-0156,hallucinated,invalid_deduction,"মোট ৪ টি টিম আছে * প্রতি টিমে ১০ জন সদস্য = <<৪*১০=৪০>>৪০ টি টিম ।
প্রতিটি ব্যক্তি ১ জোড়া প্রতিযোগী রোলার স্কেট + ১ জোড়া ব্যাকআপ রোলার স্কেট = <<১+১=২>>২ জোড়া রোলার স্কেট পায়।
তাই মোট ৪০ টি দলের সদস্য রয়েছে * প্রতি দলের সদস্যের জন্য ২ জোড়া রোলার স্কেট = <<৪০*২=৮০>>৮০ টি রোলার স্কেট।
তাই ৮০টি রোলার স্কেট ছিল * রোলার স্কেটের জোড়া প্রতি লেসের ৩ সেট = <<৮০*৩=২৪০>>২৪০ সেট লেইস হস্তান্তর করা হয়েছে।
#### ২৪০"
reasoning-0226,reasoning_hallu-0019,hallucinated,arithmetic_slip,"প্রথমে খুঁজে বের করুন রোলার কোস্টারের জন্য তার কয়টি টিকিট লাগবে: ৫ টি টিকিট/ রাইড * ৭ টি রাইড = <<৫*৭=৩৫>>৩৫ টি টিকিট
তারপর জায়ান্ট স্লাইডের জন্য তার কয়টি টিকিট প্রয়োজন তা খুঁজুন: ৩ টি টিকিট/ রাইড * ৪ রাইড = <<৩*৪=১২>>১২ টি টিকিট
তারপর তার প্রয়োজনীয় মোট টিকিটের সংখ্যা খুঁজে পেতে প্রতিটি রাইডের জন্য তার প্রয়োজনীয় টিকিটের সংখ্যা যোগ করুন: ১২ টি টিকিট + ৩৫ টি টিকিট = <<১২+৩৫=৪৭>>৪৭ টি টিকিট
#### ৪৭"
reasoning-0227,reasoning_hallu-0166,hallucinated,invalid_deduction,"তারা ক্যাশিয়ারকে ৳২০ x ২ = ৳<<২০*২=৪০>>৪০ দিয়েছে।
যেহেতু ৳১  ফেরত দেওয়া হয়েছে, এর মানে হল টিকিটের দাম ৳৪০ - ৳১ = ৳<<৪০-১=৩৯>>৩৯৷
দুটি প্রাপ্তবয়স্ক টিকিটের দাম ৳৯ x ২ = ৳<<৯*২=১৮>>১৮৷
তাই, ৳৩৯ - ৳১৮ = ৳<<৩৯-১৮=২১>>২১ বাচ্চাদের টিকিটের জন্য খরচ হয়েছে।
প্রতিটি শিশুর টিকিটের দাম ৳৯ - ৳২ = ৳<<৯-২=৭>>৭।
অতএব, ৳২১/৳৭ = <<২১/৭=৩>>৩টি শিশু আছে।
#### ৩"
reasoning-0228,reasoning_gold-0024,gold,gold,"তামিম এবং তার বন্ধুরা ১/৪*২০০ = <<১/৪*২০০=৫০>>৫০ টি বার নিয়েছিল।
বাক্সে বাকি বারের মোট সংখ্যা ছিল ২০০-৫০ = <<২০০-৫০=১৫০>>১৫০ টি বার।
যেহেতু তাদের মধ্যে পাঁচটি ভাগ রয়েছে, তাদের প্রত্যেকে ৫০/৫ = <<৫০/৫=১০>>১০টি বার পেয়েছে।
বন্ধু ৫টি বার ফেরত দেওয়ার পরে, বাক্সে ১৫০ + ৫ = <<১৫০+৫=১৫৫>>১৫৫টি বার ছিল৷
উপমা পাঁচটি কম বার নিয়েছে, অর্থাৎ ৫০ - ৫ = <<৫০-৫=৪৫>>৪৫টি বার।
বাক্সে অবশিষ্ট মোট বার হল ১৫৫ - ৪৫ = <<১৫৫-৪৫=১১০>>১১০টি বার।
#### ১১০"
reasoning-0229,reasoning_hallu-0180,hallucinated,invalid_deduction,"কুকুর এবং ভিডিও গেম বেছে নেওয়া ক্লাসের ৫০% এর পরিমাণ ৩০*০.৫ = <<৫০*.০১*৩০=১৫>>১৫ ছাত্র যারা বিড়ালের চেয়ে কুকুর পছন্দ করে।
একইভাবে, ১০% যারা কুকুর এবং সিনেমা বেছে নিয়েছে তাদের পরিমাণ হল ৩০*০.১ = <<৩০*০.১=৩>>৩ ছাত্র যারা বিড়ালের চেয়ে কুকুর পছন্দ করে।
কারণ এই দুটি উপায়ে একজন শিক্ষার্থী কুকুরের প্রতি তাদের পছন্দ নির্দেশ করতে পারে, এবং যেহেতু এই দলগুলি ওভারল্যাপ করে না, মোট ১৫ + ৩ = <<১৫+৩=১৮>>১৮ জন ছাত্র এই শিক্ষকের বিড়ালের চেয়ে কুকুরকে পছন্দ করে ক্লাস
#### ১৮"
reasoning-0230,reasoning_hallu-0069,hallucinated,formula_misapplication,"যদি বাধন ১৪ নম্বর অর্জন করে, এবং মিনাল বাধনের তুলনায় অর্ধেক নম্বর অর্জন করে, তাহলে মিনাল ১৪/২=<<১৪/২=৭>>৭ নম্বর অর্জন করে।
যদি আকিফ মিনালের চেয়ে ৪ বেশি নম্বর অর্জন করে, তাহলে আকিফ ৭+৪=১১ নম্বর অর্জন করে।
যেহেতু চন্দ্র আকিফের চেয়ে দ্বিগুণ নম্বর অর্জন করেছে, তাই চন্দ্র ১১*২=<<১১*২=২২>>২২ নম্বর অর্জন করেছে।
এইভাবে, দলটি মোট ১৪+৭+১১+২২=<<১৪+৭+১১+২২=৫৪>>মৌসুমের শেষ খেলায় মোট ৫৪ নম্বর অর্জন করেছে।
#### ৫৪"
reasoning-0231,reasoning_hallu-0172,hallucinated,invalid_deduction,"সপ্তাহে ৭ দিন লরা স্কুলে ২০ মাইল ড্রাইভ করে, তাই লিজার ৭ x ২০ = <<৭*২০=১৪০>>১৪০ মাইল স্কুলে এক সপ্তাহে গাড়ি চালায়।
স্কুল থেকে সুপারমার্কেট ১০ মাইল দূরে। তাই সুপারমার্কেটটি লরার বাড়ি থেকে ১০ + ১০ = <<১০+১০=২০>>২০ মাইল দূরে
লিজা সুপারমার্কেটে এবং থেকে প্রতিটি পথে ২০ মাইল ড্রাইভ করে। প্রতিটি ট্রিপ হল ২০ x ২ = <<২০*২=৪০>>৪০ মাইল।
লিজা সপ্তাহে দুবার সুপারমার্কেটে ৪০ মাইল ড্রাইভ করে। তাই সে সুপারমার্কেটে এবং থেকে সপ্তাহে মোট ৪০ x ২ =<<৪০*২=৮০>>৮০ মাইল গাড়ি চালায়।
মোট লিজা প্রতি সপ্তাহে ১৪০ + ৮০ = <<১৪০+৮০=২২০>>২২০ মাইল ড্রাইভ করে।
#### ২২০"
reasoning-0232,reasoning_hallu-0054,hallucinated,formula_misapplication,"যদি ৩৬টি ফল সমানভাবে ৩ ধরনের ফলের মধ্যে বিভক্ত হয়, তাহলে আমি ৩৬/৩ = <<৩৬/৩=১২>>প্রতিটি ফলের ১২ ইউনিট কিনতাম
যদি ১টি কমলার দাম ৳০.৫০ হয় তাহলে ১২টি কমলার দাম ৳০.৫০*১২=৳<<০.৫*১২=৬>>৬
যদি আমার মোট বিল ৳৬৬ হয় এবং আমি কমলার জন্য ৳৬ খরচ করি তাহলে আমি ৳৬৬ - ৳৬ = ৳<<৬৬-৬=৬০>>৬০টি অন্য ২টি ফলের জন্য খরচ করেছি।
তরমুজের দাম 'ক' হল অনুমান করা, এবং আপনি একই দামে ৪টি আপেল কিনতে পারবেন এবং একটি আপেলের দাম 'খ' , তাহলে ১*ক=৪*খ
যদি আমরা জানি যে আমরা ৬০ টাকায় ১২টি তরমুজ এবং ১২টি আপেল কিনেছি, তাহলে আমরা জানি যে ৳৬০ = ১২ক + ১২খ 
এটা জেনে যে ১W=৪*খ, তাহলে আমরা উপরেরটিকে ৳৬০ = ১২(৪খ) + ১২খ তে রূপান্তর করতে পারি
৳৬০ = ৪৮খ + ১২খ
৳৬০ = <<৬০=৬০>>৬০খ
তাহলে আমরা জানি একটি আপেলের (খ) দাম হল ৳৬০/৬০= ৳<<৬০/৬০=১>>১
#### ১"
reasoning-0233,reasoning_hallu-0091,hallucinated,formula_misapplication,"প্রথমত, আমরা প্রতিটি বিল্ডিংয়ে কতজন লোক বাস করে তা খুঁজে বের করি। ১০ ১ ব্যক্তির অ্যাপার্টমেন্ট ছাড়াও, একটি স্টুডিও অ্যাপার্টমেন্ট যেহেতু একক ব্যক্তির জন্য, সেখানে ২০ ২ ব্যক্তির অ্যাপার্টমেন্ট রয়েছে যার অর্থ ২০*২=<<২০*২=৪০>>৪০ জন সেখানে বসবাস করতে সক্ষম।
তারপরে আমরা ৪ জন অ্যাপার্টমেন্টে বসবাস করতে সক্ষম ৫*৪=২০ জন লোকের কর্মক্ষমতা ৪ দ্বারা গুণ করে ৪ ব্যক্তির অ্যাপার্টমেন্টে কতজন থাকতে পারে তা খুঁজে বের করি।
সুতরাং, ১টি বিল্ডিংয়ে ১০+৪০+২০=<<১০+৪০+২০=৭০>>৭০ জনের জন্য জায়গা রয়েছে।
আমরা এটিকে মোট ৪টি বিল্ডিং দিয়ে গুণ করি, সর্বাধিক ৪*৭০=<<৪*৭০=২৮০>>২৮০ জন লোক
তারপরে ২৮০*.৭৫= <<২১০=২১০>>২১০ জন লোকের পারফর্ম করে, সর্বাধিক দখলের ৭৫% এ কতজন লোক সেখানে বাস করবে তা জানতে আমরা এটিকে .৭৫ দ্বারা গুণ করি।
#### ২১০"
reasoning-0234,reasoning_hallu-0095,hallucinated,formula_misapplication,"প্রথম ট্রেইলে হাইক করতে কতক্ষণ লাগে তা খুঁজে বের করুন: ২০ মাইল / ৫ মাইল/ঘন্টা = <<২০/৫=৪>>৪ ঘন্টা
তারপর জেনে নিন জামিল দ্বিতীয় ট্রেইলে কতক্ষণ হাইকিং করেন: ১২ মাইল / ৩ মাইল/ঘন্টা = <<১২/৩=৪>>৪ ঘন্টা
তারপর ১ ঘন্টা বিরতি যোগ করুন জামিলকে দ্বিতীয় ট্রেইলে নিতে হবে: ৪ ঘন্টা + ১ ঘন্টা = <<৪+১=৫>>৫ ঘন্টা
তারপর পার্থক্য খুঁজে বের করতে দ্বিতীয় ট্রেইলের সময় থেকে প্রথম ট্রেইলের সময় বিয়োগ করুন: ৫ ঘন্টা - ৪ ঘন্টা = <<৫-৪=১>>১ ঘন্টা
#### ১"
reasoning-0235,reasoning_hallu-0042,hallucinated,arithmetic_slip,"২০টি ল্যাম্প  এ মোট আলোর বাল্বের সংখ্যা হল ২০*৭ = <<২০*৭=১৪০>>১৪০
যদি ২০টি প্রদীপের(ল্যাম্প )  ১/৪টি জ্বলে যাওয়া আলোর বাল্ব থাকে, তাহলে ১/৪*২০ = <<১/৪*২০=৫>>৫টি বাতি জ্বলে গেছে
যেহেতু ৫টি বাতির প্রতিটিতে ২টি জ্বলে যাওয়া আলোর বাল্ব রয়েছে, তাই জ্বলে যাওয়া আলোর বাল্বের সংখ্যা ২*৫ = <<২*৫=১০>>১০
কাজ করা আলোর বাল্বের সংখ্যা হল ১৪০ -১০ = <<১৪০-১০=১৩০>>১৩০
#### ১৩০"
reasoning-0236,reasoning_hallu-0094,hallucinated,formula_misapplication,"যদি ফাহিমের ১২টি অভিন্ন ক্যান্ডি বার থাকে, তবে চাচা আসিফের ১২+৬=<<১২+৬=১৮>>১৮টি ক্যান্ডি বার আছে।
একসাথে,  ফাহিমের এবং চাচা আসিফের ১২+১৮ = <<১২+১৮=৩০>>৩০টি ক্যান্ডি বার আছে।
কাজলের কাছে ফাহিমের এবং চাচা আসিফের মোট ক্যান্ডি বারগুলির দশগুণ রয়েছে, যার অর্থ তার ১০*৩০ = <<১০*৩০=৩০০>>৩০০টি ক্যান্ডি বার রয়েছে৷
কাজলের ক্যান্ডি বারগুলির ৪০% হল ৪০/১০০*৩০০ = <<৪০/১০০*৩০০=১২০>>১২০
#### ১২০"
reasoning-0237,reasoning_hallu-0214,hallucinated,semantic_drift,"প্যান্টের দাম ৳৩০.০০ এবং একটি কিনলে ১/২ ছাড় পায়, তাই দ্বিতীয় জোড়া ৩০*.৫ = ৳<<৩০*.৫=১৫.০০>>১৫.০০ হবে
প্যান্টের প্রথম জোড়ার দাম ৳৩০.০০ এবং দ্বিতীয় জোড়া ৳১৫.০০ তাই প্যান্টের দাম ৩০+১৫ = ৳<<৩০+১৫=৪৫.০০>>৪৫.০০
প্রতিটি স্কার্টের দাম ৳২০.০০ এবং সে ৩টি কিনছে যাতে ২০*৩ = ৳<<২০*৩=৬০.০০>>৬০.০০
প্রতিটি ব্লাউজের দাম ৳১৫.০০ এবং সে ৫টি কিনছে যাতে ১৫*৫ = ৳<<১৫*৫=৭৫.০০>>৭৫.০০
মোট, তার পোশাকের প্যান্টের জন্য ৳৪৫, স্কার্টের জন্য ৳৬০ এবং ব্লাউজের জন্য ৳৭৫ খরচ হবে তাই পোশাকের জন্য মোট খরচ হবে ৪৫+৬০+৭৫ = ৳ <<৪৫+৬০+৭৫=১৮০.০০>>৳১৮০.০০
#### ৳১৮০"
reasoning-0238,reasoning_hallu-0163,hallucinated,invalid_deduction,"যদি দুজন লোক প্রত্যেকে ৩০টি আপেল কিনে, তারা একসাথে ২*৩০ = <<২*৩০=৬০>>৬০টি আপেল কিনল।
যেহেতু দুজন পুরুষ প্রত্যেকে ৩০টি আপেল কিনেছে, প্রতিটি মহিলার কেনা মোট আপেলের চেয়ে ২০ কম, প্রতিটি মহিলা ২০+৩০ = <<২০+৩০=৫০>>৫০টি আপেল কিনেছে।
মহিলাদের দ্বারা কেনা আপেলের মোট সংখ্যা ৩*৫০ = <<৩*৫০=১৫০>>১৫০
সব মিলিয়ে, দুজন পুরুষ এবং তিনজন মহিলা ৬০+১৫০ = <<৬০+১৫০=২১০>>২১০টি আপেল কিনেছিলেন।
#### ২১০"
reasoning-0239,reasoning_hallu-0117,hallucinated,hallucinated_intermediate_fact,"কাফি তিনটি ৫-পাউন্ড আটার ব্যাগের ওজন ৩*৫=<<৩*৫=১৫>>১৫ পাউন্ড।
সাফা কাফির চেয়ে দ্বিগুণ ময়দা বা ১৫*২=<<১৫*২=৩০>>৩০ পাউন্ড ময়দা নিয়ে এসেছিল।
কবির সাফার চেয়ে ৫ পাউন্ড কম ময়দা বা ৩০-৫=<<৩০-৫=২৫>>২৫ পাউন্ড ময়দা নিয়ে এসেছে।
এইভাবে, কবির কাফির থেকে ২৫-১৫=<<২৫-১৫=১০>>১০ পাউন্ড ময়দা বেশি নিয়ে এসেছে।
আউন্সে, ১০ পাউন্ডের পার্থক্য হল ১০*১৬=<<১০*১৬=১৬০>>১৬০ আউন্স।
#### ১৬০"
reasoning-0240,reasoning_gold-0045,gold,gold,"যেহেতু একটি ডজন ১২ এর সমান, তাহলে ৩ ডজন ডিম ১২ x ৩ = <<৩*১২=৩৬>>৩৬ ডিমের সমান।
রুমি ক্রেপ তৈরির জন্য ৩৬ x ১/৪ = <<৩৬*১/৪=৯>>৯ ডিম ব্যবহার করবে।
সুতরাং ৩৬ - ৯ = <<৩৬-৯=২৭>>২৭টি ডিম বাকি আছে।
২৭ x ২/৩ = <<২৭*২/৩=১৮>>১৮টি ডিম কাপকেক তৈরিতে ব্যবহার করা হবে।
সুতরাং, প্রাতঃরাশের জন্য রৌদ্রোজ্জ্বল ডিম তৈরি করার জন্য শুধুমাত্র ২৭ - ১৮ = <<২৭-১৮=৯>>৯টি ডিম বাকি আছে।
#### ৯"
reasoning-0241,reasoning_hallu-0098,hallucinated,formula_misapplication,"তার চুল ২৪"" লম্বা ছিল এবং সে অর্ধেক কেটে ফেলেছে তাই সে ২৪/২ = <<২৪/২=১২>>১২ ইঞ্চি কেটেছে
তার চুল ২৪"" লম্বা ছিল এবং সে ১২"" কেটে ফেলেছিল তাই তার ২৪-১২ = <<২৪-১২=১২>>১২ ইঞ্চি বাকি আছে
তার ১২"" চুল আছে এবং এটি মোট ১২+৪ = <<১২+৪=১৬>>১৬ ইঞ্চি জন্য আরও ৪ ইঞ্চি বাড়তে দেয়
তার ১৬"" আছে এবং তিনি আরও ২ ইঞ্চি কেটে ফেলেন যা তার চুল ছেড়ে যায় ১৬-২ = <<১৬-২=১৪>>১৪ ইঞ্চি লম্বা
#### ১৪"
reasoning-0242,reasoning_hallu-0026,hallucinated,arithmetic_slip,"প্রথমে প্রতিদিনের খরচকে দিনের সংখ্যা দিয়ে গুণ করে হাসপাতালের বেডের মোট খরচ খুঁজুন: ৳৯০০/দিন * ৩ দিন = ৳<<৯০০*৩=২৭০০>>২৭০০
তারপরে দুইজন বিশেষজ্ঞ হাবিবার দিকে মোট কত মিনিট দেখেছেন তা বের করুন: ১৫ মিনিট/বিশেষজ্ঞ * ২ বিশেষজ্ঞ = ৩০ মিনিট
তারপর মিনিটের সংখ্যাকে প্রতি ঘন্টায় মিনিটের সংখ্যা দিয়ে ভাগ করুন এবং বিশেষজ্ঞদের ঘন্টার হার দিয়ে গুণ করে তাদের মোট চার্জ বের করুন: ৩০ মিনিট / ৬০ মিনিট/ঘন্টা * ৳২৫০/ঘন্টা = ৳<<৩০/৬০*২৫০=১২৫ >>১২৫
অবশেষে, হাবিবার মোট বিল খুঁজে পেতে বিশেষজ্ঞ, অ্যাম্বুলেন্স এবং বিছানার খরচ যোগ করুন: ৳২৭০০ + ৳১৮০০ + ৳১২৫ = ৳<<২৭০০+১৮০০+১২৫=৪৬২৫>>৪৬২৫
#### ৪৬২৫"
reasoning-0243,reasoning_hallu-0222,hallucinated,semantic_drift,"দুটি পায়ের পাতার মোজাবিশেষ প্রতি মিনিটে ২ গ্যালন হারে জল সরবরাহ করে, সম্মিলিত মোট ২*২=<<২*২=৪>>প্রতি মিনিটে ৪ গ্যালন জল।
অন্য দুটি পায়ের পাতার মোজাবিশেষ প্রতিটি প্রতি মিনিটে ৩ গ্যালন হারে জল সরবরাহ করে, সম্মিলিত মোট ২*৩=<<২*৩=৬>>প্রতি মিনিটে ৬ গ্যালন জল।
এইভাবে, চারটি পায়ের পাতার মোজাবিশেষ প্রতি মিনিটে মোট ৪+৬=<<৪+৬=১০>>১০ গ্যালন জল সরবরাহ করে।
১৫,০০০ গ্যালন আয়তনসম্পন্ন, ক্ষেত্রটি পূরণ করতে ১৫,০০০/১০=<<১৫০০০/১০=১৫০০>>১৫০০ মিনিট সময় লাগবে।
ঘন্টায় রূপান্তর করলে, পুলটি পূরণ করতে ১৫০০/৬০=<<১৫০০/৬০=২৫>>২৫ ঘন্টা সময় লাগবে।
#### ২৫"
reasoning-0244,reasoning_hallu-0060,hallucinated,formula_misapplication,"৫ জন ছাত্র মিলে মোট নাম্বার করেছে ৯২ * ৫ = <<৯২*৫=৪৬০>>৪৬০
৪ জন অতিরিক্ত ছাত্র মিলে মোট নাম্বার করেছে ৮০ * ৪ = <<৮০*৪=৩২০>>৩২০
তাই ৯ জন ছাত্র মিলে মোট নাম্বার করেছে ৪৬০ + ৩২০ = <<৪৬০+৩২০=৭৮০>>৭৮০
আমরা জানি ১০ জন ছাত্রের মোট মিলিত নাম্বার কমপক্ষে ৮৫ গড় * ১০ ছাত্র = <<৮৫*১০=৮৫০>>৮৫০ হতে হবে
অতএব, শেষ শিক্ষার্থীকে অবশ্যই কমপক্ষে ৮৫০ - ৭৮০ = <<৮৫০-৭৮০=৭০>>৭০ নাম্বার করতে হবে
#### ৭০"
reasoning-0245,reasoning_hallu-0219,hallucinated,semantic_drift,"ব্ল্যাক প্রিন্টার কালির দাম পড়বে ২ x ৳১১ = ৳<<২*১১=২২>>২২৷
লাল প্রিন্টার কালির দাম পড়বে ৩ x ৳১৫ = ৳<<৩*১৫=৪৫>>৪৫৷
এবং হলুদ প্রিন্টার কালির দাম পড়বে ২ x ৳১৩ = ৳<<২*১৩=২৬>>২৬৷
প্রিন্টার কালির জন্য তাকে মোট যে পরিমাণ অর্থ প্রদান করতে হবে তা হল ৳২২ + ৳৪৫ + ৳২৬ = ৳<<২২+৪৫+২৬=৯৩>>৯৩
অতএব, সাফিনকে প্রিন্টার কালি কিনতে সক্ষম হওয়ার জন্য তার মায়ের কাছ থেকে ৳৯৩ - ৳৫০ = ৳<<৯৩-৫০=৪৩>>আরও ৪৩টি চাইতে হবে৷
#### ৪৩"
reasoning-0246,reasoning_hallu-0021,hallucinated,arithmetic_slip,"লুবনা ৪০ ঘন্টা/সপ্তাহ আয় করে * ৳২০/ঘন্টা = ৳<<৪০*২০=৮০০>>৮০০/সপ্তাহ
তাই সে ৳৮০০/সপ্তাহ * ৪ সপ্তাহ/মাস = ৳৩২০০/মাস আয় করে
জনি ৩০ ঘন্টা/সপ্তাহ আয় করে * ৳২০/ঘন্টা = ৳<<৩০*২০=৬০০>>৬০০/সপ্তাহ
তাই তিনি ৳৬০০/সপ্তাহ * ৪ সপ্তাহ/মাস = ৳<<৬০০*৪=২৪০০>>২৪০০/মাস আয় করেন
রিমি ২৫ ঘন্টা আয় করে * ৳২০/ঘন্টা = ৳<<২৫*২০=৫০০>>৫০০/সপ্তাহ
তাই তিনি ৳৫০০/সপ্তাহ * ৪ সপ্তাহ/মাস = ৳২০০০/মাস আয় করেন
সামগ্রিকভাবে তাদের বসকে ৳৩২০০/মাস + ৳২৪০০/মাস + ৳২০০০/মাস = ৳<<৩২০০+২৪০০+২০০০=৭৬০০>>৭৬০০/মাস খরচ করতে হবে
#### ৭৬০০"
reasoning-0247,reasoning_hallu-0075,hallucinated,formula_misapplication,"৩টি শানাই/বাঁশি x ৫টি বাঁশি = <<৩*৫=১৫>>১৫ জন শানাই বাদক
১৫ জন বাদক - ৮ জন = <<১৫-৮=৭>>৭ জন তবলা বাদক
৭ জন বাদক + ১১ জন বাদক = <<৭+১১=১৮>>১৮ জন একতারা বাদক।
২জন একতারা/জন বাঁশি বাদক x ৫জন বাঁশি বাদক = ১০টি বীণা বাদক রয়েছে
৭ জন বাদক + ৩ জন বাদক = <<৭+৩=১০>>১০ জন সঙ্খ বাদক
মোট ৫ জন বাদক + ১৫ জন বাদক + ৭ জন বাদক + ১৮ জন বাদক + ১০ জন বাদক + ১০ জন বাদক = <<৫+১৫+৭+১৮+১০+১০=৬৫>>৬৫ টি আসন প্রয়োজন।
#### ৬৫"
reasoning-0248,reasoning_hallu-0198,hallucinated,invalid_deduction,"যদি লেক ভিউ-এর জনসংখ্যা ২৪০০০ হয়, তাহলে সিয়াটলে ২৪০০০-৪০০০ = <<২৪০০০-৪০০০=২০০০০>>২০০০০ লোক বাস করে।
সিয়াটেল এবং লেক ভিউ এর মোট জনসংখ্যা হল ২০০০০+২৪০০০ = <<২০০০০+২৪০০০=৪৪০০০>>৪৪০০০
যেহেতু বোইসের জনসংখ্যা সিয়াটেলের তুলনায় ৩/৫ গুণ বেশি, তাই বোয়েসে ৩/৫*২০০০০ = <<৩/৫*২০০০০=১২০০০>>১২০০০ লোক বাস করে।
তিনটি শহরের মোট জনসংখ্যা ৪৪০০০+১২০০০=<<৪৪০০০+১২০০০=৫৬০০০>>৫৬০০০
#### ৫৬০০০"
reasoning-0249,reasoning_hallu-0059,hallucinated,formula_misapplication,"সোনা এবং রৌপ্যের মধ্যে বিনিময় হার দ্বারা স্বর্ণের মুদ্রার সংখ্যাকে গুণ করে ১০০টি সোনার কয়েনের মূল্য কতটি রৌপ্য মুদ্রার মূল্য নির্ধারণ করুন: ১০০ স্বর্ণ * ৩ রূপা/সোনা = <<১০০*৩=৩০০>>৩০০টি রৌপ্য
তারপর রৌপ্য মুদ্রায় স্বর্ণ ও রৌপ্যের মোট মূল্য নির্ণয় করতে রৌপ্য মুদ্রার সংখ্যার সাথে সোনার মান যোগ করুন: ৩০০ রূপা + ৬০ রূপা = <<৩০০+৬০=৩৬০>>৩৬০ রূপা
এখন তামার মুদ্রার পরিপ্রেক্ষিতে এর মান প্রকাশ করতে রূপা এবং তামার মধ্যে বিনিময় হার দ্বারা সেই মানটিকে গুণ করুন: ৩৬০ রূপা * ৮ তামা/সিলভার = <<৩৬০*৮=২৮৮০>>২৮৮০ তামা
তারপর তামার মুদ্রায় প্রকাশিত স্বর্ণ ও রৌপ্যের মান (শেষ ধাপের মান) তামার মুদ্রার সংখ্যার সাথে যোগ করুন যাতে মজুদের মোট মূল্য বের করা যায়: ২৮৮০ + ৩৩ = <<২৮৮০+৩৩=২৯১৩>>২৯১৩
#### ২৯১৩"
reasoning-0250,reasoning_hallu-0170,hallucinated,invalid_deduction,"১০ জন লোক প্রতি ১০ দিনে ১০,০০০ কেজি বা ১০,০০০/১০=<<১০০০০/১০=১০০০>>প্রতি ১০ জন প্রতি দিনে ১০০০ কেজি করে।
এবং প্রতি ১০ জন প্রতি দিন ১০০০ কেজি হল ১০০০/১০=<<১০০০/১০=১০০>>প্রতি জন প্রতি ১০০ কেজি।
দশ জনের অর্ধেক হল ১০/২=<<১০/২=৫>>৫ জন।
জনপ্রতি প্রতিদিন ১০০ কেজি, ৫ জন লোক ৫*১০০=<<৫*১০০=৫০০>>প্রতিদিন ৫০০ কেজি বেলচা দিতে পারে।
অতএব, ৫ জনের জন্য ৪০,০০০ কেজি বেলচা করতে, ৪০,০০০/৫০০=<<৪০০০০/৫০০=৮০>>৮০ দিন লাগবে।
#### ৮০"
reasoning-0251,reasoning_hallu-0012,hallucinated,arithmetic_slip,"আরাফাত ৪.৫ ঘন্টা ধরে ২০ মাইল প্রতি ঘন্টা বেগে ভ্রমণ করেছিল, তাই ২০ * ৪.৫ = <<২০*৪.৫=৯০>>সমতল মাটিতে ৯০ মাইল।
তিনি ২.৫ ঘন্টা চড়াই প্রতি ঘন্টা ১২ মাইল ভ্রমণ করেছেন, তাই ১২ * ২.৫ = <<১২*২.৫=৩০>>৩০ মাইল চড়াই।
তিনি ১.৫ ঘন্টা = ২৪ * ১.৫ = <<২৪*১.৫=৩৬>>৩৬ মাইল উতরাই যাত্রা করেছিলেন।
তার টায়ার পাংচার হওয়ার আগে, তিনি ৯০ + ৩০ + ৩৬ = <<৯০+৩০+৩৬=১৫৬>>১৫৬ মাইল ভ্রমণ করেছিলেন।
সুতরাং পরবর্তী শহরটি যেখান থেকে সে শুরু করেছিল সেখান থেকে ১৬৪ মাইল দূরে, আরাফাতকে ১৬৪ - ১৫৬ = <<১৬৪-১৫৬=৮>>৮ মাইল হাঁটতে হয়েছিল।
#### ৮"
reasoning-0252,reasoning_hallu-0018,hallucinated,arithmetic_slip,"যেহেতু প্রথম দিনে হ্রদে ৩০০টি মাছ-খেকো  পাখি ছিল, দ্বিতীয় দিনে সংখ্যাটি দ্বিগুণ হয়ে ২*৩০০ = <<৩০০*২=৬০০>>৬০০ পাখি হয়েছে।
কাউসার দুই দিনে হ্রদে যে পাখি  দেখেছেন তার মোট সংখ্যা হল ৬০০+৩০০ = <<৬০০+৩০০=৯০০>>৯০০
তৃতীয় দিনে, হ্রদে পাখির  সংখ্যা কমে ৬০০-২০০ = <<৬০০-২০০=৪০০>>৪০০ পাখি হয়েছে ।
তিন দিনে, কাউসার হ্রদে ৪০০+৯০০ = <<৪০০+৯০০=১৩০০>>১৩০০টি মাছ- খেকো  পাখি দেখেছিলেন।
#### ১৩০০"
reasoning-0253,reasoning_hallu-0181,hallucinated,invalid_deduction,"নার্স মিলির ১২*(১/৩)=<<১২*(১/৩)=৪>>৪টি বিশেষ চাহিদা সম্পন্ন রোগী রয়েছে।
তার ১২-৪=<<১২-৪=৮>>৮ স্ট্যান্ডার্ড কেয়ার রোগী রয়েছে।
বিশেষ চাহিদা সম্পন্ন রোগীদের সেবা দিতে ২০% বেশি সময় লাগে, যার অর্থ প্রতি রোগীর সেবা করতে ১.২*৫=৬ মিনিট সময় লাগে।
তার সমস্ত স্ট্যান্ডার্ড কেয়ার রোগীদের রাতের খাবার পরিবেশন করতে, ৫*৮=<<৫*৮=৪০>>৪০ মিনিট সময় লাগবে।
তার বিশেষ চাহিদা সম্পন্ন সকল রোগীদের রাতের খাবার পরিবেশন করতে সময় লাগবে ৬*৪=<<৬*৪=২৪>>২৪ মিনিট।
মোট, তার সমস্ত রোগীদের রাতের খাবার পরিবেশন করতে ৪০+২৪=<<৪০+২৪=৬৪>>৬৪ মিনিট সময় লাগবে।
#### ৬৪"
reasoning-0254,reasoning_gold-0016,gold,gold,"৩টি শিয়াল প্রতি সপ্তাহে মোট ৩*৪টি = <<৩*৪=১২>>১২টি নিশ্চুক ধরে
মোট ১২*৩ = <<১২*৩=৩৬>>৩৬টি নিশ্চুকের জন্য ৩ সপ্তাহ ধরে প্রতি সপ্তাহে ১২টি নিশ্চুক ধরা হয়
৩টি শিয়াল প্রতি সপ্তাহে ২টি খরগোশ ধরে মোট ৩*২ = <<৩*২=৬>>৬টি খরগোশ
মোট ৬*৩ = <<৬*৩=১৮>>১৮টি খরগোশ ৩ সপ্তাহ ধরে প্রতি সপ্তাহে ৬টি খরগোশ ধরা হয়
এখানে প্রথমে ১০০ টি নিশ্চুক ছিল তাই এখন ১০০-৩৬ = <<১০০-৩৬=৬৪>>৬৪ টি নিশ্চুক বাকি আছে
প্রথমে ৫০টি খরগোশ ছিল তাই এখন ৫০-১৮ = <<৫০-১৮=৩২>>৩২টি খরগোশ বাকি আছে
সেখানে ৬৪+৩২ = <<৬৪+৩২=৯৬>>৯৬টি নিশ্চুক এবং খরগোশ বাকি আছে
#### ৯৬"
reasoning-0255,reasoning_hallu-0148,hallucinated,hallucinated_intermediate_fact,"তিনি ৪ সপ্তাহের জন্য প্রতি  সপ্তাহে ৳৫.০০ দিয়ে শুরু করেন যাতে এটি ৫*৪ = ৳<<৫*৪=২০.০০>>২০.০০
তারপরে তিনি এটিকে ৪ সপ্তাহের জন্য প্রতি সপ্তাহে ৳১০.০০ পর্যন্ত বাম্প করেন যাতে এটি ১০*৪ = ৳<<১০*৪=৪০.০০>>৪০.০০
এর পরে, সে ৪ সপ্তাহের জন্য প্রতি সপ্তাহে ৳২০.০০ সঞ্চয় করে যাতে ২০*৪ = ৳<<২০*৪=৮০.০০>>৮০.০০
১২ সপ্তাহে তিনি ২০+৪০+৮০ = ৳<<২০+৪০+৮০=১৪০.০০>>১৪০.০০ সংরক্ষণ করেছেন
#### ১৪০"
reasoning-0256,reasoning_hallu-0186,hallucinated,invalid_deduction,"সাফা একটি বেক সেলের জন্য প্রতিটি ব্যাচ থেকে ২০ x ৩/৪ = <<২০*৩/৪=১৫>>১৫টি ব্রাউনি আলাদা করে রেখেছেন।
সুতরাং, এখানে ২০ - ১৫ = <<২০-১৫=৫>>৫টি ব্রাউনি রয়েছে যা প্রতিটি ব্যাচ থেকে বেক বিক্রির জন্য নয়।
৫টির মধ্যে, ৫ x ৩/৫ = <<৫*৩/৫=৩>>৩টি ব্রাউনি প্রতিটি ব্যাচ থেকে একটি পাত্রে রাখা হয়।
এইভাবে, ৫ - ৩ = <<৫-৩=২>>প্রতিটি ব্যাচ থেকে ২টি ব্রাউনি দেওয়া হয়৷
অতএব, ১০টি ব্যাচ থেকে মোট ২ x ১০ = <<২*১০=২০>>২০টি ব্রাউনি দেওয়া হয়েছে।
#### ২০"
reasoning-0257,reasoning_hallu-0151,hallucinated,invalid_deduction,"যখন সায়ানের বয়স ৩০ হবে, তখন অনিলের  বয়স ৩০ * ২ = <<৩০*২=৬০>>৬০ বছর হবে৷
তখন আমানের  বয়স ৩০/২ = <<৩০/২=১৫>>১৫ বছর হবে।
সায়ান ৩০ - ১৬ = <<৩০-১৬=১৪>>১৪ বছরে ৩০ বছর বয়সী হবে৷
বর্তমানে, অনিলের  বয়স ৬০ - ১৪ = <<৬০-১৪=৪৬>>৪৬৷
বর্তমানে, আমানের  বয়স ১৫ - ১৪ = <<১৫-১৪=১>>১ বছর।
সুতরাং, অনিল  এবং আমানের  বয়সের যোগফল এখন ৪৬ + ১ = <<৪৬+১=৪৭>>৪৭ বছর বয়সী।
#### ৪৭"
reasoning-0258,reasoning_hallu-0041,hallucinated,arithmetic_slip,"বর্গাকার পতাকা প্রতি পতাকা ১৬ বর্গফুট ফ্যাব্রিক ব্যবহার করে কারণ চার গুণ চার সমান <<৪*৪=১৬>>১৬
প্রশস্ত পতাকা প্রতিটি পতাকা প্রতি ১৫ ফুট ফ্যাব্রিক ব্যবহার করে কারণ পাঁচ গুণ তিন সমান <<৫*৩=১৫>>১৫
লম্বা পতাকা প্রতিটি পতাকা প্রতি ১৫ ফুট ফ্যাব্রিক ব্যবহার করে কারণ পাঁচ গুণ তিন সমান <<৫*৩=১৫>>১৫
তিনি বর্গাকার পতাকার জন্য ২৫৬ বর্গফুট ব্যবহার করেছেন কারণ ১৬ গুণ ১৬ সমান <<১৬*১৬=২৫৬>>২৫৬
তিনি প্রশস্ত পতাকার জন্য ৩০০ বর্গফুট ব্যবহার করেছেন কারণ ২০ গুণ ১৫ সমান <<২০*১৫=৩০০>>৩০০
তিনি লম্বা পতাকার জন্য ১৫০ বর্গফুট ব্যবহার করেছেন কারণ দশ গুণ ১৫ সমান ১৫০।
তিনি ৭০৬ বর্গফুট ব্যবহার করেছেন কারণ ২৫৬ যোগ ৩০০ যোগ ১৫০ সমান <<২৫৬+৩০০+১৫০=৭০৬>>৭০৬।
তার ২৯৪ বর্গফুট বাকি আছে কারণ ১,০০০ বিয়োগ ৭০৬ সমান <<১০০০-৭০৬=২৯৪>>২৯৪
#### ২৯৪"
reasoning-0259,reasoning_hallu-0194,hallucinated,invalid_deduction,"শুধুমাত্র ওয়াইন গ্রহণকারী লোকের সংখ্যা হল ওয়াইন গ্রহণকারী এবং যারা ওয়াইন এবং সোডা গ্রহণ করেছে তাদের সংখ্যার মধ্যে পার্থক্য হল ২৬ -১৭ = <<২৬-১৭=৯>>৯ জন
একইভাবে, শুধুমাত্র সোডা গ্রহণকারী লোকের সংখ্যা হল ২২-১৭ = <<২২-১৭=৫>>৫ জন
সুতরাং বর্তমান মোট সংখ্যা হল যারা শুধুমাত্র ওয়াইন খেয়েছেন, যারা শুধুমাত্র সোডা খেয়েছেন এবং যারা উভয়ই নিয়েছেন যা ৯+৫+১৭ = <<৯+৫+১৭=৩১>>৩১ জন।
#### ৩১"
reasoning-0260,reasoning_hallu-0064,hallucinated,formula_misapplication,"তার প্যারাকিটরা দিনে ৬ গ্রাম খায়, কারণ তিনটি প্যারাকিট গুণ দুই গ্রাম প্রতিটি ৬ গ্রামের সমান।
তার তোতাপাখিরা দিনে ২৮ গ্রাম খাবে কারণ দুটি তোতাপাখির গুণ ১৪ গ্রাম সমান <<২*১৪=২৮>>২৮ গ্রাম।
প্রতিটি ফিঞ্চ প্রতিদিন ১ গ্রাম খাবে, কারণ তারা একটি প্যারাকিটের অর্ধেক খায় এবং ২-এর ১/২ সমান।
তার ফিঞ্চগুলি দিনে ৪ গ্রাম খাবে কারণ চার ফিঞ্চের গুণ ১ গ্রাম সমান ৪ গ্রাম।
তার পাখিরা দিনে ৩৮ গ্রাম খায় কারণ ৬ যোগ ২৮ যোগ ৪ সমান <<৬+২৮+৪=৩৮>>৩৮
প্রতি সপ্তাহে ৭ দিন থাকে
অতএব, এক সপ্তাহে তার ২৬৬ গ্রাম লাগবে কারণ ৭ গুণ ৩৮ সমান <<৭*৩৮=২৬৬>>২৬৬।
#### ২৬৬"
reasoning-0261,reasoning_hallu-0236,hallucinated,semantic_drift,"যদি রহিমের বয়স ৪০ বছর এবং তার বোনের থেকে ১০ বছরের বড় হয়, তার বোনের বয়স ৪০-১০=<<৪০-১০=৩০>>৩০ বছর।
পাঁচ বছর আগে, রহিমের বয়স ছিল ৪০-৫=<<৪০-৫=৩৫>>৩৫ বছর।
একইভাবে, রহিমের বোনের বয়স ছিল ৩০-৫=<<৩০-৫=২৫>>২৫ বছর।
পাঁচ বছর আগে তাদের বয়সের যোগফল ছিল ২৫+৩৫=<<২৫+৩৫=৬০>>৬০
পাঁচ বছর আগে, রহিমের বয়স এবং তার বোনের বয়সের যোগফল ছিল তাদের বাবার বয়সের ৩/৪, মানে তাদের বাবার বয়স ছিল ৬০/৩/৪ = ৮০ বছর।
বাবার বয়স এখন ৮০+৫=<<৮০+৫=৮৫>>৮৫
#### ৮৫"
reasoning-0262,reasoning_hallu-0023,hallucinated,arithmetic_slip,"প্রথমে ন্যান্সি প্রতি সপ্তাহে ভারতীয় খাবার খাওয়ার পর মোট কতগুলি অ্যান্টাসিড নেয় তা খুঁজে বের করুন: ৩টি অ্যান্টাসিড/দিন * ৩ দিন/সপ্তাহ = <<৩*৩=৯>>৯টি অ্যান্টাসিড/সপ্তাহ
তারপরে প্রতি সপ্তাহে মেক্সিকান খাবার খাওয়ার পর ন্যান্সি যে পরিমাণ অ্যান্টাসিড নেয় তা সন্ধান করুন: ২টি অ্যান্টাসিড/দিন * ২ দিন/সপ্তাহ = <<২*২=৪>>৪টি অ্যান্টাসিড/সপ্তাহ
তারপর সে কত দিন ভারতীয় খাবার বা মেক্সিকান খাবার খায় না তা খুঁজে বের করুন: ৭ দিন/সপ্তাহ - ৩ দিন/সপ্তাহ - ২ দিন/সপ্তাহ = ২ দিন/সপ্তাহ
তারপরে ন্যান্সি প্রতি সপ্তাহে মোট কতগুলি অ্যান্টাসিড নেয়: ৯টি অ্যান্টাসিড/সপ্তাহ + ৪ অ্যান্টাসিড/সপ্তাহ + ২ অ্যান্টাসিড/সপ্তাহ = <<৯+৪+২=১৫>>১৫টি অ্যান্টাসিড/সপ্তাহ
তারপরে তার মাসিক খরচ খুঁজে বের করতে তার সাপ্তাহিক অ্যান্টাসিড খরচ প্রতি মাসে সপ্তাহের সংখ্যা দ্বারা গুণ করুন: ১৫টি অ্যান্টাসিড/সপ্তাহ * ৪ সপ্তাহ/মাস = <<১৫*৪=৬০>>৬০টি অ্যান্টাসিড/মাস
#### ৬০"
reasoning-0263,reasoning_hallu-0136,hallucinated,hallucinated_intermediate_fact,"তার বাগান হল ৫০০*৫০০=<<৫০০*৫০০=২৫০০০০>>২৫০,০০০ বর্গফুট
তার মানে সে ২৫০,০০০*৫০=<<২৫০০০০*৫০=১২৫০০০০০>>১২,৫০০,০০০ গ্রাম চিনাবাদাম পায়
তাই সে ১২,৫০০,০০০*৫/২০=<<১২৫০০০০০*৫/২০=৩১২৫০০০>>৩,১২৫,০০০ গ্রাম পিনাট বাটার তৈরি করে
তাই তার কাছে ৩,১২৫,০০০/১০০০=<<৩১২৫০০০/১০০০=৩১২৫>>৩১২৫ কেজি পিনাট বাটার আছে
অর্থাৎ এটি বিক্রি হয় ৩১২৫*১০=৳<<৩১২৫*১০=৩১২৫০>>৩১,২৫০ এ
#### ৩১২৫০"
reasoning-0264,reasoning_hallu-0177,hallucinated,invalid_deduction,"সেতারা এবং টুইঙ্কল প্রতি ঘণ্টায় ২৫০ ব্লকের হারে ট্রাকটি ভরে, মোট ২*২৫০ = <<২৫০*২=৫০০>>দুজনের জন্য প্রতি ঘণ্টায় ৫০০ ব্লক।
চার ঘণ্টা কাজ করার পর, স্টেলা এবং টুইঙ্কল ট্রাকে ৪*৫০০ = <<৪*৫০০=২০০০>>২০০০ ব্লক ভরেছিল।
ট্রাকে পূর্ণ হওয়ার জন্য তাদের যে ব্লকগুলি রাখতে হয়েছিল তা হল ৬০০০-২০০০ = <<৬০০০-২০০০=৪০০০>>৪০০০
যখন আরও ৬ জন স্টেলা এবং টুইঙ্কলের সাথে যোগ দেয়, তখন মোট ২+৬ = <<২+৬=৮>>৮ জন এখন ট্রাকে ভরছে।
জনপ্রতি ২৫০ ব্লকের হারে কাজ করে, আটজন লোক এক ঘন্টায় ২৫০*৮ = <<২৫০*৮=২০০০>>২০০০ ব্লক দিয়ে ট্রাক ভর্তি করেছে।
যদি ৪০০০টি ব্লক থাকে যা এখনও ট্রাকে ফেলার প্রয়োজন ছিল, ৮ জন লোক ৪০০০/২০০০ = <<৪০০০/২০০০=২>>ব্লকগুলি দিয়ে ট্রাকটি পূরণ করতে ২ ঘন্টা সময় নিয়েছে।
ট্যাঙ্কটি পূরণ করতে মোট সময় লেগেছে ৪+২ = <<৪+২=৬>>৬ ঘন্টা।
#### ৬"
reasoning-0265,reasoning_hallu-0184,hallucinated,invalid_deduction,"ধরা যাক বেলির ট্রিপের সংখ্যা ক হবে এবং খ হবে কবিরের সংখ্যা। আমরা জানি যে ক + খ = ৪০, এবং খ = ক + ৬।
প্রথম সমীকরণটিকে দ্বিতীয় সমীকরণে প্রতিস্থাপন করলে আমরা ক + ক + ৬ = ৪০ পাব
পদের মতো একত্রিত করলে আমরা ২ক + ৬ = ৪০ পাই
উভয় দিক থেকে ৬ বিয়োগ করলে আমরা ২ক = ৩৪ পাব
উভয় পক্ষকে ২ দ্বারা ভাগ করলে আমরা ক = ১৭ পাব
সেই মানটিকে খ = ক + ৬ এ প্রতিস্থাপন করলে, আমরা খ = ১৭ + ৬ = <<১৭+৬=২৩>>২৩ পাই
#### ২৩"
reasoning-0266,reasoning_hallu-0050,hallucinated,arithmetic_slip,"প্রথমে বিলের পরিমাণ সেন্টে রূপান্তর করুন: ৳২৬ * ১০০ সেন্ট/ডলার = <<২৬*১০০=২৬০০>>২৬০০ সেন্ট
তারপর সেই পরিমাণকে ৫% দ্বারা গুণ করুন জামিলা সাধারণত টিপসের পরিমাণ খুঁজে পেতে: ২৬০০ সেন্ট * ৫% = <<২৬০০*৫*.০১=১৩০>>১৩০ সেন্ট
তারপরে একটি ভাল টিপের পরিমাণ খুঁজে পেতে বিলের পরিমাণকে ২০% দ্বারা গুণ করুন: ২৬০০ সেন্ট * ২০% = <<২৬০০*২০*.০১=৫২০>>৫২০ সেন্ট
তারপরে খারাপ টিপের পরিমাণ থেকে ভাল টিপের পরিমাণ বিয়োগ করুন জামিলাকে আরও কত টিপ দিতে হবে তা খুঁজে বের করুন: ৫২০ সেন্ট - ১৩০ সেন্ট = <<৫২০-১৩০=৩৯০>>৩৯০ সেন্ট
#### ৩৯০"
reasoning-0267,reasoning_hallu-0195,hallucinated,invalid_deduction,"তামিম এবং তার বন্ধুরা ১/৪*২০০ = <<১/৪*২০০=৫০>>৫০ টি বার নিয়েছিল।
বাক্সে বাকি বারের মোট সংখ্যা ছিল ২০০-৫০ = <<২০০-৫০=১৫০>>১৫০ টি বার।
যেহেতু তাদের মধ্যে পাঁচটি ভাগ রয়েছে, তাদের প্রত্যেকে ৫০/৫ = <<৫০/৫=১০>>১০টি বার পেয়েছে।
বন্ধু ৫টি বার ফেরত দেওয়ার পরে, বাক্সে ১৫০ + ৫ = <<১৫০+৫=১৫৫>>১৫৫টি বার ছিল৷
উপমা পাঁচটি কম বার নিয়েছে, অর্থাৎ ৫০ - ৫ = <<৫০-৫=৪৫>>৪৫টি বার।
বাক্সে অবশিষ্ট মোট বার হল ১৫৫ - ৪৫ = <<১৫৫-৪৫=১১০>>১১০টি বার।
#### ১১০"
reasoning-0268,reasoning_gold-0038,gold,gold,"বাবর একটি নতুন ওয়ালেট কিনতে টাকা জমা করছে। ওয়ালেটটির দাম ১০০ টাকা। কিন্তু ইরার কাছে তার প্রয়োজনীয় অর্থের মাত্র অর্ধেক রয়েছে, অর্থাৎ ১০০/২ = ৳<<১০০/২=৫০>>৫০ টাকা
বাবরের বাবা-মা তাকে ওয়ালেট কিনতে সাহায্য করার জন্য ১৫ টাকা দিয়েছেন। <<৫০ + ১৫ = ৬৫>> টাকা)

বাবরের দাদা-দাদী তার বাবা-মাকে দেওয়া অর্থের দ্বিগুণ, অর্থাৎ ৩০ টকা দেন। <<১৫ * ২ = ৩০>> টাকা

এখন বাবরের কাছে মোট <<৬৫ + ৩০ = ৯৫ >> টাকা রয়েছে।

বাবরের আরও প্রয়োজন ১০০ টাকা - ৯৫ টাকা = ৫ টাকা

#### ৫"
reasoning-0269,reasoning_gold-0044,gold,gold,"যদি মিম ৳৩ খরচ করে এবং এখন তার ৳১১ থাকে, তার মানে প্রাথমিকভাবে তার ৳৩ + ৳১১ = ৳<<৩+১১=১৪>>১৪ ছিল
মিমের ​​লু-নিদের সংখ্যা ক এবং টু-নিদের সংখ্যা গ হবে। প্রাথমিকভাবে তার পার্সে মোট ১ক + ২গ = ৳১৪ ছিল
আমরা এটাও জানি যে তার মোট ১০টি কয়েন বা ১০=ক+গ ছিল
তার মানে প্রাথমিকভাবে তার T=১০-ক টু-নি ছিল
উভয় সমীকরণের সমন্বয়ে আমরা জানি যে ১৪=১ক+২*(১০-ক)
যদি আমরা বন্ধনী দিয়ে গুণ করি, তাহলে আমরা ১৪=১ক+২০-২ক পাব
যদি আমরা একদিকে চলক এবং অন্য দিকে ধ্রুবকগুলিকে একত্রিত করি তবে আমরা -৬=-১ক বা ক=৬ পাব।
ক এর মান জেনে, আমরা গ= ১০ - গ = ১০ - ৬ = <<১০-৬=৪>>৪ সমাধান করতে পারি
#### ৪"
reasoning-0270,reasoning_hallu-0173,hallucinated,invalid_deduction,"তাকে বেডরুম, বাথরুম, রান্নাঘর এবং বেসমেন্টে আলো প্রতিস্থাপন করতে হবে তাই ২+১+১+৪ = <<২+১+১+৪=৮>>৮টি লাইটবাল্ব
গ্যারেজে, তাকে অর্ধেক পরিমাণ প্রতিস্থাপন করতে হবে তাই তার প্রয়োজন ৮/২ = <<৮/২=৪>>৪টি লাইটবাল্ব
মোট, তার ৮+৪ = <<৮+৪=১২>>১২টি লাইট বাল্ব দরকার
তারা প্রতি প্যাকে ২টি আসে এবং তার ১২টি লাইটবাল্ব দরকার তাই তার ১২/২ = <<১২/২=৬>>৬ প্যাক লাইটবাল্ব দরকার
#### ৬"
reasoning-0271,reasoning_hallu-0111,hallucinated,hallucinated_intermediate_fact,"তিনি যে আইটেমগুলি ফিরিয়ে দিয়েছিলেন তার মূল্য ছিল ৳৭০০ + ৳৫০০ = ৳<<৭০০+৫০০=১২০০>>১২০০
এখন পর্যন্ত তিনি ৩০০০-১২০০ = <<৩০০০-১২০০=১৮০০>>১২০০ পুনরুদ্ধার করার পরে ১৮০০ আউট হয়েছেন।
২০% বেশি দামী একটি আইটেমের দাম ১ + .২ = আইটেমের চেয়ে ১.২ গুণ বেশি
তার মানে তিনি যে বাইকটি বিক্রি করেছেন তার দাম ৳৫০০*১.২ = ৳<<৫০০*১.২=৬০০>>৬০০
তিনি এটি ৳৬০০*.৮ = ৳<<৬০০*.৮=৪৮০>>৪৮০ এ বিক্রি করেছেন
তিনি যে বাইকটি ৬০০ টাকায় কিনেছিলেন তা থেকে তিনি ৬০০-৪৮০ =<<৬০০-৪৮০=১২০>>১২০
এখন পর্যন্ত সে আউট ১৮০০+১২০ = <<১৮০০+১২০=১৯২০>>১৯২০
যদি সে ১০০ মূল্যের একটি টোস্টারও কিনে থাকে, তাহলে তার ১৯২০+১০০ = <<১৯২০+১০০=২০২০>>২০২০ খরচ হয়েছিল
#### ২০২০"
reasoning-0272,reasoning_hallu-0080,hallucinated,formula_misapplication,"পাণ্ডুলিপিটি ৪০০ পৃষ্ঠার এবং প্রিন্টারগুলি প্রতি পৃষ্ঠা প্রতি ৳০.০৫ চার্জ করে মোট ৪০০*.০৫ = ৳<<৪০০*০.০৫=২০.০০>>২০.০০ প্রতি পাণ্ডুলিপির জন্য
তার ১০টি কপি তৈরি করা দরকার এবং এটির জন্য পান্ডুলিপি প্রতি ৳২০.০০ খরচ হয় যাতে এটি ১০*২০ = ৳<<১০*২০=২০০.০০>>২০০.০০
তাকে ১০টি কপির প্রতিটি আবদ্ধ করতে হবে, যা পান্ডুলিপি প্রতি ৳৫.০০ যাতে এটি ৫*১০ = ৳<<১০*৫=৫০.০০>>৫০.০০
এগুলো মুদ্রিত করতে ৳২০০.০০ এবং মোট ২০০+৫০ = ৳<<২০০+৫০=২৫০.০০>>২৫০.০০ এর জন্য বাঁধাই করতে ৳৫০.০০ খরচ হবে
#### ২৫০"
reasoning-0273,reasoning_gold-0028,gold,gold,"দিনে ৩ ঘন্টার জন্য একটি পালতোলা নৌকা ভাড়া করার জন্য ইরা ৳৬০ * ৩ = ৳<<৬০*৩=১৮০>>১৮০ প্রদান করেছে
আলী দিনে ৩ ঘন্টার মধ্যে একটি স্কি বোট ভাড়া করার জন্য ৳৮০ * ৩ = ৳<<৮০*৩=২৪০>>২৪০ প্রদান করেছেন।
তাই আলী প্রতিদিন পালতোলা নৌকা ভাড়া করার জন্য ইরার চেয়ে একটি স্কি বোট ভাড়ার জন্য ৳২৪০ - ৳১৮০ = ৳<<২৪০-১৮০=৬০>>৬০ টাকা বেশি দিয়েছেন।
অতএব, ইরা দুই দিনের মধ্যে পালতোলা নৌকা ভাড়া করার চেয়ে একটি স্কি বোট ভাড়া করতে আলী ৳৬০ x ২ = ৳<<৬০*২=১২০>>১২০ বেশি খরচ করে৷
#### ১২০"
reasoning-0274,reasoning_hallu-0175,hallucinated,invalid_deduction,"এক মাসে প্রায় ৪ সপ্তাহ থাকে।
মোট ৩*৪ = <<৩*৪=১২>>১২টি বাইক যোগ করার জন্য দোকানের মালিক ৪ সপ্তাহের জন্য প্রতি সপ্তাহে ৩টি বাইক যোগ করেছেন
দোকানের মালিকের কাছে এখন বাইকের আসল সংখ্যা + <<১২=১২>>১২টি বাইক রয়েছে৷
তিনি একই সময়ের মধ্যে ১৮টি বাইক বিক্রি করেছেন
তার এখন মোট ৪৫টি বাইক রয়েছে যা হল: বাইকের আসল সংখ্যা + ১২ - ১৮ = <<৪৫=৪৫>>৪৫টি বাইক
বাইকের আসল সংখ্যা = ৪৫-১২+১৮ = <<৪৫-১২+১৮=৫১>>৫১টি বাইক
#### ৫১"
reasoning-0275,reasoning_gold-0041,gold,gold,"প্রথমে, সম্পত্তি কর দেওয়ার আগে বাদল এর কত টাকা আছে তা বের করুন: ৳৪০,০০০ + ৳২,০০০ = ৳<<৪০০০০+২০০০=৪২০০০>>৪২,০০০
তারপর, বিক্রয় কর দেওয়ার আগে বাদল এর  কত টাকা আছে তা বের করুন: ৳৪২,০০০ + ৳৩,০০০ = ৳<<৪২০০০+৩০০০=৪৫০০০>>৪৫,০০০
এরপর, আয়করের পরে তার বেতনের কত শতাংশ বিল রাখে তা বের করুন: ১০০% - ১০% = ৯০%
এখন আমরা জানি যে .৯ ক = ৳৪৫,০০০, যেখানে ক হল বাদল  এর মোট বেতন
এখন আমরা সমীকরণের উভয় দিককে .৯ দ্বারা ভাগ করতে পারি সেই ক = ৳৫০,০০০
#### ৫০০০০"
reasoning-0276,reasoning_hallu-0082,hallucinated,formula_misapplication,"একটি সান্ধ্য চলচিত্রের দাম ৳১০ এবং খাবারের সমন্বয়ের দাম হবে ৳১০ তাই ১০ + ১০ = ৳<<১০+১০=২০>>২০ টাকা 
যদি সে আগের কোনো চলচিত্রে যায়, তাহলে এটি ৳১০ এর সাধারণ টিকিটের মূল্য থেকে ২০% ছাড়, তাই ১০*.২০ = ৳<<১০*.২০=২>>২
যদি সে আগের কোনো চলচিত্রে যায়, তাহলে এটি ৳১০ এর সাধারণ খাবারের মূল্য থেকে ৫০% ছাড়, তাই ১০*.৫০ = ৳<<১০*.৫০=৫>>৫
যদি সে টিকিটের জন্য ৳২ এবং খাবারের জন্য ৳৫ সঞ্চয় করে, তাহলে ২+৫ = ৳<<২+৫=৭>>৭ বাঁচে
#### ৭"
reasoning-0277,reasoning_hallu-0004,hallucinated,arithmetic_slip,"আমরা জানি যে শীর্ষ স্তরে শুধু একটি কেস আছে। যেহেতু প্রতিটি স্তরে উপরের স্তরের তুলনায় প্রতি পাশে আরও একটি কেস রয়েছে, তাই দ্বিতীয় স্তরে ২টি কেস দীর্ঘ।
আমরা ২: ২ কেস * ২ কেস = <<২*২=৪>>৪ কেস বাহুর দৈর্ঘ্য সহ একটি বর্গক্ষেত্রের ক্ষেত্রফল বের করে দ্বিতীয় স্তরের জন্য আমাদের কতগুলি ক্ষেত্রে প্রয়োজন তা বের করতে পারি
তৃতীয় স্তরে প্রতি পাশে তিনটি কেস রয়েছে, তাই আমাদের একটি বর্গক্ষেত্রের ক্ষেত্রফল বের করতে হবে যার পাশের দৈর্ঘ্য ৩: ৩ কেস * ৩ কেস = <<৩*৩=৯>>৯ কেস
চতুর্থ স্তরের একটি পার্শ্ব দৈর্ঘ্য ৪, তাই আমরা ৪ কেস * ৪ কেস = <<৪*৪=১৬>>১৬ কেস সহ এর ক্ষেত্রফল খুঁজে পাই
অবশেষে, আমরা প্রতিটি স্তরে আমাদের প্রয়োজনীয় মামলার সংখ্যা যোগ করি: ১ কেস + ৪ কেস + ৯ কেস + ১৬ কেস = <<১+৪+৯+১৬=৩০>>৩০ কেস
#### ৩০"
reasoning-0278,reasoning_hallu-0143,hallucinated,hallucinated_intermediate_fact,"কম্পাউন্ডে কুকুরের চেয়ে দ্বিগুণ ব্যাঙ রয়েছে, যার অর্থ ১৬০/২ = <<১৬০/২=৮০>>৮০টি কুকুর রয়েছে।
কম্পাউন্ডে ব্যাঙ এবং কুকুরের মোট সংখ্যা ৮০+১৬০ = <<৮০+১৬০=২৪০>>২৪০
বিড়ালের সংখ্যা কুকুরের সংখ্যার ২০% এর কম, যার মানে এখানে ২০/১০০*৮০ = <<২০/১০০*৮০=১৬>>বিড়ালের সংখ্যার চেয়ে ১৬ টি কুকুর বেশি।
অতএব, বিড়ালের সংখ্যা ৮০-১৬ = <<৮০-১৬=৬৪>>৬৪ বিড়াল
কম্পাউন্ডে মোট প্রাণীর সংখ্যা হল ৬৪টি বিড়াল +২৪০ কুকুর এবং ব্যাঙ = <<৬৪+২৪০=৩০৪>>৩০৪টি প্রাণী।
#### ৩০৪"
reasoning-0279,reasoning_hallu-0230,hallucinated,semantic_drift,"মাটিলদা এবং তার বোনেরা প্রত্যেকে ২০টি চকলেট বার/৫ জন = <<২০/৫=৪>>৪টি চকলেট বার/ব্যক্তি পেয়েছে
তারা প্রত্যেকে তাদের বাবাকে ৪/ব্যক্তি/২ = <<৪/২=২>>২টি চকলেট বার/ব্যক্তি দিয়েছে।
তাদের বাবা ২টি চকলেট বার/ব্যক্তি x ৫ জন = <<২*৫=১০>>১০টি চকলেট বার পেয়েছেন
তাদের বাবার ১০টি চকলেট বার ছিল - ৩টি চকলেট বার - ২টি চকলেট বার = <<১০-৩-২=৫>>৫টি চকলেট বার বাকি।
#### ৫"
reasoning-0280,reasoning_hallu-0113,hallucinated,hallucinated_intermediate_fact,"১৮ জন সদস্য থাকবে এবং তিনি সদস্য প্রতি ২টি বিস্কুটের অনুমতি দিতে চান যাতে ১৮*২ = <<১৮*২=৩৬>>৩৬ বিস্কুট
তার বিস্কুট রেসিপি থেকে ৯টি বিস্কুট পাওয়া যায় এবং তাকে ৩৬টি বিস্কুট তৈরি করতে হবে তাই তাকে ৩৬/৯ = <<৩৬/৯=৪>>৪ ব্যাচের বিস্কুট তৈরি করতে হবে
১ ব্যাচ বিস্কুট ১ ১/৪ কাপ ময়দা ব্যবহার করে এবং তাকে ৪ ব্যাচ তৈরি করতে হবে তাই সে ১.২৫*৪ = <<১.২৫*৪=৫>>৫ কাপ ময়দা ব্যবহার করবে
#### ৫"
reasoning-0281,reasoning_hallu-0215,hallucinated,semantic_drift,"যদি ১৮৪টি গরু থাকে, কুকুরের সংখ্যা দ্বিগুণ, তাহলে খামারে ১৮৪/২ =<<১৮৪/২=৯২>>৯২টি কুকুর আছে।
খামার মালিক যখন ১/৪ গরু বিক্রি করার সিদ্ধান্ত নেন, তখন তিনি ১/৪*১৮৪ = ৪৬টি গরু বিক্রি করেন
খামারে অবশিষ্ট মোট গরুর সংখ্যা ১৮৪-৪৬ = <<১৮৪-৪৬=১৩৮>>১৩৮
যদি খামারের মালিকও ৩/৪ কুকুর বিক্রি করেন, তাহলে তিনি ৩/৪*৯২ = <<৩/৪*৯২=৬৯>>৬৯ বিক্রি করেন
খামারে অবশিষ্ট কুকুরের মোট সংখ্যা ৯২-৬৯ = <<৯২-৬৯=২৩>>২৩
খামারে অবশিষ্ট প্রাণীর মোট সংখ্যা ২৩+১৩৮ = <<২৩+১৩৮=১৬১>>১৬১
#### ১৬১"
reasoning-0282,reasoning_gold-0043,gold,gold,"পোর্টারের সাপ্তাহিক আয় হল ৳৮x৫ = ৳<<৮*৫=৪০>>৪০৷
পোর্টারের মাসিক আয় হল ৳৪০x৪= ৳<<৪০*৪=১৬০>>১৬০৷
ওভারটাইমে কাজ করার সময় তিনি যে অতিরিক্ত পরিমাণ উপার্জন করবেন তা হল ৳৮ x ৫০/১০০ = ৳<<৮*৫০/১০০=৪>>৪।
সুতরাং তার ওভারটাইমে সে যে পরিমাণ উপার্জন করবে তা হল ৳৮ + ৳৪ = ৳<<৮+৪=১২>>১২৷
যেহেতু তিনি প্রতি সপ্তাহে একবার ওভারটাইম প্রদান করবেন, তাই মাসে মোট ওভারটাইম বেতন হল ৳১২ x ৪ = ৳<<১২*৪=৪৮>>৪৮।
তাই এক সপ্তাহে তার মোট অর্থ হল ৳১৬০+৳৪৮ = ৳<<১৬০+৪৮=২০৮>>২০৮৷
#### ২০৮"
reasoning-0283,reasoning_hallu-0102,hallucinated,hallucinated_intermediate_fact,"৩২টি টেবিলের অর্ধেক হল ৩২*(১/২) = <<৩২*(১/২)=১৬>>১৬ টেবিল
১৬টি টেবিলে ২টি চেয়ার রয়েছে মোট ১৬*২ = <<১৬*২=৩২>>৩২টি চেয়ারের জন্য
৫টি টেবিলে ৩টি চেয়ার রয়েছে মোট ৫*৩ = <<৫*৩=১৫>>১৫টি চেয়ারের জন্য
৩২-(১৬+৫) = <<৩২-(১৬+৫)=১১>>১১টি টেবিল বাকি আছে
মোট ১১*৪ = <<১১*৪=৪৪>>৪৪টি চেয়ারের জন্য ১১টি টেবিলে ৪টি করে চেয়ার রয়েছে
মোট চেয়ার সংখ্যা ৩২+১৫+৪৪ = <<৩২+১৫+৪৪=৯১>>৯১টি চেয়ার
#### ৯১"
reasoning-0284,reasoning_hallu-0014,hallucinated,arithmetic_slip,"দোকানে প্রতিটি ৳১০ এ বিক্রি হওয়া সিডির সংখ্যা হল ৪০/১০০*২০০ = <<৪০/১০০*২০০=৮০>>৮০
এর মানে হল স্টোর ২০০-৮০ = <<২০০-৮০=১২০>>১২০টি সিডি বিক্রি করে প্রতিটি ৳৫ এ।
মামুন  ১/২*৮০ = <<১/২*৮০=৪০>>৪০টি সিডি কিনেছেন প্রতিটি ৳১০ এ বিক্রি হচ্ছে।
৪০টি সিডি বিক্রির জন্য মামুনের  মোট অর্থের পরিমাণ হল ৳১০ এ বিক্রি হচ্ছে ৳৪০*১০ = ৳<<৪০*১০=৪০০>>৪০০
তিনি যদি প্রতিটি সিডি ৫ টাকাই বিক্রি করে কিনে থাকেন, তাহলে তিনি মোট ৳৫*১২০ = ৳<<৫*১২০=৬০০>>৬০০ টাকা প্রদান করেন।
তার কেনা সমস্ত সিডির জন্য, মামুন  ৳৬০০+৳৪০০= ৳<<৬০০+৪০০=১০০০>>১০০০ খরচ করেছেন
#### ১০০০"
reasoning-0285,reasoning_gold-0009,gold,gold,"কাগজের কভার সংস্করণের জন্য মোট উপার্জন ছিল ৳০.২০ x ৩২ ০০০ = ৳<<০.২০*৩২০০০=৬৪০০>>৬,৪০০৷
সুতরাং, লেখক পেপার কভার সংস্করণ থেকে ৳৬,৪০০ x ৬/১০০ = ৳৩৮৪ উপার্জন করেছেন।
হার্ডকভার সংস্করণের জন্য মোট উপার্জন ছিল ৳০.৪০ x ১৫,০০০ = ৳<<০.৪০*১৫০০০=৬০০০>>৬,০০০৷
সুতরাং, লেখক হার্ডকভার সংস্করণ থেকে ৳৬,০০০ x ১২/১০০ = ৳<<৬০০০*১২/১০০=৭২০>>৭২০ উপার্জন করেছেন।
তাই, লেখক মোট আয় করেছেন ৳৩৮৪ + ৳৭২০ = ৳<<৩৮৪+৭২০=১১০৪>>১১০৪৷
#### ১১০৪"
reasoning-0286,reasoning_hallu-0120,hallucinated,hallucinated_intermediate_fact,"কাগজের কভার সংস্করণের জন্য মোট উপার্জন ছিল ৳০.২০ x ৩২ ০০০ = ৳<<০.২০*৩২০০০=৬৪০০>>৬,৪০০৷
সুতরাং, লেখক পেপার কভার সংস্করণ থেকে ৳৬,৪০০ x ৬/১০০ = ৳৩৮৪ উপার্জন করেছেন।
হার্ডকভার সংস্করণের জন্য মোট উপার্জন ছিল ৳০.৪০ x ১৫,০০০ = ৳<<০.৪০*১৫০০০=৬০০০>>৬,০০০৷
সুতরাং, লেখক হার্ডকভার সংস্করণ থেকে ৳৬,০০০ x ১২/১০০ = ৳<<৬০০০*১২/১০০=৭২০>>৭২০ উপার্জন করেছেন।
তাই, লেখক মোট আয় করেছেন ৳৩৮৪ + ৳৭২০ = ৳<<৩৮৪+৭২০=১১০৪>>১১০৪৷
#### ১১০৪"
reasoning-0287,reasoning_hallu-0112,hallucinated,hallucinated_intermediate_fact,"ডিমের একটি ট্রেতে ৩০টি ডিম থাকে, তাই কামাল  ২/৫*৩০ = <<৩০*২/৫=১২>>১২টি ডিম এনেছে
অন্যদিকে, ফরিদ  পার্টিতে ১/২*৩০ = <<১/২*৩০=১৫>>১৫টি ডিম নিয়ে এসেছে।
কামাল  এবং ফরিদ  সুপ্তির পার্টিতে মোট ডিমের সংখ্যা ১৫+১২ =<<১৫+১২=২৭>>২৭
আমিন  ২৭+৪০ = <<২৭+৪০=৬৭>>৬৭টি ডিম এনেছে, কামাল  এবং ফরিদ  মিলে যে সংখ্যাটি এনেছে তার চেয়ে ৪০টি বেশি।
আমিনের  ডিমের সাথে মোট ছিল ৬৭+২৭ = <<৬৭+২৭=৯৪>>৯৪
সুপ্তির  কাছে দুটি ট্রে থেকে ২*৩০ = <<২*৩০=৬০>>৬০টি ডিম ছিল।
মোট, পার্টিতে ৯৪+৬০ = <<৯৪+৬০=১৫৪>>১৫৪টি ডিম ব্যবহার করা হয়েছিল।
#### ১৫৪"
reasoning-0288,reasoning_hallu-0048,hallucinated,arithmetic_slip,"এমেরির যদি ছয়টি কোয়ার্টার থাকে, তাহলে জাইনের আছে ৬+১০ = <<৬+১০=১৬>>১৬ কোয়ার্টার।
একই সময়ে, জাইনের রয়েছে ৭+১০ = <<৭+১০=১৭>>১৭ ডাইম, এমেরির চেয়ে দশটি বেশি।
জাইনের মোট কোয়ার্টার এবং ডাইমের সংখ্যা হল ১৭+১৬ = <<১৭+১৬=৩৩>>৩৩টি মুদ্রা।
জাইনের এমেরির চেয়ে ১০টি বেশি নিকেল রয়েছে, মোট ১০+৫ = <<১০+৫=১৫>>১৫টি নিকেল।
মোট, জাইনের ৩৩+১৫ = <<৩৩+১৫=৪৮>>৪৮ মুদ্রা রয়েছে।
#### ৪৮"
reasoning-0289,reasoning_hallu-0016,hallucinated,arithmetic_slip,"জাওয়াদের ৭৬টি স্টিকার ছিল এবং তার দাদা-দাদির কাছ থেকে ২৫টি দেওয়া হয়েছিল তাই তার ৭৬ + ২৫ = <<৭৬+২৫=১০১>>১০১টি স্টিকার ছিল
মিনির ৬৩টি স্টিকার ছিল এবং তার দাদা-দাদির কাছ থেকে ২৫টি দেওয়া হয়েছিল তাই তার ৬৩ + ২৫ = <<৬৩+২৫=৮৮>>৮৮টি স্টিকার ছিল
জাওয়াদের  ১০১টি স্টিকার ছিল এবং মিনিরকাছে ৮৮টি স্টিকার ছিল তাই একসঙ্গে, তাদের ১০১ + ৮৮ = <<১০১+৮৮=১৮৯>>১৮৯টি স্টিকার ছিল
#### ১৮৯"
reasoning-0290,reasoning_hallu-0017,hallucinated,arithmetic_slip,"তার পরিবার থেকে ধার করা পরিমাণে, তার মোট ২০+৪০+৩০= <<২০+৪০+৩০=৯০>>৯০ টাকা আছে।
তার নানীর কাছ থেকে উপহার দেওয়া পরিমাণের সাথে, তার ৭০+৯০ = <<৭০+৯০=১৬০>>১৬০ টাকা রয়েছে।
তিনি এটিকে তার সঞ্চয়ে যোগ করেন, মোট ১৬০+১০০ = <<১৬০+১০০=২৬০>>২৬০ টাকা ।
তিনি এই অর্থের ৩/৪ ব্যয় করেন, যা ৩/৪*২৬০ = <<৩/৪*২৬০=১৯৫>>১৯৫ টাকা ।
তার কাছে থাকা মোট ২৬০-১৯৫ = <<২৬০-১৯৫=৬৫>>৬৫ টাকা 
#### ৬৫"
reasoning-0291,reasoning_hallu-0217,hallucinated,semantic_drift,"প্রথমত, জন যদি বোনাস অর্জন করার সিদ্ধান্ত নেয় তাহলে আমাদের তার কাজের দিনের দৈর্ঘ্য নির্ধারণ করতে হবে। তার কর্মদিবসে সে ৮+২= <<৮+২=১০>>১০ ঘন্টা কাজ করে ।
সামগ্রিক নির্ধারিত বেতন হতে  - প্রতিদিন ৮০+২০=<<৮০+২০=১০০>>১০০ টাকার কাজ করে।
তারপরে ১০০/১০= <<১০০/১০=১০>>১০ টাকা প্রতি ঘন্টা কাজ করে তার বেতনকে কাজের ঘন্টার সংখ্যা দিয়ে ভাগ করে তার ঘন্টার হার নির্ধারণ করি।
#### ১০"
reasoning-0292,reasoning_hallu-0045,hallucinated,arithmetic_slip,"যদি অতিথিদের ৪০% মহিলা হয়, তাহলে পার্টিতে ৪০/১০০*২০০ = <<৪০/১০০*২০০=৮০>>৮০ জন মহিলা অতিথি রয়েছে৷
খরগোশের কান পরা মহিলা অতিথির সংখ্যা হল ৮০/১০০* ৮০=<<৮০/১০০*৮০=৬৪>>৬৪
পুরুষ অতিথির সংখ্যা হল ২০০ জন অতিথি - ৮০ জন মহিলা অতিথি = <<২০০-৮০=১২০>>১২০।
যদি ৬০% পুরুষ অতিথি খরগোশের কান পরে থাকে, তাহলে ৬০/১০০ *১২০ = <<৬০/১০০*১২০=৭২>>৭২ জন পুরুষ অতিথি খরগোশের কান পরে থাকে।
খরগোশের কান পরা অতিথিদের মোট সংখ্যা হল ৬৪+৭২ = <<৬৪+৭২=১৩৬>>১৩৬
#### ১৩৬"
reasoning-0293,reasoning_gold-0030,gold,gold,"মতিন  আশরাফ ও  তার বাগদত্তাকে দুই রাতের জন্য একটি বিলাসবহুল হোটেলে নিয়ে যান  যেখানে প্রতি রাতে ৳ ৪০০০ , মোট ২*৳৪০০০ = ৳<<২*৪০০০=৮০০০>>৮০০০
যদি জাফর  তাদের জন্য ৳ ৩০০০০ মূল্যের একটি গাড়িও কিনে থাকেন, তাহলে জাফর  এবং মতিন  এর  কাছ থেকে পাওয়া উপহারের মূল্য ৳৮০০০+৳৩০০০০ = ৳<<৮০০০+৩০০০০=৩৮০০০>>৩৮০০০
এশা তাদের একটি বাড়ি উপহার দিয়েছিলেন যার মূল্য জাফরের দেওয়া উপহারের চারগুণ   , মোট ৪*৳৩০০০০ = ৳<<৪*৩০০০০=১২০০০০>>১২০০০০
আশরাফ এর  বাগদানের দিনে পাওয়া সমস্ত উপহারের  মোট মূল্য হল ৳১২০০০০+৳৩৮০০০ = ৳<<১২০০০০+৩৮০০০=১৫৮০০০>>১৫৮০০০
#### ১৫৮০০০
"
reasoning-0294,reasoning_hallu-0053,hallucinated,formula_misapplication,"২ ঘন্টা অনুশীলনের অর্ধেক হল দৌড়ানো এবং ভারোত্তোলনের জন্য, তাই দৌড়ানো এবং ভারোত্তোলনের সময় হল ১/২ * ২ ঘন্টা = <<২*১/২=১>>১ ঘন্টা।
যদি তার ওজন তোলার সময় হয় x, তাহলে তার রানের সময় হবে ২x।
সুতরাং দৌড়ানো এবং ওজন উত্তোলনের সময় হল x + ২x = ৩x = ১ ঘন্টা
এইভাবে ৩x = ৬০ মিনিট
এইভাবে x = ৬০/৩ = <<৬০/৩=২০>>২০ মিনিট ওজন উত্তোলনে ব্যয় করা হয়েছে।
#### ২০"
reasoning-0295,reasoning_hallu-0072,hallucinated,formula_misapplication,"প্রথমে হট টবে ধারণ করা গ্যালনের সংখ্যা ৪ দ্বারা গুণ করে খুঁজে বের করুন: ৪০ গ্যালন * ৪ কোয়ার্ট/গ্যালন = <<৪০*৪=১৬০>>১৬০ কোয়ার্টস
তারপর ডিসকাউন্টের আগে খরচ বের করতে শ্যাম্পেন জ্যাকসন কেনার কোয়ার্টের সংখ্যাকে বোতল প্রতি স্বাভাবিক মূল্য দিয়ে গুণ করুন: ১৬০ কোয়ার্ট * ৳৫০/quart = ৳<<১৬০*৫০=৮০০০>>৮০০০
তারপর ডিসকাউন্টের পরিমাণ খুঁজে পেতে সেই সংখ্যাটিকে ২০% দ্বারা গুণ করুন: ৳৮০০০*.২ = ৳<<৮০০০*.২=১৬০০>>১৬০০
অবশেষে, জ্যাকসন যে চূড়ান্ত অর্থ প্রদান করেন তা খুঁজে পেতে মোট খরচ থেকে ছাড় বিয়োগ করুন: ৳৮০০০ - ৳১৬০০ = ৳<<৮০০০-১৬০০=৬৪০০>>৬৪০০
#### ৬৪০০"
reasoning-0296,reasoning_hallu-0115,hallucinated,hallucinated_intermediate_fact,"তিনি ২৫০০ ক্যালোরি গ্রহণ করেছেন, যার ৫% যোগ করা হয়েছে চিনি যোগ করার জন্য ২৫০০*(৫/১০০) = <<২৫০০*(৫/১০০)=১২৫>>১২৫ ক্যালরি যোগ করা চিনি।
তিনি ১৫০+(১৫০(১০০/১০০)) = ৳<<১৫০+(১৫০*১০০/১০০)=৩০০>>৩০০ মোট খরচের জন্য প্রস্তাবিত ১৫০ ক্যালোরি গ্রহণের পরিমাণ ১০০% অতিক্রম করেছেন
এর মানে তিনি একা ক্যান্ডি থেকে ৩০০-১২৫ = <<৩০০-১২৫=১৭৫>>১৭৫ ক্যালোরি গ্রহণ করেছেন
প্রতিটি ক্যান্ডিতে ২৫ ক্যালোরি ছিল তাই ১৭৫ ক্যালোরি যার মানে সে ১৭৫/২৫ = <<১৭৫/২৫=৭>>৭ বার ব্যবহার করেছে?
#### ৭"
reasoning-0297,reasoning_hallu-0126,hallucinated,hallucinated_intermediate_fact,"প্রতিটি সম্ভাবনা যাচাই করে, আমরা দেখতে পাচ্ছি যে প্রতিটি পিজ্জাকে ৬টি স্লাইসে ভাগ করলে ৫*৬ = ৩০টি মোট স্লাইস পাওয়া যায়, প্রতিটি পিজ্জাকে ৮টি স্লাইসে ভাগ করলে ৫*৮ = ৪০টি মোট স্লাইস পাওয়া যায় এবং প্রতিটি পিজ্জাকে ১০টি স্লাইসে ভাগ করলে ফলন = ৫*১০ মোট ৫০টি স্লাইস।
যেহেতু প্রতিটি শিশুকে অবশ্যই একই সংখ্যক স্লাইস পেতে হবে, তাই স্লাইসের মোট সংখ্যা অবশ্যই ২০ দ্বারা সমানভাবে বিভাজ্য হতে হবে।
একমাত্র বিকল্প যা এই প্রয়োজনীয়তাকে সন্তুষ্ট করে তা হল পিজ্জাকে ৮টি স্লাইসে বিভক্ত করা, যেমন ৪০/২০ = ২টি স্লাইস প্রতি শিশু। অতএব, মায়ের প্রতিটি পিজ্জাকে ৮ টি স্লাইসে ভাগ করা উচিত।
#### ৮"
reasoning-0298,reasoning_hallu-0141,hallucinated,hallucinated_intermediate_fact,"কাপকেকের অর্ধেক জন্য, সুফিয়ানি প্রতিটি ১টি মোমবাতি ব্যবহার করতে চায়। যেহেতু কাপকেকের অর্ধেক ২৪/২ এবং সে এই অর্ধেক কাপকেকের জন্য ১টি করে মোমবাতি ব্যবহার করার পরিকল্পনা করেছে, সুফিয়ানির প্রয়োজন (২৪/২)*১ = <<২৪/২*১=১২>>এই অর্ধেকটির জন্য ১২টি মোমবাতি কাপ কেক এর
কাপকেকের বাকি অর্ধেকের জন্য, সুফিয়ানি ২টি মোমবাতি ব্যবহার করতে চায়। অতএব, তার প্রয়োজন হবে (২৪/২)*২ =<<২৪/২*২=২৪>>এই অর্ধেক কাপকেকের জন্য ২৪টি মোমবাতি।
যেহেতু সুফিয়ানির অর্ধেক কাপকেকের জন্য ১২টি মোমবাতি এবং অন্য অর্ধেকটির জন্য ২৪টি মোমবাতি প্রয়োজন, তার মোট ১২+২৪=<<১২+২৪=৩৬>>৩৬টি মোমবাতি প্রয়োজন৷
যেহেতু সুফিয়ানির সমস্ত কাপকেক সাজানোর জন্য ৩৬টি মোমবাতি প্রয়োজন এবং তার বর্তমানে ৩০টি মোমবাতি রয়েছে, স্টেফানির ৩৬-৩০= <<৩৬-৩০=৬>>৬টি অতিরিক্ত মোমবাতি প্রয়োজন৷
#### ৬"
reasoning-0299,reasoning_hallu-0013,hallucinated,arithmetic_slip,"যদি জনাব মিলনের ১৪০টি গরু থাকে এবং তাদের মধ্যে ৪০% লাল দাগ থাকে, তাহলে ৪০/১০০*১৪০ = <<১৪০*৪০/১০০=৫৬>>৫৬টি গরুতে লাল দাগ আছে।
লাল দাগ নেই এমন গরুর সংখ্যা হল ১৪০-৫৬ = <<১৪০-৫৬=৮৪>>৮৪টি গরু।
লাল দাগ ছাড়া ৮৪টি গরুর মধ্যে ২৫% টিতে নীল দাগ রয়েছে, মোট ২৫/১০০*৮৪ = <<২৫/১০০*৮৪=২১>>২১টি গরু।
কোন দাগ ছাড়া গরুর সংখ্যা ৮৪-২১ =<<৮৪-২১=৬৩>>৬৩টি প্রাণী।
#### ৬৩"
reasoning-0300,reasoning_hallu-0058,hallucinated,formula_misapplication,"জসিম তার ভাইবোনদের মোট ৩ x ১০ = <<৩*১০=৩০>>৩০ টি ক্যান্ডি দিয়েছেন।
তখন তার কাছে ১০০ - ৩০ = <<১০০-৩০=৭০>>৭০টি ক্যান্ডি বাকি ছিল।
তিনি তার সেরা বন্ধুকে ৭০/২ = <<৭০/২=৩৫>>৩৫টি ক্যান্ডি দিয়েছেন।
তাই তার কাছে ৭০ - ৩৫ = <<৭০-৩৫=৩৫>>৩৫টি ক্যান্ডি বাকি ছিল।
যেহেতু তিনি শুধুমাত্র ১৬টি ক্যান্ডি খেতে চান, এখনও ৩৫টি - ১৬ = <<৩৫-১৬=১৯>>১৯টি ক্যান্ডি বাকি আছে অন্যদের সাথে শেয়ার করার জন্য৷
#### ১৯"
